Time (s),CH1 Voltage (V),CH2 Voltage (V),CH3 Voltage (V),CH4 Voltage (V)
-0.2,-0.2,0.08600000000000001,0.08600000000000001,0.08600000000000001
-0.199996,-0.2,0.078,0.078,0.078
-0.199992,-0.2,0.078,0.078,0.078
-0.199988,0.0,0.09,0.09,0.09
-0.19998400000000002,-0.2,0.07,0.07,0.07
-0.19998000000000002,-0.4,0.082,0.082,0.082
-0.19997600000000001,0.0,0.074,0.074,0.074
-0.199972,0.0,0.09,0.09,0.09
-0.199968,0.0,0.082,0.082,0.082
-0.199964,0.0,0.082,0.082,0.082
-0.19996,0.2,0.08600000000000001,0.08600000000000001,0.08600000000000001
-0.19995600000000002,-0.4,0.074,0.074,0.074
-0.19995200000000002,-0.6000000000000001,0.082,0.082,0.082
-0.19994800000000001,-0.4,0.082,0.082,0.082
-0.199944,0.2,0.078,0.078,0.078
-0.19994,-0.4,0.082,0.082,0.082
-0.199936,-0.2,0.082,0.082,0.082
-0.199932,0.0,0.078,0.078,0.078
-0.19992800000000002,0.0,0.074,0.074,0.074
-0.19992400000000002,0.0,0.074,0.074,0.074
-0.19992000000000001,0.2,0.08600000000000001,0.08600000000000001,0.08600000000000001
-0.199916,0.0,0.09,0.09,0.09
-0.199912,0.0,0.08600000000000001,0.08600000000000001,0.08600000000000001
-0.199908,-0.4,0.066,0.066,0.066
-0.199904,0.0,0.074,0.074,0.074
-0.19990000000000002,0.0,0.08600000000000001,0.08600000000000001,0.08600000000000001
-0.19989600000000002,-0.2,0.082,0.082,0.082
-0.19989200000000001,0.2,0.078,0.078,0.078
-0.199888,0.0,0.08600000000000001,0.08600000000000001,0.08600000000000001
-0.199884,-0.4,0.078,0.078,0.078
-0.19988,0.2,0.07,0.07,0.07
-0.199876,0.0,0.082,0.082,0.082
-0.19987200000000002,-0.4,0.074,0.074,0.074
-0.19986800000000002,-0.2,0.078,0.078,0.078
-0.199864,0.0,0.078,0.078,0.078
-0.19986,0.0,0.08600000000000001,0.08600000000000001,0.08600000000000001
-0.199856,0.0,0.078,0.078,0.078
-0.199852,0.0,0.09,0.09,0.09
-0.199848,0.2,0.078,0.078,0.078
-0.19984400000000002,-0.2,0.082,0.082,0.082
-0.19984000000000002,0.0,0.08600000000000001,0.08600000000000001,0.08600000000000001
-0.199836,0.2,0.074,0.074,0.074
-0.199832,0.0,0.074,0.074,0.074
-0.199828,-0.8,0.08600000000000001,0.08600000000000001,0.08600000000000001
-0.199824,0.0,0.082,0.082,0.082
-0.19982,-0.4,0.082,0.082,0.082
-0.19981600000000002,-0.2,0.078,0.078,0.078
-0.19981200000000002,0.0,0.078,0.078,0.078
-0.199808,0.2,0.09,0.09,0.09
-0.199804,0.4,0.082,0.082,0.082
-0.1998,0.0,0.08600000000000001,0.08600000000000001,0.08600000000000001
-0.199796,-0.4,0.074,0.074,0.074
-0.199792,0.0,0.078,0.078,0.078
-0.19978800000000002,-0.2,0.082,0.082,0.082
-0.19978400000000002,0.0,0.074,0.074,0.074
-0.19978,-0.2,0.082,0.082,0.082
-0.199776,0.0,0.074,0.074,0.074
-0.199772,-0.2,0.078,0.078,0.078
-0.199768,0.0,0.082,0.082,0.082
-0.19976400000000002,0.0,0.078,0.078,0.078
-0.19976000000000002,0.0,0.074,0.074,0.074
-0.19975600000000002,-0.2,0.082,0.082,0.082
-0.199752,-0.2,0.066,0.066,0.066
-0.199748,-0.2,0.078,0.078,0.078
-0.199744,0.0,0.074,0.074,0.074
-0.19974,0.0,0.074,0.074,0.074
-0.19973600000000002,0.0,0.082,0.082,0.082
-0.19973200000000002,-0.2,0.082,0.082,0.082
-0.19972800000000002,-0.2,0.082,0.082,0.082
-0.199724,0.0,0.082,0.082,0.082
-0.19972,0.2,0.082,0.082,0.082
-0.199716,0.0,0.082,0.082,0.082
-0.199712,0.4,0.082,0.082,0.082
-0.19970800000000002,-0.2,0.074,0.074,0.074
-0.19970400000000002,-0.4,0.082,0.082,0.082
-0.19970000000000002,-0.2,0.09,0.09,0.09
-0.199696,0.2,0.082,0.082,0.082
-0.199692,0.0,0.07,0.07,0.07
-0.199688,-0.2,0.074,0.074,0.074
-0.199684,-0.2,0.08600000000000001,0.08600000000000001,0.08600000000000001
-0.19968000000000002,0.0,0.082,0.082,0.082
-0.19967600000000002,0.0,0.07,0.07,0.07
-0.19967200000000002,-0.2,0.082,0.082,0.082
-0.199668,0.0,0.082,0.082,0.082
-0.199664,0.0,0.082,0.082,0.082
-0.19966,0.0,0.078,0.078,0.078
-0.199656,0.2,0.078,0.078,0.078
-0.19965200000000002,-0.4,0.082,0.082,0.082
-0.19964800000000002,0.4,0.09,0.09,0.09
-0.19964400000000002,0.2,0.082,0.082,0.082
-0.19964,0.2,0.08600000000000001,0.08600000000000001,0.08600000000000001
-0.199636,0.0,0.07,0.07,0.07
-0.199632,0.2,0.082,0.082,0.082
-0.199628,0.2,0.078,0.078,0.078
-0.19962400000000002,-0.2,0.082,0.082,0.082
-0.19962000000000002,-0.4,0.07,0.07,0.07
-0.19961600000000002,-0.2,0.08600000000000001,0.08600000000000001,0.08600000000000001
-0.199612,-0.2,0.082,0.082,0.082
-0.199608,-0.2,0.09,0.09,0.09
-0.199604,-0.2,0.082,0.082,0.082
-0.1996,-0.2,0.082,0.082,0.082
-0.19959600000000002,-0.4,0.066,0.066,0.066
-0.19959200000000002,-0.4,0.074,0.074,0.074
-0.19958800000000002,-0.2,0.082,0.082,0.082
-0.199584,-0.4,0.08600000000000001,0.08600000000000001,0.08600000000000001
-0.19958,-0.4,0.08600000000000001,0.08600000000000001,0.08600000000000001
-0.199576,0.0,0.082,0.082,0.082
-0.199572,-0.4,0.08600000000000001,0.08600000000000001,0.08600000000000001
-0.19956800000000002,0.0,0.082,0.082,0.082
-0.19956400000000002,-0.2,0.08600000000000001,0.08600000000000001,0.08600000000000001
-0.19956000000000002,0.0,0.078,0.078,0.078
-0.199556,-0.4,0.082,0.082,0.082
-0.199552,-0.4,0.082,0.082,0.082
-0.199548,-0.2,0.078,0.078,0.078
-0.199544,-0.4,0.078,0.078,0.078
-0.19954000000000002,0.0,0.078,0.078,0.078
-0.19953600000000002,-0.4,0.074,0.074,0.074
-0.19953200000000001,-0.2,0.082,0.082,0.082
-0.199528,-0.2,0.074,0.074,0.074
-0.199524,-0.2,0.082,0.082,0.082
-0.19952,-0.2,0.082,0.082,0.082
-0.199516,0.0,0.08600000000000001,0.08600000000000001,0.08600000000000001
-0.19951200000000002,-0.4,0.08600000000000001,0.08600000000000001,0.08600000000000001
-0.19950800000000002,0.2,0.082,0.082,0.082
-0.19950400000000001,0.0,0.082,0.082,0.082
-0.1995,-0.6000000000000001,0.082,0.082,0.082
-0.199496,0.0,0.078,0.078,0.078
-0.199492,-0.2,0.078,0.078,0.078
-0.199488,-0.2,0.078,0.078,0.078
-0.19948400000000002,0.0,0.082,0.082,0.082
-0.19948000000000002,0.0,0.082,0.082,0.082
-0.19947600000000001,-0.4,0.078,0.078,0.078
-0.199472,-0.2,0.082,0.082,0.082
-0.199468,0.2,0.078,0.078,0.078
-0.199464,-0.2,0.078,0.078,0.078
-0.19946,0.0,0.08600000000000001,0.08600000000000001,0.08600000000000001
-0.19945600000000002,0.0,0.082,0.082,0.082
-0.19945200000000002,-0.8,0.07,0.07,0.07
-0.19944800000000001,-0.4,0.082,0.082,0.082
-0.199444,-0.4,0.08600000000000001,0.08600000000000001,0.08600000000000001
-0.19944,-0.2,0.078,0.078,0.078
-0.199436,-0.4,0.082,0.082,0.082
-0.199432,0.0,0.08600000000000001,0.08600000000000001,0.08600000000000001
-0.19942800000000002,-0.2,0.08600000000000001,0.08600000000000001,0.08600000000000001
-0.19942400000000002,-0.2,0.09,0.09,0.09
-0.19942000000000001,0.0,0.094,0.094,0.094
-0.199416,-0.2,0.08600000000000001,0.08600000000000001,0.08600000000000001
-0.199412,-0.2,0.074,0.074,0.074
-0.199408,0.2,0.08600000000000001,0.08600000000000001,0.08600000000000001
-0.199404,-0.2,0.082,0.082,0.082
-0.19940000000000002,0.0,0.078,0.078,0.078
-0.19939600000000002,0.0,0.07,0.07,0.07
-0.199392,0.2,0.074,0.074,0.074
-0.199388,-0.2,0.082,0.082,0.082
-0.199384,-0.2,0.082,0.082,0.082
-0.19938,-0.6000000000000001,0.08600000000000001,0.08600000000000001,0.08600000000000001
-0.199376,-0.4,0.082,0.082,0.082
-0.19937200000000002,-0.2,0.078,0.078,0.078
-0.19936800000000002,0.0,0.08600000000000001,0.08600000000000001,0.08600000000000001
-0.199364,-0.4,0.07,0.07,0.07
-0.19936,0.0,0.078,0.078,0.078
-0.199356,0.4,0.082,0.082,0.082
-0.199352,-0.4,0.074,0.074,0.074
-0.199348,-0.2,0.08600000000000001,0.08600000000000001,0.08600000000000001
-0.19934400000000002,-0.6000000000000001,0.074,0.074,0.074
-0.19934000000000002,-0.2,0.08600000000000001,0.08600000000000001,0.08600000000000001
-0.199336,-0.2,0.09,0.09,0.09
-0.199332,-0.2,0.082,0.082,0.082
-0.199328,0.0,0.094,0.094,0.094
-0.199324,-0.2,0.07,0.07,0.07
-0.19932000000000002,0.0,0.082,0.082,0.082
-0.19931600000000002,-0.4,0.082,0.082,0.082
-0.19931200000000002,0.0,0.082,0.082,0.082
-0.199308,0.0,0.074,0.074,0.074
-0.199304,0.2,0.082,0.082,0.082
-0.1993,-0.2,0.078,0.078,0.078
-0.199296,-0.2,0.08600000000000001,0.08600000000000001,0.08600000000000001
-0.19929200000000002,0.2,0.082,0.082,0.082
-0.19928800000000002,-0.4,0.078,0.078,0.078
-0.19928400000000002,-0.2,0.08600000000000001,0.08600000000000001,0.08600000000000001
-0.19928,-0.4,0.078,0.078,0.078
-0.199276,0.2,0.074,0.074,0.074
-0.199272,-0.2,0.08600000000000001,0.08600000000000001,0.08600000000000001
-0.199268,0.2,0.082,0.082,0.082
-0.19926400000000002,0.4,0.082,0.082,0.082
-0.19926000000000002,-0.2,0.078,0.078,0.078
-0.19925600000000002,0.4,0.082,0.082,0.082
-0.199252,0.2,0.07,0.07,0.07
-0.199248,-0.2,0.082,0.082,0.082
-0.199244,-0.2,0.078,0.078,0.078
-0.19924,0.2,0.08600000000000001,0.08600000000000001,0.08600000000000001
-0.19923600000000002,-0.4,0.09,0.09,0.09
-0.19923200000000002,0.0,0.082,0.082,0.082
-0.19922800000000002,-0.2,0.078,0.078,0.078
-0.199224,-0.2,0.082,0.082,0.082
-0.19922,-0.4,0.078,0.078,0.078
-0.199216,-0.4,0.082,0.082,0.082
-0.199212,-0.2,0.074,0.074,0.074
-0.19920800000000002,-0.4,0.066,0.066,0.066
-0.19920400000000002,-0.4,0.082,0.082,0.082
-0.19920000000000002,-0.2,0.08600000000000001,0.08600000000000001,0.08600000000000001
-0.199196,-0.2,0.082,0.082,0.082
-0.199192,0.0,0.082,0.082,0.082
-0.199188,-0.2,0.08600000000000001,0.08600000000000001,0.08600000000000001
-0.199184,-0.2,0.08600000000000001,0.08600000000000001,0.08600000000000001
-0.19918000000000002,0.0,0.07,0.07,0.07
-0.19917600000000002,-0.2,0.082,0.082,0.082
-0.19917200000000002,-0.2,0.074,0.074,0.074
-0.199168,0.0,0.082,0.082,0.082
-0.199164,0.0,0.08600000000000001,0.08600000000000001,0.08600000000000001
-0.19916,-0.2,0.078,0.078,0.078
-0.199156,0.0,0.074,0.074,0.074
-0.19915200000000002,0.0,0.09,0.09,0.09
-0.19914800000000002,-0.6000000000000001,0.066,0.066,0.066
-0.19914400000000002,-0.4,0.08600000000000001,0.08600000000000001,0.08600000000000001
-0.19914,0.2,0.078,0.078,0.078
-0.199136,0.0,0.094,0.094,0.094
-0.199132,0.0,0.082,0.082,0.082
-0.199128,-0.4,0.094,0.094,0.094
-0.19912400000000002,-0.6000000000000001,0.078,0.078,0.078
-0.19912000000000002,-0.4,0.082,0.082,0.082
-0.19911600000000002,0.2,0.08600000000000001,0.08600000000000001,0.08600000000000001
-0.199112,-0.4,0.082,0.082,0.082
-0.199108,-0.2,0.082,0.082,0.082
-0.199104,0.4,0.08600000000000001,0.08600000000000001,0.08600000000000001
-0.1991,-0.2,0.082,0.082,0.082
-0.19909600000000002,0.0,0.082,0.082,0.082
-0.19909200000000002,0.0,0.082,0.082,0.082
-0.19908800000000001,0.0,0.08600000000000001,0.08600000000000001,0.08600000000000001
-0.199084,0.2,0.08600000000000001,0.08600000000000001,0.08600000000000001
-0.19908,0.2,0.078,0.078,0.078
-0.199076,-0.2,0.078,0.078,0.078
-0.199072,-0.6000000000000001,0.082,0.082,0.082
-0.19906800000000002,0.2,0.074,0.074,0.074
-0.19906400000000002,0.2,0.09,0.09,0.09
-0.19906000000000001,0.0,0.082,0.082,0.082
-0.199056,-0.2,0.078,0.078,0.078
-0.199052,-0.2,0.078,0.078,0.078
-0.199048,0.0,0.078,0.078,0.078
-0.199044,-0.2,0.082,0.082,0.082
-0.19904000000000002,0.2,0.078,0.078,0.078
-0.19903600000000002,-0.2,0.078,0.078,0.078
-0.19903200000000001,-0.2,0.08600000000000001,0.08600000000000001,0.08600000000000001
-0.199028,-0.8,0.09,0.09,0.09
-0.199024,-0.4,0.082,0.082,0.082
-0.19902,0.2,0.078,0.078,0.078
-0.199016,0.0,0.094,0.094,0.094
-0.19901200000000002,0.0,0.082,0.082,0.082
-0.19900800000000002,0.0,0.07,0.07,0.07
-0.19900400000000001,0.2,0.074,0.074,0.074
-0.199,0.0,0.08600000000000001,0.08600000000000001,0.08600000000000001
-0.198996,0.0,0.078,0.078,0.078
-0.198992,0.4,0.08600000000000001,0.08600000000000001,0.08600000000000001
-0.198988,0.0,0.074,0.074,0.074
-0.19898400000000002,0.0,0.082,0.082,0.082
-0.19898000000000002,0.0,0.09,0.09,0.09
-0.19897600000000001,0.0,0.078,0.078,0.078
-0.198972,-0.2,0.08600000000000001,0.08600000000000001,0.08600000000000001
-0.198968,0.0,0.082,0.082,0.082
-0.198964,-0.4,0.078,0.078,0.078
-0.19896,0.0,0.078,0.078,0.078
-0.19895600000000002,-0.4,0.082,0.082,0.082
-0.19895200000000002,-0.4,0.08600000000000001,0.08600000000000001,0.08600000000000001
-0.198948,0.0,0.09,0.09,0.09
-0.198944,-0.2,0.082,0.082,0.082
-0.19894,-0.4,0.074,0.074,0.074
-0.198936,-0.2,0.074,0.074,0.074
-0.198932,0.0,0.082,0.082,0.082
-0.19892800000000002,0.0,0.082,0.082,0.082
-0.19892400000000002,-0.2,0.066,0.066,0.066
-0.19892,-0.6000000000000001,0.074,0.074,0.074
-0.198916,0.0,0.08600000000000001,0.08600000000000001,0.08600000000000001
-0.198912,0.0,0.082,0.082,0.082
-0.198908,-0.2,0.082,0.082,0.082
-0.198904,-0.6000000000000001,0.08600000000000001,0.08600000000000001,0.08600000000000001
-0.19890000000000002,-0.2,0.08600000000000001,0.08600000000000001,0.08600000000000001
-0.19889600000000002,-0.2,0.078,0.078,0.078
-0.198892,-0.2,0.074,0.074,0.074
-0.198888,-0.2,0.082,0.082,0.082
-0.198884,0.4,0.078,0.078,0.078
-0.19888,0.4,0.078,0.078,0.078
-0.198876,0.2,0.082,0.082,0.082
-0.19887200000000002,-0.6000000000000001,0.078,0.078,0.078
-0.19886800000000002,0.0,0.066,0.066,0.066
-0.198864,-0.2,0.08600000000000001,0.08600000000000001,0.08600000000000001
-0.19886,-0.2,0.09,0.09,0.09
-0.198856,-0.2,0.078,0.078,0.078
-0.198852,-0.2,0.074,0.074,0.074
-0.19884800000000002,-0.2,0.098,0.098,0.098
-0.19884400000000002,0.0,0.066,0.066,0.066
-0.19884000000000002,0.0,0.082,0.082,0.082
-0.198836,-0.2,0.07,0.07,0.07
-0.198832,-0.2,0.08600000000000001,0.08600000000000001,0.08600000000000001
-0.198828,-0.2,0.082,0.082,0.082
-0.198824,0.0,0.074,0.074,0.074
-0.19882000000000002,0.2,0.078,0.078,0.078
-0.19881600000000002,-0.2,0.074,0.074,0.074
-0.19881200000000002,-0.2,0.08600000000000001,0.08600000000000001,0.08600000000000001
-0.198808,-0.2,0.074,0.074,0.074
-0.198804,0.2,0.08600000000000001,0.08600000000000001,0.08600000000000001
-0.1988,-0.4,0.078,0.078,0.078
-0.198796,0.2,0.078,0.078,0.078
-0.19879200000000002,-0.2,0.094,0.094,0.094
-0.19878800000000002,0.2,0.074,0.074,0.074
-0.19878400000000002,0.0,0.066,0.066,0.066
-0.19878,0.0,0.08600000000000001,0.08600000000000001,0.08600000000000001
-0.198776,0.2,0.08600000000000001,0.08600000000000001,0.08600000000000001
-0.198772,0.2,0.074,0.074,0.074
-0.198768,-0.2,0.082,0.082,0.082
-0.19876400000000002,-0.2,0.078,0.078,0.078
-0.19876000000000002,-0.2,0.07,0.07,0.07
-0.19875600000000002,-0.4,0.082,0.082,0.082
-0.198752,0.2,0.078,0.078,0.078
-0.198748,-0.2,0.078,0.078,0.078
-0.198744,0.0,0.082,0.082,0.082
-0.19874,0.0,0.082,0.082,0.082
-0.19873600000000002,-0.6000000000000001,0.074,0.074,0.074
-0.19873200000000002,-0.2,0.082,0.082,0.082
-0.19872800000000002,-0.2,0.082,0.082,0.082
-0.198724,-0.4,0.082,0.082,0.082
-0.19872,-0.2,0.074,0.074,0.074
-0.198716,-0.4,0.078,0.078,0.078
-0.198712,0.0,0.074,0.074,0.074
-0.19870800000000002,0.0,0.074,0.074,0.074
-0.19870400000000002,0.2,0.078,0.078,0.078
-0.19870000000000002,0.0,0.082,0.082,0.082
-0.198696,0.2,0.082,0.082,0.082
-0.198692,0.0,0.08600000000000001,0.08600000000000001,0.08600000000000001
-0.198688,-0.4,0.082,0.082,0.082
-0.198684,-0.2,0.078,0.078,0.078
-0.19868000000000002,-0.2,0.074,0.074,0.074
-0.19867600000000002,0.0,0.08600000000000001,0.08600000000000001,0.08600000000000001
-0.19867200000000002,0.0,0.078,0.078,0.078
-0.198668,-0.4,0.082,0.082,0.082
-0.198664,-0.2,0.07,0.07,0.07
-0.19866,0.0,0.078,0.078,0.078
-0.198656,0.4,0.074,0.074,0.074
-0.19865200000000002,-0.2,0.09,0.09,0.09
-0.19864800000000002,-0.2,0.08600000000000001,0.08600000000000001,0.08600000000000001
-0.19864400000000002,0.2,0.08600000000000001,0.08600000000000001,0.08600000000000001
-0.19864,0.0,0.082,0.082,0.082
-0.198636,0.4,0.074,0.074,0.074
-0.198632,-0.2,0.08600000000000001,0.08600000000000001,0.08600000000000001
-0.198628,0.0,0.09,0.09,0.09
-0.19862400000000002,-0.4,0.078,0.078,0.078
-0.19862000000000002,0.2,0.082,0.082,0.082
-0.19861600000000001,-0.6000000000000001,0.09,0.09,0.09
-0.198612,0.0,0.08600000000000001,0.08600000000000001,0.08600000000000001
-0.198608,-0.2,0.07,0.07,0.07
-0.198604,0.2,0.082,0.082,0.082
-0.1986,0.0,0.074,0.074,0.074
-0.19859600000000002,-0.2,0.074,0.074,0.074
-0.19859200000000002,-0.2,0.074,0.074,0.074
-0.19858800000000001,0.0,0.074,0.074,0.074
-0.198584,-0.4,0.078,0.078,0.078
-0.19858,-0.4,0.074,0.074,0.074
-0.198576,0.0,0.078,0.078,0.078
-0.198572,-0.4,0.09,0.09,0.09
-0.19856800000000002,-0.2,0.07,0.07,0.07
-0.19856400000000002,-0.2,0.082,0.082,0.082
-0.19856000000000001,-0.4,0.08600000000000001,0.08600000000000001,0.08600000000000001
-0.198556,-0.4,0.082,0.082,0.082
-0.198552,-0.6000000000000001,0.08600000000000001,0.08600000000000001,0.08600000000000001
-0.198548,-0.4,0.094,0.094,0.094
-0.198544,0.2,0.074,0.074,0.074
-0.19854000000000002,-0.4,0.074,0.074,0.074
-0.19853600000000002,-0.2,0.082,0.082,0.082
-0.19853200000000001,-0.2,0.08600000000000001,0.08600000000000001,0.08600000000000001
-0.198528,-0.2,0.078,0.078,0.078
-0.198524,0.0,0.09,0.09,0.09
-0.19852,-0.2,0.078,0.078,0.078
-0.198516,0.0,0.08600000000000001,0.08600000000000001,0.08600000000000001
-0.19851200000000002,-0.2,0.07,0.07,0.07
-0.19850800000000002,-0.2,0.078,0.078,0.078
-0.198504,0.2,0.08600000000000001,0.08600000000000001,0.08600000000000001
-0.1985,-0.2,0.082,0.082,0.082
-0.198496,0.0,0.082,0.082,0.082
-0.198492,-0.2,0.082,0.082,0.082
-0.198488,0.0,0.074,0.074,0.074
-0.19848400000000002,0.0,0.082,0.082,0.082
-0.19848000000000002,0.2,0.09,0.09,0.09
-0.198476,-0.6000000000000001,0.082,0.082,0.082
-0.198472,0.0,0.082,0.082,0.082
-0.198468,-0.2,0.082,0.082,0.082
-0.198464,0.0,0.082,0.082,0.082
-0.19846,-0.4,0.074,0.074,0.074
-0.19845600000000002,-0.2,0.09,0.09,0.09
-0.19845200000000002,0.0,0.082,0.082,0.082
-0.198448,-0.2,0.082,0.082,0.082
-0.198444,0.0,0.082,0.082,0.082
-0.19844,0.0,0.082,0.082,0.082
-0.198436,-0.2,0.078,0.078,0.078
-0.198432,0.0,0.078,0.078,0.078
-0.19842800000000002,0.0,0.09,0.09,0.09
-0.19842400000000002,-0.4,0.078,0.078,0.078
-0.19842,-0.2,0.082,0.082,0.082
-0.198416,-0.6000000000000001,0.082,0.082,0.082
-0.198412,0.0,0.074,0.074,0.074
-0.198408,-0.6000000000000001,0.082,0.082,0.082
-0.19840400000000002,0.0,0.082,0.082,0.082
-0.19840000000000002,-0.4,0.078,0.078,0.078
-0.19839600000000002,-0.4,0.066,0.066,0.066
-0.198392,0.0,0.082,0.082,0.082
-0.198388,-0.4,0.09,0.09,0.09
-0.198384,-0.2,0.074,0.074,0.074
-0.19838,0.2,0.082,0.082,0.082
-0.19837600000000002,0.0,0.078,0.078,0.078
-0.19837200000000002,-0.4,0.078,0.078,0.078
-0.19836800000000002,-0.2,0.078,0.078,0.078
-0.198364,-0.4,0.082,0.082,0.082
-0.19836,-0.4,0.082,0.082,0.082
-0.198356,-0.4,0.082,0.082,0.082
-0.198352,-0.4,0.082,0.082,0.082
-0.19834800000000002,0.0,0.078,0.078,0.078
-0.19834400000000002,-0.2,0.082,0.082,0.082
-0.19834000000000002,-0.2,0.082,0.082,0.082
-0.198336,-0.2,0.082,0.082,0.082
-0.198332,-0.2,0.07,0.07,0.07
-0.198328,0.2,0.082,0.082,0.082
-0.198324,0.4,0.082,0.082,0.082
-0.19832000000000002,-0.6000000000000001,0.074,0.074,0.074
-0.19831600000000002,-0.4,0.082,0.082,0.082
-0.19831200000000002,0.2,0.074,0.074,0.074
-0.198308,0.0,0.082,0.082,0.082
-0.198304,0.0,0.08600000000000001,0.08600000000000001,0.08600000000000001
-0.1983,0.0,0.08600000000000001,0.08600000000000001,0.08600000000000001
-0.198296,0.2,0.074,0.074,0.074
-0.19829200000000002,0.0,0.082,0.082,0.082
-0.19828800000000002,0.2,0.078,0.078,0.078
-0.19828400000000002,0.0,0.082,0.082,0.082
-0.19828,0.0,0.08600000000000001,0.08600000000000001,0.08600000000000001
-0.198276,-0.2,0.078,0.078,0.078
-0.198272,0.2,0.074,0.074,0.074
-0.198268,-0.2,0.078,0.078,0.078
-0.19826400000000002,-0.2,0.078,0.078,0.078
-0.19826000000000002,0.0,0.082,0.082,0.082
-0.19825600000000002,0.0,0.082,0.082,0.082
-0.198252,0.0,0.08600000000000001,0.08600000000000001,0.08600000000000001
-0.198248,-0.6000000000000001,0.078,0.078,0.078
-0.198244,0.0,0.074,0.074,0.074
-0.19824,0.0,0.08600000000000001,0.08600000000000001,0.08600000000000001
-0.19823600000000002,-0.2,0.082,0.082,0.082
-0.19823200000000002,0.0,0.082,0.082,0.082
-0.19822800000000002,0.0,0.074,0.074,0.074
-0.198224,0.0,0.09,0.09,0.09
-0.19822,0.0,0.08600000000000001,0.08600000000000001,0.08600000000000001
-0.198216,-0.2,0.082,0.082,0.082
-0.198212,-0.2,0.07,0.07,0.07
-0.19820800000000002,0.2,0.08600000000000001,0.08600000000000001,0.08600000000000001
-0.19820400000000002,0.0,0.08600000000000001,0.08600000000000001,0.08600000000000001
-0.19820000000000002,-0.2,0.082,0.082,0.082
-0.198196,-0.4,0.082,0.082,0.082
-0.198192,0.0,0.082,0.082,0.082
-0.198188,-0.4,0.09,0.09,0.09
-0.198184,0.2,0.078,0.078,0.078
-0.19818000000000002,0.0,0.08600000000000001,0.08600000000000001,0.08600000000000001
-0.19817600000000002,0.2,0.078,0.078,0.078
-0.19817200000000001,0.2,0.082,0.082,0.082
-0.198168,-0.2,0.078,0.078,0.078
-0.198164,-0.2,0.078,0.078,0.078
-0.19816,0.0,0.078,0.078,0.078
-0.198156,0.0,0.074,0.074,0.074
-0.19815200000000002,-0.4,0.09,0.09,0.09
-0.19814800000000002,-0.4,0.08600000000000001,0.08600000000000001,0.08600000000000001
-0.19814400000000001,-0.4,0.074,0.074,0.074
-0.19814,0.0,0.08600000000000001,0.08600000000000001,0.08600000000000001
-0.198136,-0.2,0.08600000000000001,0.08600000000000001,0.08600000000000001
-0.198132,0.2,0.08600000000000001,0.08600000000000001,0.08600000000000001
-0.198128,0.0,0.082,0.082,0.082
-0.19812400000000002,-0.4,0.08600000000000001,0.08600000000000001,0.08600000000000001
-0.19812000000000002,0.2,0.078,0.078,0.078
-0.19811600000000001,0.0,0.082,0.082,0.082
-0.198112,-0.6000000000000001,0.094,0.094,0.094
-0.198108,-0.6000000000000001,0.074,0.074,0.074
-0.198104,-0.2,0.07,0.07,0.07
-0.1981,-0.6000000000000001,0.074,0.074,0.074
-0.19809600000000002,0.2,0.08600000000000001,0.08600000000000001,0.08600000000000001
-0.19809200000000002,0.4,0.078,0.078,0.078
-0.19808800000000001,-0.2,0.08600000000000001,0.08600000000000001,0.08600000000000001
-0.198084,-0.4,0.078,0.078,0.078
-0.19808,-0.2,0.078,0.078,0.078
-0.198076,-0.4,0.078,0.078,0.078
-0.198072,0.2,0.09,0.09,0.09
-0.19806800000000002,-0.6000000000000001,0.09,0.09,0.09
-0.19806400000000002,-0.4,0.07,0.07,0.07
-0.19806,-0.6000000000000001,0.082,0.082,0.082
-0.198056,0.0,0.082,0.082,0.082
-0.198052,-0.2,0.078,0.078,0.078
-0.198048,-0.2,0.082,0.082,0.082
-0.198044,-0.2,0.08600000000000001,0.08600000000000001,0.08600000000000001
-0.19804000000000002,-0.2,0.066,0.066,0.066
-0.19803600000000002,-0.4,0.082,0.082,0.082
-0.198032,0.0,0.07,0.07,0.07
-0.198028,0.0,0.074,0.074,0.074
-0.198024,0.0,0.09,0.09,0.09
-0.19802,0.0,0.074,0.074,0.074
-0.198016,-0.2,0.074,0.074,0.074
-0.19801200000000002,0.0,0.074,0.074,0.074
-0.19800800000000002,0.2,0.08600000000000001,0.08600000000000001,0.08600000000000001
-0.198004,-0.2,0.082,0.082,0.082
-0.198,-0.2,0.066,0.066,0.066
-0.197996,-0.2,0.078,0.078,0.078
-0.197992,0.2,0.074,0.074,0.074
-0.197988,0.0,0.07,0.07,0.07
-0.19798400000000002,-0.2,0.074,0.074,0.074
-0.19798000000000002,0.0,0.082,0.082,0.082
-0.197976,0.0,0.082,0.082,0.082
-0.197972,0.4,0.07,0.07,0.07
-0.197968,-0.6000000000000001,0.08600000000000001,0.08600000000000001,0.08600000000000001
-0.197964,-0.4,0.074,0.074,0.074
-0.19796000000000002,0.0,0.082,0.082,0.082
-0.19795600000000002,-0.2,0.09,0.09,0.09
-0.19795200000000002,0.0,0.08600000000000001,0.08600000000000001,0.08600000000000001
-0.197948,-0.2,0.08600000000000001,0.08600000000000001,0.08600000000000001
-0.197944,0.4,0.08600000000000001,0.08600000000000001,0.08600000000000001
-0.19794,-0.4,0.078,0.078,0.078
-0.197936,-0.2,0.09,0.09,0.09
-0.19793200000000002,0.0,0.08600000000000001,0.08600000000000001,0.08600000000000001
-0.19792800000000002,0.2,0.078,0.078,0.078
-0.19792400000000002,0.0,0.082,0.082,0.082
-0.19792,-0.2,0.08600000000000001,0.08600000000000001,0.08600000000000001
-0.197916,0.0,0.07,0.07,0.07
-0.197912,-0.2,0.082,0.082,0.082
-0.197908,-0.2,0.082,0.082,0.082
-0.19790400000000002,0.0,0.078,0.078,0.078
-0.19790000000000002,-0.4,0.078,0.078,0.078
-0.19789600000000002,-0.4,0.074,0.074,0.074
-0.197892,0.0,0.09,0.09,0.09
-0.197888,0.0,0.074,0.074,0.074
-0.197884,-0.2,0.082,0.082,0.082
-0.19788,0.4,0.074,0.074,0.074
-0.19787600000000002,0.0,0.082,0.082,0.082
-0.19787200000000002,-0.4,0.078,0.078,0.078
-0.19786800000000002,0.0,0.066,0.066,0.066
-0.197864,0.0,0.078,0.078,0.078
-0.19786,-0.2,0.08600000000000001,0.08600000000000001,0.08600000000000001
-0.197856,-0.2,0.07,0.07,0.07
-0.197852,-0.2,0.07,0.07,0.07
-0.19784800000000002,0.0,0.082,0.082,0.082
-0.19784400000000002,-0.4,0.07,0.07,0.07
-0.19784000000000002,0.2,0.074,0.074,0.074
-0.197836,-0.2,0.08600000000000001,0.08600000000000001,0.08600000000000001
-0.197832,-0.2,0.078,0.078,0.078
-0.197828,0.0,0.08600000000000001,0.08600000000000001,0.08600000000000001
-0.197824,0.2,0.078,0.078,0.078
-0.19782000000000002,-0.2,0.07,0.07,0.07
-0.19781600000000002,-0.2,0.078,0.078,0.078
-0.19781200000000002,0.0,0.082,0.082,0.082
-0.197808,0.2,0.078,0.078,0.078
-0.197804,-0.2,0.078,0.078,0.078
-0.1978,0.0,0.078,0.078,0.078
-0.197796,0.2,0.078,0.078,0.078
-0.19779200000000002,0.0,0.074,0.074,0.074
-0.19778800000000002,0.0,0.074,0.074,0.074
-0.19778400000000002,0.0,0.08600000000000001,0.08600000000000001,0.08600000000000001
-0.19778,-0.4,0.09,0.09,0.09
-0.197776,0.0,0.08600000000000001,0.08600000000000001,0.08600000000000001
-0.197772,0.0,0.08600000000000001,0.08600000000000001,0.08600000000000001
-0.197768,0.0,0.082,0.082,0.082
-0.19776400000000002,-0.2,0.078,0.078,0.078
-0.19776000000000002,-0.2,0.082,0.082,0.082
-0.19775600000000002,0.0,0.074,0.074,0.074
-0.197752,0.0,0.07,0.07,0.07
-0.197748,0.0,0.078,0.078,0.078
-0.197744,-0.2,0.078,0.078,0.078
-0.19774,-0.2,0.074,0.074,0.074
-0.19773600000000002,0.2,0.08600000000000001,0.08600000000000001,0.08600000000000001
-0.19773200000000002,-0.2,0.074,0.074,0.074
-0.19772800000000001,-0.2,0.078,0.078,0.078
-0.197724,0.0,0.09,0.09,0.09
-0.19772,0.0,0.078,0.078,0.078
-0.197716,-0.2,0.082,0.082,0.082
-0.197712,-0.2,0.09,0.09,0.09
-0.19770800000000002,0.2,0.082,0.082,0.082
-0.19770400000000002,-0.2,0.078,0.078,0.078
-0.19770000000000001,0.2,0.08600000000000001,0.08600000000000001,0.08600000000000001
-0.197696,0.0,0.082,0.082,0.082
-0.197692,-0.2,0.082,0.082,0.082
-0.197688,-0.2,0.082,0.082,0.082
-0.197684,-0.2,0.082,0.082,0.082
-0.19768000000000002,-0.2,0.078,0.078,0.078
-0.19767600000000002,-0.2,0.082,0.082,0.082
-0.19767200000000001,-0.2,0.08600000000000001,0.08600000000000001,0.08600000000000001
-0.197668,0.2,0.078,0.078,0.078
-0.197664,-0.4,0.078,0.078,0.078
-0.19766,-0.2,0.074,0.074,0.074
-0.197656,0.0,0.078,0.078,0.078
-0.19765200000000002,0.0,0.074,0.074,0.074
-0.19764800000000002,-0.6000000000000001,0.078,0.078,0.078
-0.19764400000000001,0.0,0.078,0.078,0.078
-0.19764,-0.2,0.078,0.078,0.078
-0.197636,-0.4,0.082,0.082,0.082
-0.197632,0.0,0.078,0.078,0.078
-0.197628,-0.2,0.078,0.078,0.078
-0.19762400000000002,-0.2,0.078,0.078,0.078
-0.19762000000000002,-0.2,0.082,0.082,0.082
-0.197616,0.0,0.078,0.078,0.078
-0.197612,0.0,0.066,0.066,0.066
-0.197608,-0.4,0.082,0.082,0.082
-0.197604,-0.4,0.078,0.078,0.078
-0.1976,-0.2,0.074,0.074,0.074
-0.19759600000000002,-0.4,0.09,0.09,0.09
-0.19759200000000002,-0.2,0.082,0.082,0.082
-0.197588,0.0,0.08600000000000001,0.08600000000000001,0.08600000000000001
-0.197584,-0.2,0.078,0.078,0.078
-0.19758,-0.4,0.074,0.074,0.074
-0.197576,0.0,0.082,0.082,0.082
-0.197572,0.2,0.09,0.09,0.09
-0.19756800000000002,-1.0,0.082,0.082,0.082
-0.19756400000000002,-0.2,0.078,0.078,0.078
-0.19756,-0.2,0.078,0.078,0.078
-0.197556,-0.2,0.09,0.09,0.09
-0.197552,0.0,0.074,0.074,0.074
-0.197548,-0.2,0.078,0.078,0.078
-0.197544,0.0,0.078,0.078,0.078
-0.19754000000000002,0.2,0.094,0.094,0.094
-0.19753600000000002,-0.2,0.08600000000000001,0.08600000000000001,0.08600000000000001
-0.197532,0.0,0.082,0.082,0.082
-0.197528,-0.2,0.082,0.082,0.082
-0.197524,0.2,0.082,0.082,0.082
-0.19752,-0.2,0.07,0.07,0.07
-0.19751600000000002,-0.2,0.082,0.082,0.082
-0.19751200000000002,-0.2,0.08600000000000001,0.08600000000000001,0.08600000000000001
-0.19750800000000002,-0.2,0.078,0.078,0.078
-0.197504,0.0,0.082,0.082,0.082
-0.1975,-0.4,0.08600000000000001,0.08600000000000001,0.08600000000000001
-0.197496,-0.4,0.09,0.09,0.09
-0.197492,0.2,0.082,0.082,0.082
-0.19748800000000002,0.0,0.062,0.062,0.062
-0.19748400000000002,0.0,0.074,0.074,0.074
-0.19748000000000002,-0.2,0.08600000000000001,0.08600000000000001,0.08600000000000001
-0.197476,0.0,0.082,0.082,0.082
-0.197472,-0.2,0.078,0.078,0.078
-0.197468,0.4,0.074,0.074,0.074
-0.197464,-0.2,0.07,0.07,0.07
-0.19746000000000002,-0.6000000000000001,0.078,0.078,0.078
-0.19745600000000002,0.0,0.082,0.082,0.082
-0.19745200000000002,0.0,0.078,0.078,0.078
-0.197448,-0.2,0.07,0.07,0.07
-0.197444,-0.2,0.078,0.078,0.078
-0.19744,-0.2,0.094,0.094,0.094
-0.197436,-0.4,0.074,0.074,0.074
-0.19743200000000002,-0.2,0.09,0.09,0.09
-0.19742800000000002,0.2,0.08600000000000001,0.08600000000000001,0.08600000000000001
-0.19742400000000002,-0.2,0.078,0.078,0.078
-0.19742,0.0,0.082,0.082,0.082
-0.197416,0.4,0.09,0.09,0.09
-0.197412,-0.2,0.078,0.078,0.078
-0.197408,-0.2,0.09,0.09,0.09
-0.19740400000000002,-0.2,0.078,0.078,0.078
-0.19740000000000002,-0.4,0.082,0.082,0.082
-0.19739600000000002,0.0,0.08600000000000001,0.08600000000000001,0.08600000000000001
-0.197392,-0.6000000000000001,0.08600000000000001,0.08600000000000001,0.08600000000000001
-0.197388,0.0,0.066,0.066,0.066
-0.197384,0.0,0.08600000000000001,0.08600000000000001,0.08600000000000001
-0.19738,0.2,0.078,0.078,0.078
-0.19737600000000002,-0.2,0.078,0.078,0.078
-0.19737200000000002,0.0,0.082,0.082,0.082
-0.19736800000000002,0.0,0.08600000000000001,0.08600000000000001,0.08600000000000001
-0.197364,0.0,0.074,0.074,0.074
-0.19736,-0.4,0.078,0.078,0.078
-0.197356,-0.4,0.078,0.078,0.078
-0.197352,0.2,0.082,0.082,0.082
-0.19734800000000002,0.2,0.08600000000000001,0.08600000000000001,0.08600000000000001
-0.19734400000000002,-0.2,0.082,0.082,0.082
-0.19734000000000002,0.0,0.078,0.078,0.078
-0.197336,-0.4,0.082,0.082,0.082
-0.197332,-0.6000000000000001,0.082,0.082,0.082
-0.197328,-0.2,0.082,0.082,0.082
-0.197324,-0.2,0.08600000000000001,0.08600000000000001,0.08600000000000001
-0.19732000000000002,0.0,0.074,0.074,0.074
-0.19731600000000002,-0.4,0.074,0.074,0.074
-0.19731200000000002,-0.2,0.08600000000000001,0.08600000000000001,0.08600000000000001
-0.197308,0.0,0.082,0.082,0.082
-0.197304,-0.2,0.074,0.074,0.074
-0.1973,-0.6000000000000001,0.08600000000000001,0.08600000000000001,0.08600000000000001
-0.197296,-0.2,0.082,0.082,0.082
-0.19729200000000002,-0.2,0.074,0.074,0.074
-0.19728800000000002,-0.2,0.082,0.082,0.082
-0.19728400000000001,-0.2,0.07,0.07,0.07
-0.19728,0.0,0.078,0.078,0.078
-0.197276,-0.4,0.094,0.094,0.094
-0.197272,0.0,0.07,0.07,0.07
-0.197268,-0.4,0.08600000000000001,0.08600000000000001,0.08600000000000001
-0.19726400000000002,-0.2,0.08600000000000001,0.08600000000000001,0.08600000000000001
-0.19726000000000002,-0.2,0.082,0.082,0.082
-0.19725600000000001,-0.4,0.078,0.078,0.078
-0.197252,-0.2,0.082,0.082,0.082
-0.197248,-0.2,0.09,0.09,0.09
-0.197244,0.0,0.08600000000000001,0.08600000000000001,0.08600000000000001
-0.19724,-0.2,0.08600000000000001,0.08600000000000001,0.08600000000000001
-0.19723600000000002,0.2,0.098,0.098,0.098
-0.19723200000000002,-0.2,0.08600000000000001,0.08600000000000001,0.08600000000000001
-0.19722800000000001,0.0,0.078,0.078,0.078
-0.197224,-0.2,0.07,0.07,0.07
-0.19722,-0.4,0.082,0.082,0.082
-0.197216,-0.2,0.094,0.094,0.094
-0.197212,-0.4,0.082,0.082,0.082
-0.19720800000000002,0.4,0.082,0.082,0.082
-0.19720400000000002,0.0,0.08600000000000001,0.08600000000000001,0.08600000000000001
-0.19720000000000001,0.0,0.07,0.07,0.07
-0.197196,-0.2,0.082,0.082,0.082
-0.197192,-0.2,0.074,0.074,0.074
-0.197188,-0.4,0.08600000000000001,0.08600000000000001,0.08600000000000001
-0.197184,0.2,0.082,0.082,0.082
-0.19718000000000002,0.4,0.082,0.082,0.082
-0.19717600000000002,0.2,0.07,0.07,0.07
-0.19717200000000001,-0.6000000000000001,0.082,0.082,0.082
-0.197168,0.0,0.09,0.09,0.09
-0.197164,0.0,0.082,0.082,0.082
-0.19716,-0.2,0.074,0.074,0.074
-0.197156,0.4,0.078,0.078,0.078
-0.19715200000000002,0.2,0.082,0.082,0.082
-0.19714800000000002,-0.6000000000000001,0.074,0.074,0.074
-0.197144,-0.2,0.09,0.09,0.09
-0.19714,0.0,0.082,0.082,0.082
-0.197136,0.2,0.082,0.082,0.082
-0.197132,-0.2,0.08600000000000001,0.08600000000000001,0.08600000000000001
-0.197128,-0.4,0.074,0.074,0.074
-0.19712400000000002,0.0,0.074,0.074,0.074
-0.19712000000000002,0.0,0.074,0.074,0.074
-0.197116,0.0,0.082,0.082,0.082
-0.197112,0.0,0.078,0.078,0.078
-0.197108,-0.6000000000000001,0.074,0.074,0.074
-0.197104,0.0,0.09,0.09,0.09
-0.1971,0.0,0.08600000000000001,0.08600000000000001,0.08600000000000001
-0.19709600000000002,-0.2,0.082,0.082,0.082
-0.19709200000000002,-0.4,0.078,0.078,0.078
-0.197088,-0.4,0.082,0.082,0.082
-0.197084,-0.4,0.078,0.078,0.078
-0.19708,0.2,0.08600000000000001,0.08600000000000001,0.08600000000000001
-0.197076,0.0,0.082,0.082,0.082
-0.19707200000000002,-0.2,0.07,0.07,0.07
-0.19706800000000002,-0.4,0.078,0.078,0.078
-0.19706400000000002,-0.6000000000000001,0.08600000000000001,0.08600000000000001,0.08600000000000001
-0.19706,0.0,0.08600000000000001,0.08600000000000001,0.08600000000000001
-0.197056,-0.4,0.078,0.078,0.078
-0.197052,-0.4,0.08600000000000001,0.08600000000000001,0.08600000000000001
-0.197048,-0.2,0.074,0.074,0.074
-0.19704400000000002,-0.4,0.08600000000000001,0.08600000000000001,0.08600000000000001
-0.19704000000000002,-0.2,0.082,0.082,0.082
-0.19703600000000002,0.0,0.082,0.082,0.082
-0.197032,-0.4,0.066,0.066,0.066
-0.197028,0.2,0.074,0.074,0.074
-0.197024,-0.4,0.082,0.082,0.082
-0.19702,-0.2,0.082,0.082,0.082
-0.19701600000000002,-0.8,0.082,0.082,0.082
-0.19701200000000002,-0.4,0.078,0.078,0.078
-0.19700800000000002,-0.2,0.078,0.078,0.078
-0.197004,-0.2,0.08600000000000001,0.08600000000000001,0.08600000000000001
-0.197,-0.4,0.082,0.082,0.082
-0.196996,-0.2,0.082,0.082,0.082
-0.196992,-0.2,0.074,0.074,0.074
-0.19698800000000002,-0.2,0.082,0.082,0.082
-0.19698400000000002,-0.8,0.082,0.082,0.082
-0.19698000000000002,-0.6000000000000001,0.078,0.078,0.078
-0.196976,-0.2,0.078,0.078,0.078
-0.196972,-0.6000000000000001,0.082,0.082,0.082
-0.196968,-0.4,0.074,0.074,0.074
-0.196964,0.0,0.078,0.078,0.078
-0.19696000000000002,-0.2,0.082,0.082,0.082
-0.19695600000000002,0.0,0.082,0.082,0.082
-0.19695200000000002,-0.2,0.074,0.074,0.074
-0.196948,-0.4,0.066,0.066,0.066
-0.196944,0.2,0.082,0.082,0.082
-0.19694,0.2,0.082,0.082,0.082
-0.196936,-0.2,0.078,0.078,0.078
-0.19693200000000002,-0.2,0.08600000000000001,0.08600000000000001,0.08600000000000001
-0.19692800000000002,-0.2,0.082,0.082,0.082
-0.19692400000000002,-0.4,0.082,0.082,0.082
-0.19692,0.0,0.082,0.082,0.082
-0.196916,-0.2,0.09,0.09,0.09
-0.196912,-0.4,0.08600000000000001,0.08600000000000001,0.08600000000000001
-0.196908,-0.2,0.08600000000000001,0.08600000000000001,0.08600000000000001
-0.19690400000000002,-0.2,0.082,0.082,0.082
-0.19690000000000002,0.0,0.074,0.074,0.074
-0.19689600000000002,0.0,0.082,0.082,0.082
-0.196892,0.0,0.074,0.074,0.074
-0.196888,0.0,0.074,0.074,0.074
-0.196884,-0.2,0.07,0.07,0.07
-0.19688,-0.4,0.08600000000000001,0.08600000000000001,0.08600000000000001
-0.19687600000000002,0.2,0.078,0.078,0.078
-0.19687200000000002,-0.4,0.082,0.082,0.082
-0.19686800000000002,0.4,0.08600000000000001,0.08600000000000001,0.08600000000000001
-0.196864,0.2,0.078,0.078,0.078
-0.19686,0.0,0.082,0.082,0.082
-0.196856,-0.4,0.078,0.078,0.078
-0.196852,0.2,0.098,0.098,0.098
-0.19684800000000002,-0.4,0.09,0.09,0.09
-0.19684400000000002,-0.2,0.074,0.074,0.074
-0.19684000000000001,0.0,0.074,0.074,0.074
-0.196836,-0.2,0.074,0.074,0.074
-0.196832,0.0,0.08600000000000001,0.08600000000000001,0.08600000000000001
-0.196828,-0.2,0.094,0.094,0.094
-0.196824,-0.4,0.082,0.082,0.082
-0.19682000000000002,0.2,0.082,0.082,0.082
-0.19681600000000002,-0.2,0.078,0.078,0.078
-0.19681200000000001,-0.2,0.082,0.082,0.082
-0.196808,-0.2,0.078,0.078,0.078
-0.196804,0.0,0.078,0.078,0.078
-0.1968,-0.4,0.078,0.078,0.078
-0.196796,-0.4,0.078,0.078,0.078
-0.19679200000000002,-0.2,0.074,0.074,0.074
-0.19678800000000002,-0.2,0.078,0.078,0.078
-0.19678400000000001,-0.2,0.078,0.078,0.078
-0.19678,-0.2,0.074,0.074,0.074
-0.196776,-0.4,0.078,0.078,0.078
-0.196772,-0.4,0.082,0.082,0.082
-0.196768,0.2,0.074,0.074,0.074
-0.19676400000000002,0.0,0.082,0.082,0.082
-0.19676000000000002,-0.2,0.082,0.082,0.082
-0.19675600000000001,0.0,0.082,0.082,0.082
-0.196752,-0.6000000000000001,0.074,0.074,0.074
-0.196748,-0.2,0.074,0.074,0.074
-0.196744,-0.2,0.082,0.082,0.082
-0.19674,-0.4,0.07,0.07,0.07
-0.19673600000000002,-0.2,0.07,0.07,0.07
-0.19673200000000002,0.0,0.082,0.082,0.082
-0.19672800000000001,0.0,0.082,0.082,0.082
-0.196724,0.0,0.08600000000000001,0.08600000000000001,0.08600000000000001
-0.19672,-0.4,0.078,0.078,0.078
-0.196716,0.0,0.078,0.078,0.078
-0.196712,-0.2,0.08600000000000001,0.08600000000000001,0.08600000000000001
-0.19670800000000002,-0.6000000000000001,0.09,0.09,0.09
-0.19670400000000002,0.0,0.074,0.074,0.074
-0.1967,0.0,0.082,0.082,0.082
-0.196696,-0.2,0.082,0.082,0.082
-0.196692,-0.2,0.074,0.074,0.074
-0.196688,-0.2,0.082,0.082,0.082
-0.196684,-0.2,0.078,0.078,0.078
-0.19668000000000002,0.0,0.08600000000000001,0.08600000000000001,0.08600000000000001
-0.19667600000000002,0.0,0.082,0.082,0.082
-0.196672,-0.4,0.082,0.082,0.082
-0.196668,-0.2,0.066,0.066,0.066
-0.196664,-0.2,0.082,0.082,0.082
-0.19666,-0.6000000000000001,0.082,0.082,0.082
-0.196656,0.0,0.066,0.066,0.066
-0.19665200000000002,-0.4,0.078,0.078,0.078
-0.19664800000000002,0.0,0.082,0.082,0.082
-0.196644,-0.2,0.078,0.078,0.078
-0.19664,0.2,0.08600000000000001,0.08600000000000001,0.08600000000000001
-0.196636,0.2,0.082,0.082,0.082
-0.196632,0.0,0.074,0.074,0.074
-0.19662800000000002,-0.2,0.08600000000000001,0.08600000000000001,0.08600000000000001
-0.19662400000000002,0.0,0.082,0.082,0.082
-0.19662000000000002,0.2,0.08600000000000001,0.08600000000000001,0.08600000000000001
-0.196616,-0.2,0.08600000000000001,0.08600000000000001,0.08600000000000001
-0.196612,-0.2,0.082,0.082,0.082
-0.196608,-0.2,0.074,0.074,0.074
-0.196604,0.0,0.074,0.074,0.074
-0.19660000000000002,0.0,0.082,0.082,0.082
-0.19659600000000002,-0.2,0.082,0.082,0.082
-0.19659200000000002,0.0,0.074,0.074,0.074
-0.196588,-0.2,0.078,0.078,0.078
-0.196584,-0.2,0.066,0.066,0.066
-0.19658,-0.2,0.08600000000000001,0.08600000000000001,0.08600000000000001
-0.196576,-0.2,0.078,0.078,0.078
-0.19657200000000002,-0.2,0.074,0.074,0.074
-0.19656800000000002,-0.2,0.074,0.074,0.074
-0.19656400000000002,0.2,0.09,0.09,0.09
-0.19656,0.4,0.07,0.07,0.07
-0.196556,0.2,0.08600000000000001,0.08600000000000001,0.08600000000000001
-0.196552,0.2,0.082,0.082,0.082
-0.196548,-0.2,0.08600000000000001,0.08600000000000001,0.08600000000000001
-0.19654400000000002,-0.2,0.078,0.078,0.078
-0.19654000000000002,0.2,0.078,0.078,0.078
-0.19653600000000002,0.2,0.078,0.078,0.078
-0.196532,0.0,0.078,0.078,0.078
-0.196528,-0.4,0.074,0.074,0.074
-0.196524,0.0,0.08600000000000001,0.08600000000000001,0.08600000000000001
-0.19652,-0.2,0.082,0.082,0.082
-0.19651600000000002,0.0,0.082,0.082,0.082
-0.19651200000000002,0.0,0.078,0.078,0.078
-0.19650800000000002,0.2,0.08600000000000001,0.08600000000000001,0.08600000000000001
-0.196504,-0.4,0.082,0.082,0.082
-0.1965,0.0,0.082,0.082,0.082
-0.196496,-0.2,0.08600000000000001,0.08600000000000001,0.08600000000000001
-0.196492,0.0,0.07,0.07,0.07
-0.19648800000000002,-0.2,0.074,0.074,0.074
-0.19648400000000002,0.0,0.082,0.082,0.082
-0.19648000000000002,-0.2,0.08600000000000001,0.08600000000000001,0.08600000000000001
-0.196476,0.0,0.08600000000000001,0.08600000000000001,0.08600000000000001
-0.196472,-0.2,0.09,0.09,0.09
-0.196468,-0.4,0.078,0.078,0.078
-0.196464,-0.4,0.074,0.074,0.074
-0.19646000000000002,-0.2,0.082,0.082,0.082
-0.19645600000000002,0.0,0.082,0.082,0.082
-0.19645200000000002,-0.2,0.08600000000000001,0.08600000000000001,0.08600000000000001
-0.196448,-0.2,0.08600000000000001,0.08600000000000001,0.08600000000000001
-0.196444,0.0,0.082,0.082,0.082
-0.19644,0.0,0.08600000000000001,0.08600000000000001,0.08600000000000001
-0.196436,-0.2,0.08600000000000001,0.08600000000000001,0.08600000000000001
-0.19643200000000002,-0.2,0.09,0.09,0.09
-0.19642800000000002,-0.2,0.074,0.074,0.074
-0.19642400000000002,-0.4,0.078,0.078,0.078
-0.19642,-0.2,0.082,0.082,0.082
-0.196416,-0.4,0.078,0.078,0.078
-0.196412,-0.2,0.082,0.082,0.082
-0.196408,-0.4,0.078,0.078,0.078
-0.19640400000000002,0.4,0.074,0.074,0.074
-0.19640000000000002,-0.2,0.074,0.074,0.074
-0.19639600000000002,0.0,0.078,0.078,0.078
-0.196392,0.0,0.08600000000000001,0.08600000000000001,0.08600000000000001
-0.196388,0.0,0.082,0.082,0.082
-0.196384,0.2,0.082,0.082,0.082
-0.19638,0.2,0.08600000000000001,0.08600000000000001,0.08600000000000001
-0.19637600000000002,-0.4,0.078,0.078,0.078
-0.19637200000000002,-0.2,0.082,0.082,0.082
-0.19636800000000001,-0.2,0.078,0.078,0.078
-0.196364,0.0,0.094,0.094,0.094
-0.19636,0.2,0.08600000000000001,0.08600000000000001,0.08600000000000001
-0.196356,0.0,0.094,0.094,0.094
-0.196352,-0.2,0.078,0.078,0.078
-0.19634800000000002,-0.4,0.078,0.078,0.078
-0.19634400000000002,-0.4,0.08600000000000001,0.08600000000000001,0.08600000000000001
-0.19634000000000001,-0.2,0.082,0.082,0.082
-0.196336,0.0,0.082,0.082,0.082
-0.196332,-0.2,0.078,0.078,0.078
-0.196328,-0.2,0.09,0.09,0.09
-0.196324,0.0,0.082,0.082,0.082
-0.19632000000000002,-0.2,0.09,0.09,0.09
-0.19631600000000002,-0.4,0.082,0.082,0.082
-0.19631200000000001,0.0,0.082,0.082,0.082
-0.196308,0.0,0.09,0.09,0.09
-0.196304,0.0,0.078,0.078,0.078
-0.1963,0.0,0.08600000000000001,0.08600000000000001,0.08600000000000001
-0.196296,0.0,0.082,0.082,0.082
-0.19629200000000002,0.2,0.074,0.074,0.074
-0.19628800000000002,0.0,0.062,0.062,0.062
-0.19628400000000001,-0.2,0.09,0.09,0.09
-0.19628,-0.2,0.082,0.082,0.082
-0.196276,-0.4,0.078,0.078,0.078
-0.196272,0.0,0.078,0.078,0.078
-0.196268,0.0,0.078,0.078,0.078
-0.19626400000000002,-0.2,0.07,0.07,0.07
-0.19626000000000002,0.2,0.078,0.078,0.078
-0.196256,-0.2,0.082,0.082,0.082
-0.196252,0.0,0.082,0.082,0.082
-0.196248,-0.6000000000000001,0.078,0.078,0.078
-0.196244,-0.4,0.082,0.082,0.082
-0.19624,0.0,0.078,0.078,0.078
-0.19623600000000002,-0.6000000000000001,0.082,0.082,0.082
-0.19623200000000002,-0.2,0.07,0.07,0.07
-0.196228,-0.8,0.082,0.082,0.082
-0.196224,0.2,0.082,0.082,0.082
-0.19622,0.0,0.082,0.082,0.082
-0.196216,-0.6000000000000001,0.078,0.078,0.078
-0.196212,-0.2,0.078,0.078,0.078
-0.19620800000000002,-0.2,0.082,0.082,0.082
-0.19620400000000002,-0.6000000000000001,0.09,0.09,0.09
-0.1962,-0.6000000000000001,0.078,0.078,0.078
-0.196196,-0.2,0.082,0.082,0.082
-0.196192,0.0,0.08600000000000001,0.08600000000000001,0.08600000000000001
-0.196188,0.0,0.078,0.078,0.078
-0.19618400000000003,0.0,0.082,0.082,0.082
-0.19618000000000002,-0.2,0.082,0.082,0.082
-0.19617600000000002,0.2,0.08600000000000001,0.08600000000000001,0.08600000000000001
-0.196172,-0.2,0.07,0.07,0.07
-0.196168,-0.4,0.082,0.082,0.082
-0.196164,-0.2,0.082,0.082,0.082
-0.19616,-0.2,0.082,0.082,0.082
-0.19615600000000002,-0.2,0.074,0.074,0.074
-0.19615200000000002,-0.2,0.082,0.082,0.082
-0.19614800000000002,-0.2,0.082,0.082,0.082
-0.196144,0.0,0.082,0.082,0.082
-0.19614,-0.4,0.078,0.078,0.078
-0.196136,0.0,0.074,0.074,0.074
-0.196132,-0.2,0.082,0.082,0.082
-0.19612800000000002,-0.2,0.082,0.082,0.082
-0.19612400000000002,-0.2,0.078,0.078,0.078
-0.19612000000000002,-0.4,0.078,0.078,0.078
-0.196116,-0.6000000000000001,0.082,0.082,0.082
-0.196112,-0.2,0.08600000000000001,0.08600000000000001,0.08600000000000001
-0.196108,-0.2,0.074,0.074,0.074
-0.196104,-0.4,0.082,0.082,0.082
-0.19610000000000002,0.0,0.074,0.074,0.074
-0.19609600000000002,-0.2,0.082,0.082,0.082
-0.19609200000000002,-0.2,0.08600000000000001,0.08600000000000001,0.08600000000000001
-0.196088,-0.2,0.078,0.078,0.078
-0.196084,-0.4,0.074,0.074,0.074
-0.19608,-0.2,0.078,0.078,0.078
-0.196076,-0.6000000000000001,0.08600000000000001,0.08600000000000001,0.08600000000000001
-0.19607200000000002,-0.2,0.074,0.074,0.074
-0.19606800000000002,0.0,0.078,0.078,0.078
-0.19606400000000002,-0.2,0.08600000000000001,0.08600000000000001,0.08600000000000001
-0.19606,0.2,0.08600000000000001,0.08600000000000001,0.08600000000000001
-0.196056,-0.2,0.082,0.082,0.082
-0.196052,-0.4,0.066,0.066,0.066
-0.196048,-0.2,0.082,0.082,0.082
-0.19604400000000002,0.2,0.08600000000000001,0.08600000000000001,0.08600000000000001
-0.19604000000000002,-0.2,0.08600000000000001,0.08600000000000001,0.08600000000000001
-0.19603600000000002,0.0,0.09,0.09,0.09
-0.196032,0.0,0.082,0.082,0.082
-0.196028,-0.2,0.082,0.082,0.082
-0.196024,-0.2,0.078,0.078,0.078
-0.19602,0.2,0.08600000000000001,0.08600000000000001,0.08600000000000001
-0.19601600000000002,0.0,0.08600000000000001,0.08600000000000001,0.08600000000000001
-0.19601200000000002,0.0,0.082,0.082,0.082
-0.19600800000000002,0.2,0.08600000000000001,0.08600000000000001,0.08600000000000001
-0.196004,0.2,0.08600000000000001,0.08600000000000001,0.08600000000000001
-0.196,0.0,0.074,0.074,0.074
-0.195996,0.2,0.07,0.07,0.07
-0.195992,0.0,0.074,0.074,0.074
-0.19598800000000002,-0.4,0.082,0.082,0.082
-0.19598400000000002,0.0,0.08600000000000001,0.08600000000000001,0.08600000000000001
-0.19598000000000002,-0.2,0.078,0.078,0.078
-0.195976,0.2,0.08600000000000001,0.08600000000000001,0.08600000000000001
-0.195972,-0.4,0.074,0.074,0.074
-0.195968,-0.2,0.082,0.082,0.082
-0.195964,0.0,0.07,0.07,0.07
-0.19596000000000002,-0.2,0.074,0.074,0.074
-0.19595600000000002,-0.2,0.07,0.07,0.07
-0.19595200000000002,-0.2,0.08600000000000001,0.08600000000000001,0.08600000000000001
-0.195948,-0.2,0.078,0.078,0.078
-0.195944,0.0,0.074,0.074,0.074
-0.19594,-0.4,0.082,0.082,0.082
-0.195936,0.0,0.078,0.078,0.078
-0.19593200000000002,0.2,0.09,0.09,0.09
-0.19592800000000002,-0.2,0.082,0.082,0.082
-0.19592400000000001,-0.2,0.074,0.074,0.074
-0.19592,0.0,0.078,0.078,0.078
-0.195916,-0.4,0.078,0.078,0.078
-0.195912,-0.2,0.08600000000000001,0.08600000000000001,0.08600000000000001
-0.195908,0.0,0.08600000000000001,0.08600000000000001,0.08600000000000001
-0.19590400000000002,0.0,0.078,0.078,0.078
-0.19590000000000002,0.0,0.08600000000000001,0.08600000000000001,0.08600000000000001
-0.19589600000000001,-0.2,0.078,0.078,0.078
-0.195892,-0.4,0.078,0.078,0.078
-0.195888,-0.4,0.08600000000000001,0.08600000000000001,0.08600000000000001
-0.195884,-0.2,0.082,0.082,0.082
-0.19588,0.2,0.09,0.09,0.09
-0.19587600000000002,0.4,0.078,0.078,0.078
-0.19587200000000002,-0.4,0.078,0.078,0.078
-0.19586800000000001,0.0,0.07,0.07,0.07
-0.195864,-0.2,0.09,0.09,0.09
-0.19586,-0.2,0.09,0.09,0.09
-0.195856,-0.4,0.078,0.078,0.078
-0.195852,0.2,0.08600000000000001,0.08600000000000001,0.08600000000000001
-0.19584800000000002,-0.2,0.07,0.07,0.07
-0.19584400000000002,-0.4,0.082,0.082,0.082
-0.19584000000000001,-0.2,0.082,0.082,0.082
-0.195836,-0.2,0.082,0.082,0.082
-0.195832,0.0,0.078,0.078,0.078
-0.195828,0.0,0.078,0.078,0.078
-0.195824,-0.4,0.09,0.09,0.09
-0.19582000000000002,0.0,0.07,0.07,0.07
-0.19581600000000002,-0.2,0.078,0.078,0.078
-0.195812,0.0,0.08600000000000001,0.08600000000000001,0.08600000000000001
-0.195808,-0.4,0.08600000000000001,0.08600000000000001,0.08600000000000001
-0.195804,-0.4,0.074,0.074,0.074
-0.1958,0.4,0.074,0.074,0.074
-0.19579600000000003,-0.2,0.082,0.082,0.082
-0.19579200000000002,-0.2,0.082,0.082,0.082
-0.19578800000000002,-0.2,0.078,0.078,0.078
-0.195784,0.0,0.08600000000000001,0.08600000000000001,0.08600000000000001
-0.19578,0.2,0.07,0.07,0.07
-0.195776,0.0,0.078,0.078,0.078
-0.195772,0.0,0.08600000000000001,0.08600000000000001,0.08600000000000001
-0.195768,0.2,0.066,0.066,0.066
-0.19576400000000002,-0.2,0.082,0.082,0.082
-0.19576000000000002,-0.4,0.09,0.09,0.09
-0.195756,-0.2,0.078,0.078,0.078
-0.195752,0.0,0.094,0.094,0.094
-0.195748,-0.4,0.078,0.078,0.078
-0.195744,-0.2,0.08600000000000001,0.08600000000000001,0.08600000000000001
-0.19574000000000003,0.0,0.08600000000000001,0.08600000000000001,0.08600000000000001
-0.19573600000000002,-0.2,0.074,0.074,0.074
-0.19573200000000002,-0.2,0.078,0.078,0.078
-0.195728,0.0,0.08600000000000001,0.08600000000000001,0.08600000000000001
-0.195724,-0.2,0.08600000000000001,0.08600000000000001,0.08600000000000001
-0.19572,-0.4,0.078,0.078,0.078
-0.195716,-0.4,0.066,0.066,0.066
-0.195712,-0.2,0.09,0.09,0.09
-0.19570800000000002,0.0,0.082,0.082,0.082
-0.19570400000000002,0.4,0.078,0.078,0.078
-0.1957,-0.6000000000000001,0.078,0.078,0.078
-0.195696,-0.2,0.078,0.078,0.078
-0.195692,0.0,0.08600000000000001,0.08600000000000001,0.08600000000000001
-0.195688,0.2,0.082,0.082,0.082
-0.19568400000000002,-0.2,0.078,0.078,0.078
-0.19568000000000002,0.0,0.074,0.074,0.074
-0.19567600000000002,0.4,0.078,0.078,0.078
-0.195672,-0.2,0.08600000000000001,0.08600000000000001,0.08600000000000001
-0.195668,0.0,0.07,0.07,0.07
-0.195664,0.0,0.074,0.074,0.074
-0.19566,-0.4,0.08600000000000001,0.08600000000000001,0.08600000000000001
-0.19565600000000002,0.2,0.078,0.078,0.078
-0.19565200000000002,0.0,0.08600000000000001,0.08600000000000001,0.08600000000000001
-0.19564800000000002,0.0,0.08600000000000001,0.08600000000000001,0.08600000000000001
-0.195644,0.0,0.074,0.074,0.074
-0.19564,0.0,0.078,0.078,0.078
-0.195636,-0.4,0.078,0.078,0.078
-0.195632,-0.6000000000000001,0.08600000000000001,0.08600000000000001,0.08600000000000001
-0.19562800000000002,-0.4,0.078,0.078,0.078
-0.19562400000000002,0.0,0.082,0.082,0.082
-0.19562000000000002,-0.2,0.074,0.074,0.074
-0.195616,-0.4,0.094,0.094,0.094
-0.195612,-0.2,0.098,0.098,0.098
-0.195608,0.2,0.078,0.078,0.078
-0.195604,-0.2,0.078,0.078,0.078
-0.19560000000000002,-0.4,0.082,0.082,0.082
-0.19559600000000002,0.0,0.082,0.082,0.082
-0.19559200000000002,-0.2,0.08600000000000001,0.08600000000000001,0.08600000000000001
-0.195588,0.2,0.082,0.082,0.082
-0.195584,0.0,0.09,0.09,0.09
-0.19558,0.0,0.074,0.074,0.074
-0.195576,-0.2,0.082,0.082,0.082
-0.19557200000000002,-0.2,0.078,0.078,0.078
-0.19556800000000002,-0.2,0.082,0.082,0.082
-0.19556400000000002,0.0,0.08600000000000001,0.08600000000000001,0.08600000000000001
-0.19556,-0.2,0.08600000000000001,0.08600000000000001,0.08600000000000001
-0.195556,-0.2,0.082,0.082,0.082
-0.195552,-0.4,0.08600000000000001,0.08600000000000001,0.08600000000000001
-0.195548,-0.2,0.082,0.082,0.082
-0.19554400000000002,-0.2,0.09,0.09,0.09
-0.19554000000000002,-0.4,0.074,0.074,0.074
-0.19553600000000002,0.0,0.082,0.082,0.082
-0.195532,-0.2,0.082,0.082,0.082
-0.195528,0.0,0.074,0.074,0.074
-0.195524,0.0,0.082,0.082,0.082
-0.19552,0.0,0.074,0.074,0.074
-0.19551600000000002,0.2,0.07,0.07,0.07
-0.19551200000000002,0.2,0.078,0.078,0.078
-0.19550800000000002,0.4,0.078,0.078,0.078
-0.195504,0.0,0.078,0.078,0.078
-0.1955,0.0,0.08600000000000001,0.08600000000000001,0.08600000000000001
-0.195496,0.0,0.082,0.082,0.082
-0.195492,0.2,0.09,0.09,0.09
-0.19548800000000002,-0.4,0.082,0.082,0.082
-0.19548400000000002,-0.2,0.082,0.082,0.082
-0.19548000000000001,0.2,0.078,0.078,0.078
-0.195476,0.0,0.09,0.09,0.09
-0.195472,0.0,0.08600000000000001,0.08600000000000001,0.08600000000000001
-0.195468,-0.2,0.08600000000000001,0.08600000000000001,0.08600000000000001
-0.195464,0.2,0.078,0.078,0.078
-0.19546000000000002,-0.2,0.082,0.082,0.082
-0.19545600000000002,-0.2,0.08600000000000001,0.08600000000000001,0.08600000000000001
-0.19545200000000001,-0.2,0.082,0.082,0.082
-0.195448,-0.4,0.08600000000000001,0.08600000000000001,0.08600000000000001
-0.195444,-0.4,0.082,0.082,0.082
-0.19544,-0.4,0.074,0.074,0.074
-0.195436,-0.2,0.074,0.074,0.074
-0.19543200000000002,-0.2,0.082,0.082,0.082
-0.19542800000000002,0.0,0.066,0.066,0.066
-0.19542400000000001,-0.4,0.082,0.082,0.082
-0.19542,0.2,0.082,0.082,0.082
-0.195416,-0.4,0.082,0.082,0.082
-0.195412,0.0,0.082,0.082,0.082
-0.195408,-0.4,0.08600000000000001,0.08600000000000001,0.08600000000000001
-0.19540400000000002,-0.2,0.08600000000000001,0.08600000000000001,0.08600000000000001
-0.19540000000000002,-0.4,0.082,0.082,0.082
-0.19539600000000001,-0.4,0.074,0.074,0.074
-0.195392,-0.2,0.082,0.082,0.082
-0.195388,0.0,0.082,0.082,0.082
-0.195384,-0.6000000000000001,0.066,0.066,0.066
-0.19538,-0.2,0.08600000000000001,0.08600000000000001,0.08600000000000001
-0.19537600000000002,0.0,0.08600000000000001,0.08600000000000001,0.08600000000000001
-0.19537200000000002,0.2,0.074,0.074,0.074
-0.195368,-0.2,0.078,0.078,0.078
-0.195364,-0.2,0.078,0.078,0.078
-0.19536,-0.2,0.08600000000000001,0.08600000000000001,0.08600000000000001
-0.195356,-0.2,0.07,0.07,0.07
-0.195352,0.0,0.09,0.09,0.09
-0.19534800000000002,-0.2,0.082,0.082,0.082
-0.19534400000000002,-0.2,0.078,0.078,0.078
-0.19534,-0.4,0.078,0.078,0.078
-0.195336,0.2,0.078,0.078,0.078
-0.195332,0.0,0.074,0.074,0.074
-0.195328,0.2,0.078,0.078,0.078
-0.195324,-0.4,0.078,0.078,0.078
-0.19532000000000002,-0.6000000000000001,0.082,0.082,0.082
-0.19531600000000002,-0.4,0.08600000000000001,0.08600000000000001,0.08600000000000001
-0.195312,-0.4,0.082,0.082,0.082
-0.195308,-0.6000000000000001,0.078,0.078,0.078
-0.195304,-0.2,0.07,0.07,0.07
-0.1953,-0.4,0.074,0.074,0.074
-0.19529600000000003,-0.4,0.082,0.082,0.082
-0.19529200000000002,-0.2,0.078,0.078,0.078
-0.19528800000000002,-0.2,0.074,0.074,0.074
-0.195284,-0.2,0.09,0.09,0.09
-0.19528,-0.4,0.082,0.082,0.082
-0.195276,-0.4,0.08600000000000001,0.08600000000000001,0.08600000000000001
-0.195272,-0.4,0.078,0.078,0.078
-0.195268,-0.4,0.074,0.074,0.074
-0.19526400000000002,-0.4,0.082,0.082,0.082
-0.19526000000000002,-0.2,0.078,0.078,0.078
-0.195256,-0.2,0.09,0.09,0.09
-0.195252,-0.2,0.074,0.074,0.074
-0.195248,0.0,0.08600000000000001,0.08600000000000001,0.08600000000000001
-0.195244,-0.2,0.08600000000000001,0.08600000000000001,0.08600000000000001
-0.19524000000000002,0.2,0.078,0.078,0.078
-0.19523600000000002,-0.2,0.09,0.09,0.09
-0.19523200000000002,-0.4,0.078,0.078,0.078
-0.195228,-0.4,0.074,0.074,0.074
-0.195224,-0.2,0.078,0.078,0.078
-0.19522,0.2,0.078,0.078,0.078
-0.195216,0.0,0.094,0.094,0.094
-0.19521200000000002,-0.4,0.094,0.094,0.094
-0.19520800000000002,-0.4,0.094,0.094,0.094
-0.19520400000000002,-0.2,0.074,0.074,0.074
-0.1952,-0.2,0.078,0.078,0.078
-0.195196,0.2,0.074,0.074,0.074
-0.195192,0.0,0.074,0.074,0.074
-0.195188,-0.2,0.082,0.082,0.082
-0.19518400000000002,-0.2,0.078,0.078,0.078
-0.19518000000000002,0.0,0.094,0.094,0.094
-0.19517600000000002,0.0,0.08600000000000001,0.08600000000000001,0.08600000000000001
-0.195172,-0.4,0.08600000000000001,0.08600000000000001,0.08600000000000001
-0.195168,-0.2,0.078,0.078,0.078
-0.195164,-0.4,0.08600000000000001,0.08600000000000001,0.08600000000000001
-0.19516,0.0,0.074,0.074,0.074
-0.19515600000000002,-0.4,0.074,0.074,0.074
-0.19515200000000002,-0.4,0.078,0.078,0.078
-0.19514800000000002,-0.4,0.082,0.082,0.082
-0.195144,0.0,0.082,0.082,0.082
-0.19514,-0.2,0.08600000000000001,0.08600000000000001,0.08600000000000001
-0.195136,0.2,0.082,0.082,0.082
-0.195132,-0.2,0.082,0.082,0.082
-0.19512800000000002,-0.4,0.08600000000000001,0.08600000000000001,0.08600000000000001
-0.19512400000000002,-0.2,0.08600000000000001,0.08600000000000001,0.08600000000000001
-0.19512000000000002,-0.2,0.078,0.078,0.078
-0.195116,-0.2,0.078,0.078,0.078
-0.195112,-0.2,0.074,0.074,0.074
-0.195108,-0.2,0.08600000000000001,0.08600000000000001,0.08600000000000001
-0.195104,-0.4,0.09,0.09,0.09
-0.19510000000000002,-0.2,0.078,0.078,0.078
-0.19509600000000002,-0.4,0.082,0.082,0.082
-0.19509200000000002,-0.4,0.08600000000000001,0.08600000000000001,0.08600000000000001
-0.195088,0.2,0.078,0.078,0.078
-0.195084,0.0,0.082,0.082,0.082
-0.19508,0.4,0.078,0.078,0.078
-0.195076,0.4,0.074,0.074,0.074
-0.19507200000000002,-0.4,0.078,0.078,0.078
-0.19506800000000002,0.0,0.074,0.074,0.074
-0.19506400000000002,-0.2,0.078,0.078,0.078
-0.19506,-0.2,0.082,0.082,0.082
-0.195056,0.0,0.078,0.078,0.078
-0.195052,0.0,0.074,0.074,0.074
-0.195048,0.0,0.078,0.078,0.078
-0.19504400000000002,0.4,0.074,0.074,0.074
-0.19504000000000002,-0.4,0.08600000000000001,0.08600000000000001,0.08600000000000001
-0.19503600000000001,0.2,0.08600000000000001,0.08600000000000001,0.08600000000000001
-0.195032,0.0,0.08600000000000001,0.08600000000000001,0.08600000000000001
-0.195028,0.0,0.08600000000000001,0.08600000000000001,0.08600000000000001
-0.195024,-0.2,0.082,0.082,0.082
-0.19502,-0.4,0.082,0.082,0.082
-0.19501600000000002,-0.2,0.082,0.082,0.082
-0.19501200000000002,0.2,0.078,0.078,0.078
-0.19500800000000001,-0.6000000000000001,0.082,0.082,0.082
-0.195004,-0.2,0.082,0.082,0.082
-0.195,-0.2,0.074,0.074,0.074
-0.194996,-0.2,0.078,0.078,0.078
-0.194992,0.4,0.082,0.082,0.082
-0.19498800000000002,0.2,0.082,0.082,0.082
-0.19498400000000002,0.0,0.082,0.082,0.082
-0.19498000000000001,-0.4,0.082,0.082,0.082
-0.194976,-0.4,0.074,0.074,0.074
-0.194972,0.0,0.082,0.082,0.082
-0.194968,-0.2,0.074,0.074,0.074
-0.194964,-0.4,0.078,0.078,0.078
-0.19496000000000002,0.0,0.082,0.082,0.082
-0.19495600000000002,-0.2,0.082,0.082,0.082
-0.19495200000000001,-0.2,0.08600000000000001,0.08600000000000001,0.08600000000000001
-0.194948,0.2,0.074,0.074,0.074
-0.194944,-0.6000000000000001,0.082,0.082,0.082
-0.19494,0.0,0.074,0.074,0.074
-0.194936,-0.2,0.074,0.074,0.074
-0.19493200000000002,-0.4,0.078,0.078,0.078
-0.19492800000000002,-0.4,0.078,0.078,0.078
-0.19492400000000001,-0.2,0.082,0.082,0.082
-0.19492,0.0,0.07,0.07,0.07
-0.194916,0.2,0.08600000000000001,0.08600000000000001,0.08600000000000001
-0.194912,-0.4,0.07,0.07,0.07
-0.194908,-0.2,0.09,0.09,0.09
-0.19490400000000002,0.0,0.078,0.078,0.078
-0.19490000000000002,-0.2,0.078,0.078,0.078
-0.194896,-0.2,0.074,0.074,0.074
-0.194892,0.4,0.082,0.082,0.082
-0.194888,0.0,0.08600000000000001,0.08600000000000001,0.08600000000000001
-0.194884,-0.2,0.082,0.082,0.082
-0.19488,-0.2,0.078,0.078,0.078
-0.19487600000000002,-0.4,0.074,0.074,0.074
-0.19487200000000002,-0.2,0.08600000000000001,0.08600000000000001,0.08600000000000001
-0.194868,-0.4,0.078,0.078,0.078
-0.194864,-0.2,0.074,0.074,0.074
-0.19486,0.0,0.09,0.09,0.09
-0.194856,0.0,0.09,0.09,0.09
-0.19485200000000003,-0.2,0.08600000000000001,0.08600000000000001,0.08600000000000001
-0.19484800000000002,0.0,0.074,0.074,0.074
-0.19484400000000002,0.0,0.082,0.082,0.082
-0.19484,0.2,0.078,0.078,0.078
-0.194836,-0.2,0.082,0.082,0.082
-0.194832,0.0,0.08600000000000001,0.08600000000000001,0.08600000000000001
-0.194828,-0.2,0.08600000000000001,0.08600000000000001,0.08600000000000001
-0.194824,-0.2,0.074,0.074,0.074
-0.19482000000000002,-0.4,0.09,0.09,0.09
-0.19481600000000002,-0.2,0.082,0.082,0.082
-0.194812,0.0,0.082,0.082,0.082
-0.194808,-0.2,0.082,0.082,0.082
-0.194804,-0.2,0.082,0.082,0.082
-0.1948,0.2,0.078,0.078,0.078
-0.19479600000000002,-0.2,0.078,0.078,0.078
-0.19479200000000002,-0.4,0.074,0.074,0.074
-0.19478800000000002,-0.2,0.08600000000000001,0.08600000000000001,0.08600000000000001
-0.194784,0.0,0.074,0.074,0.074
-0.19478,-0.2,0.074,0.074,0.074
-0.194776,-0.4,0.074,0.074,0.074
-0.194772,-0.6000000000000001,0.078,0.078,0.078
-0.19476800000000002,0.2,0.078,0.078,0.078
-0.19476400000000002,0.0,0.082,0.082,0.082
-0.19476000000000002,-0.2,0.082,0.082,0.082
-0.194756,-0.6000000000000001,0.082,0.082,0.082
-0.194752,-0.2,0.094,0.094,0.094
-0.194748,-0.2,0.074,0.074,0.074
-0.194744,0.0,0.082,0.082,0.082
-0.19474000000000002,-0.4,0.074,0.074,0.074
-0.19473600000000002,-0.4,0.094,0.094,0.094
-0.19473200000000002,-0.4,0.078,0.078,0.078
-0.194728,-0.2,0.078,0.078,0.078
-0.194724,-0.4,0.082,0.082,0.082
-0.19472,-0.4,0.09,0.09,0.09
-0.194716,-0.4,0.07,0.07,0.07
-0.19471200000000002,-0.2,0.08600000000000001,0.08600000000000001,0.08600000000000001
-0.19470800000000002,-0.2,0.078,0.078,0.078
-0.19470400000000002,0.0,0.074,0.074,0.074
-0.1947,0.0,0.08600000000000001,0.08600000000000001,0.08600000000000001
-0.194696,-0.2,0.09,0.09,0.09
-0.194692,0.0,0.078,0.078,0.078
-0.194688,-0.2,0.078,0.078,0.078
-0.19468400000000002,0.0,0.078,0.078,0.078
-0.19468000000000002,0.0,0.08600000000000001,0.08600000000000001,0.08600000000000001
-0.19467600000000002,0.0,0.082,0.082,0.082
-0.194672,0.0,0.078,0.078,0.078
-0.194668,-0.4,0.078,0.078,0.078
-0.194664,0.4,0.08600000000000001,0.08600000000000001,0.08600000000000001
-0.19466,-0.6000000000000001,0.074,0.074,0.074
-0.19465600000000002,0.6000000000000001,0.074,0.074,0.074
-0.19465200000000002,0.0,0.08600000000000001,0.08600000000000001,0.08600000000000001
-0.19464800000000002,0.2,0.082,0.082,0.082
-0.194644,-0.4,0.08600000000000001,0.08600000000000001,0.08600000000000001
-0.19464,-0.4,0.074,0.074,0.074
-0.194636,-0.2,0.066,0.066,0.066
-0.194632,0.2,0.082,0.082,0.082
-0.19462800000000002,0.0,0.074,0.074,0.074
-0.19462400000000002,0.0,0.082,0.082,0.082
-0.19462000000000002,-0.4,0.078,0.078,0.078
-0.194616,0.0,0.074,0.074,0.074
-0.194612,0.0,0.08600000000000001,0.08600000000000001,0.08600000000000001
-0.194608,-0.2,0.082,0.082,0.082
-0.194604,0.0,0.078,0.078,0.078
-0.19460000000000002,0.2,0.082,0.082,0.082
-0.19459600000000002,0.0,0.09,0.09,0.09
-0.19459200000000001,0.0,0.08600000000000001,0.08600000000000001,0.08600000000000001
-0.194588,0.2,0.094,0.094,0.094
-0.194584,-0.2,0.082,0.082,0.082
-0.19458,0.0,0.074,0.074,0.074
-0.194576,-0.4,0.08600000000000001,0.08600000000000001,0.08600000000000001
-0.19457200000000002,-0.4,0.078,0.078,0.078
-0.19456800000000002,0.0,0.082,0.082,0.082
-0.19456400000000001,-0.4,0.074,0.074,0.074
-0.19456,-0.2,0.074,0.074,0.074
-0.194556,0.0,0.078,0.078,0.078
-0.194552,-0.2,0.074,0.074,0.074
-0.194548,0.4,0.082,0.082,0.082
-0.19454400000000002,-0.4,0.078,0.078,0.078
-0.19454000000000002,-0.6000000000000001,0.082,0.082,0.082
-0.19453600000000001,-0.2,0.082,0.082,0.082
-0.194532,-0.2,0.08600000000000001,0.08600000000000001,0.08600000000000001
-0.194528,0.0,0.08600000000000001,0.08600000000000001,0.08600000000000001
-0.194524,0.0,0.07,0.07,0.07
-0.19452,-0.2,0.074,0.074,0.074
-0.19451600000000002,-0.4,0.07,0.07,0.07
-0.19451200000000002,0.0,0.07,0.07,0.07
-0.19450800000000001,-0.2,0.098,0.098,0.098
-0.194504,0.0,0.082,0.082,0.082
-0.1945,-0.2,0.078,0.078,0.078
-0.194496,0.0,0.08600000000000001,0.08600000000000001,0.08600000000000001
-0.194492,-0.4,0.074,0.074,0.074
-0.19448800000000002,-0.4,0.082,0.082,0.082
-0.19448400000000002,-0.4,0.08600000000000001,0.08600000000000001,0.08600000000000001
-0.19448000000000001,-0.2,0.08600000000000001,0.08600000000000001,0.08600000000000001
-0.194476,-0.2,0.078,0.078,0.078
-0.194472,-0.6000000000000001,0.078,0.078,0.078
-0.194468,-0.2,0.08600000000000001,0.08600000000000001,0.08600000000000001
-0.194464,0.0,0.074,0.074,0.074
-0.19446000000000002,0.2,0.08600000000000001,0.08600000000000001,0.08600000000000001
-0.19445600000000002,0.0,0.074,0.074,0.074
-0.194452,-0.2,0.07,0.07,0.07
-0.194448,0.0,0.08600000000000001,0.08600000000000001,0.08600000000000001
-0.194444,-0.2,0.074,0.074,0.074
-0.19444,-0.2,0.074,0.074,0.074
-0.194436,0.0,0.082,0.082,0.082
-0.19443200000000002,-0.2,0.09,0.09,0.09
-0.19442800000000002,0.0,0.082,0.082,0.082
-0.194424,-0.4,0.082,0.082,0.082
-0.19442,0.2,0.078,0.078,0.078
-0.194416,-0.2,0.08600000000000001,0.08600000000000001,0.08600000000000001
-0.194412,-0.4,0.074,0.074,0.074
-0.19440800000000003,0.0,0.078,0.078,0.078
-0.19440400000000002,-0.4,0.09,0.09,0.09
-0.19440000000000002,-0.2,0.078,0.078,0.078
-0.194396,-0.2,0.074,0.074,0.074
-0.194392,-0.4,0.08600000000000001,0.08600000000000001,0.08600000000000001
-0.194388,-0.2,0.078,0.078,0.078
-0.194384,-0.4,0.09,0.09,0.09
-0.19438,0.0,0.08600000000000001,0.08600000000000001,0.08600000000000001
-0.19437600000000002,-0.2,0.078,0.078,0.078
-0.19437200000000002,0.0,0.08600000000000001,0.08600000000000001,0.08600000000000001
-0.194368,-0.2,0.08600000000000001,0.08600000000000001,0.08600000000000001
-0.194364,-0.6000000000000001,0.074,0.074,0.074
-0.19436,0.0,0.08600000000000001,0.08600000000000001,0.08600000000000001
-0.194356,0.2,0.082,0.082,0.082
-0.19435200000000002,-0.2,0.074,0.074,0.074
-0.19434800000000002,-0.4,0.078,0.078,0.078
-0.19434400000000002,-0.4,0.082,0.082,0.082
-0.19434,0.0,0.078,0.078,0.078
-0.194336,0.0,0.078,0.078,0.078
-0.194332,-0.2,0.082,0.082,0.082
-0.194328,-0.2,0.078,0.078,0.078
-0.19432400000000002,-0.2,0.082,0.082,0.082
-0.19432000000000002,0.0,0.08600000000000001,0.08600000000000001,0.08600000000000001
-0.19431600000000002,0.0,0.082,0.082,0.082
-0.194312,0.0,0.078,0.078,0.078
-0.194308,-0.2,0.078,0.078,0.078
-0.194304,-0.2,0.074,0.074,0.074
-0.1943,-0.4,0.078,0.078,0.078
-0.19429600000000002,-0.2,0.078,0.078,0.078
-0.19429200000000002,-0.6000000000000001,0.08600000000000001,0.08600000000000001,0.08600000000000001
-0.19428800000000002,-0.2,0.08600000000000001,0.08600000000000001,0.08600000000000001
-0.194284,-0.2,0.082,0.082,0.082
-0.19428,-0.4,0.07,0.07,0.07
-0.194276,-0.6000000000000001,0.074,0.074,0.074
-0.194272,0.0,0.082,0.082,0.082
-0.19426800000000002,-0.4,0.078,0.078,0.078
-0.19426400000000002,-0.6000000000000001,0.08600000000000001,0.08600000000000001,0.08600000000000001
-0.19426000000000002,-0.2,0.094,0.094,0.094
-0.194256,0.0,0.074,0.074,0.074
-0.194252,0.2,0.09,0.09,0.09
-0.194248,-0.2,0.09,0.09,0.09
-0.194244,0.2,0.082,0.082,0.082
-0.19424000000000002,-0.2,0.078,0.078,0.078
-0.19423600000000002,-0.4,0.082,0.082,0.082
-0.19423200000000002,0.0,0.074,0.074,0.074
-0.194228,0.2,0.078,0.078,0.078
-0.194224,-0.2,0.082,0.082,0.082
-0.19422,-0.2,0.082,0.082,0.082
-0.194216,0.0,0.078,0.078,0.078
-0.19421200000000002,0.0,0.082,0.082,0.082
-0.19420800000000002,-0.4,0.08600000000000001,0.08600000000000001,0.08600000000000001
-0.19420400000000002,0.2,0.078,0.078,0.078
-0.1942,-0.2,0.078,0.078,0.078
-0.194196,0.2,0.082,0.082,0.082
-0.194192,-0.4,0.082,0.082,0.082
-0.194188,0.0,0.09,0.09,0.09
-0.19418400000000002,0.0,0.08600000000000001,0.08600000000000001,0.08600000000000001
-0.19418000000000002,-0.2,0.082,0.082,0.082
-0.19417600000000002,-0.4,0.074,0.074,0.074
-0.194172,0.4,0.078,0.078,0.078
-0.194168,-0.2,0.082,0.082,0.082
-0.194164,0.0,0.07,0.07,0.07
-0.19416,-0.4,0.07,0.07,0.07
-0.19415600000000002,0.0,0.09,0.09,0.09
-0.19415200000000002,0.6000000000000001,0.08600000000000001,0.08600000000000001,0.08600000000000001
-0.19414800000000002,0.4,0.08600000000000001,0.08600000000000001,0.08600000000000001
-0.194144,-0.4,0.078,0.078,0.078
-0.19414,0.4,0.078,0.078,0.078
-0.194136,-0.2,0.074,0.074,0.074
-0.194132,0.0,0.08600000000000001,0.08600000000000001,0.08600000000000001
-0.19412800000000002,0.0,0.074,0.074,0.074
-0.19412400000000002,0.0,0.078,0.078,0.078
-0.19412000000000001,0.2,0.078,0.078,0.078
-0.194116,0.0,0.074,0.074,0.074
-0.194112,-0.2,0.078,0.078,0.078
-0.194108,-0.2,0.078,0.078,0.078
-0.194104,-0.2,0.09,0.09,0.09
-0.19410000000000002,-0.6000000000000001,0.08600000000000001,0.08600000000000001,0.08600000000000001
-0.19409600000000002,-0.2,0.09,0.09,0.09
-0.19409200000000001,0.2,0.082,0.082,0.082
-0.194088,0.0,0.078,0.078,0.078
-0.194084,-0.2,0.082,0.082,0.082
-0.19408,0.0,0.082,0.082,0.082
-0.194076,0.0,0.08600000000000001,0.08600000000000001,0.08600000000000001
-0.19407200000000002,-0.2,0.09,0.09,0.09
-0.19406800000000002,0.2,0.09,0.09,0.09
-0.19406400000000001,0.0,0.09,0.09,0.09
-0.19406,-0.4,0.082,0.082,0.082
-0.194056,-0.2,0.082,0.082,0.082
-0.194052,-0.6000000000000001,0.074,0.074,0.074
-0.194048,0.0,0.078,0.078,0.078
-0.19404400000000002,-0.4,0.082,0.082,0.082
-0.19404000000000002,-0.2,0.082,0.082,0.082
-0.19403600000000001,0.0,0.082,0.082,0.082
-0.194032,0.2,0.082,0.082,0.082
-0.194028,0.0,0.08600000000000001,0.08600000000000001,0.08600000000000001
-0.194024,0.0,0.074,0.074,0.074
-0.19402,-0.4,0.082,0.082,0.082
-0.19401600000000002,0.2,0.078,0.078,0.078
-0.19401200000000002,0.0,0.082,0.082,0.082
-0.194008,-0.2,0.09,0.09,0.09
-0.194004,0.0,0.07,0.07,0.07
-0.194,0.0,0.078,0.078,0.078
-0.193996,-0.2,0.078,0.078,0.078
-0.193992,0.0,0.078,0.078,0.078
-0.19398800000000002,-0.2,0.082,0.082,0.082
-0.19398400000000002,-0.2,0.082,0.082,0.082
-0.19398,-0.2,0.08600000000000001,0.08600000000000001,0.08600000000000001
-0.193976,-0.2,0.074,0.074,0.074
-0.193972,0.2,0.082,0.082,0.082
-0.193968,-0.4,0.082,0.082,0.082
-0.19396400000000003,-0.2,0.094,0.094,0.094
-0.19396000000000002,0.4,0.082,0.082,0.082
-0.19395600000000002,0.0,0.078,0.078,0.078
-0.193952,-0.4,0.082,0.082,0.082
-0.193948,-0.2,0.078,0.078,0.078
-0.193944,0.0,0.09,0.09,0.09
-0.19394,-0.2,0.066,0.066,0.066
-0.193936,-0.2,0.074,0.074,0.074
-0.19393200000000002,-0.2,0.08600000000000001,0.08600000000000001,0.08600000000000001
-0.19392800000000002,-0.2,0.08600000000000001,0.08600000000000001,0.08600000000000001
-0.193924,0.2,0.08600000000000001,0.08600000000000001,0.08600000000000001
-0.19392,0.0,0.082,0.082,0.082
-0.193916,0.0,0.074,0.074,0.074
-0.193912,0.0,0.074,0.074,0.074
-0.19390800000000002,0.2,0.082,0.082,0.082
-0.19390400000000002,0.0,0.074,0.074,0.074
-0.19390000000000002,-0.2,0.078,0.078,0.078
-0.193896,0.0,0.078,0.078,0.078
-0.193892,0.2,0.082,0.082,0.082
-0.193888,0.0,0.082,0.082,0.082
-0.193884,0.0,0.078,0.078,0.078
-0.19388000000000002,-0.2,0.082,0.082,0.082
-0.19387600000000002,0.0,0.074,0.074,0.074
-0.19387200000000002,-0.2,0.09,0.09,0.09
-0.193868,-0.2,0.074,0.074,0.074
-0.193864,0.0,0.08600000000000001,0.08600000000000001,0.08600000000000001
-0.19386,-0.2,0.078,0.078,0.078
-0.193856,0.0,0.08600000000000001,0.08600000000000001,0.08600000000000001
-0.19385200000000002,0.0,0.07,0.07,0.07
-0.19384800000000002,0.6000000000000001,0.078,0.078,0.078
-0.19384400000000002,-0.2,0.078,0.078,0.078
-0.19384,-0.2,0.08600000000000001,0.08600000000000001,0.08600000000000001
-0.193836,-0.4,0.082,0.082,0.082
-0.193832,0.0,0.078,0.078,0.078
-0.193828,0.4,0.082,0.082,0.082
-0.19382400000000002,0.0,0.078,0.078,0.078
-0.19382000000000002,-0.2,0.08600000000000001,0.08600000000000001,0.08600000000000001
-0.19381600000000002,-0.2,0.078,0.078,0.078
-0.193812,0.2,0.07,0.07,0.07
-0.193808,-0.4,0.082,0.082,0.082
-0.193804,-0.2,0.09,0.09,0.09
-0.1938,-0.2,0.078,0.078,0.078
-0.19379600000000002,0.0,0.082,0.082,0.082
-0.19379200000000002,0.2,0.08600000000000001,0.08600000000000001,0.08600000000000001
-0.19378800000000002,0.0,0.074,0.074,0.074
-0.193784,-0.2,0.082,0.082,0.082
-0.19378,-0.2,0.078,0.078,0.078
-0.193776,0.0,0.074,0.074,0.074
-0.193772,0.0,0.074,0.074,0.074
-0.19376800000000002,0.0,0.078,0.078,0.078
-0.19376400000000002,0.0,0.082,0.082,0.082
-0.19376000000000002,-0.2,0.08600000000000001,0.08600000000000001,0.08600000000000001
-0.193756,-0.2,0.082,0.082,0.082
-0.193752,-0.2,0.078,0.078,0.078
-0.193748,-0.2,0.082,0.082,0.082
-0.193744,-0.6000000000000001,0.078,0.078,0.078
-0.19374000000000002,0.0,0.078,0.078,0.078
-0.19373600000000002,0.2,0.09,0.09,0.09
-0.19373200000000002,-0.4,0.074,0.074,0.074
-0.193728,-0.2,0.074,0.074,0.074
-0.193724,0.2,0.08600000000000001,0.08600000000000001,0.08600000000000001
-0.19372,-0.4,0.08600000000000001,0.08600000000000001,0.08600000000000001
-0.193716,-0.2,0.078,0.078,0.078
-0.19371200000000002,-0.6000000000000001,0.082,0.082,0.082
-0.19370800000000002,0.0,0.082,0.082,0.082
-0.19370400000000002,0.4,0.082,0.082,0.082
-0.1937,-0.2,0.074,0.074,0.074
-0.193696,0.0,0.082,0.082,0.082
-0.193692,-0.4,0.078,0.078,0.078
-0.193688,0.2,0.078,0.078,0.078
-0.19368400000000002,-0.4,0.078,0.078,0.078
-0.19368000000000002,-0.4,0.082,0.082,0.082
-0.19367600000000001,0.0,0.08600000000000001,0.08600000000000001,0.08600000000000001
-0.193672,-0.6000000000000001,0.082,0.082,0.082
-0.193668,0.0,0.07,0.07,0.07
-0.193664,0.0,0.082,0.082,0.082
-0.19366,0.0,0.07,0.07,0.07
-0.19365600000000002,0.0,0.066,0.066,0.066
-0.19365200000000002,-0.4,0.082,0.082,0.082
-0.19364800000000001,0.0,0.082,0.082,0.082
-0.193644,-0.2,0.078,0.078,0.078
-0.19364,0.0,0.082,0.082,0.082
-0.193636,-0.2,0.074,0.074,0.074
-0.193632,-0.4,0.078,0.078,0.078
-0.19362800000000002,0.0,0.08600000000000001,0.08600000000000001,0.08600000000000001
-0.19362400000000002,0.0,0.07,0.07,0.07
-0.19362000000000001,-0.2,0.082,0.082,0.082
-0.193616,-0.4,0.066,0.066,0.066
-0.193612,-0.4,0.066,0.066,0.066
-0.193608,0.0,0.08600000000000001,0.08600000000000001,0.08600000000000001
-0.193604,-0.2,0.074,0.074,0.074
-0.19360000000000002,0.0,0.078,0.078,0.078
-0.19359600000000002,0.2,0.082,0.082,0.082
-0.19359200000000001,0.0,0.082,0.082,0.082
-0.193588,-0.2,0.078,0.078,0.078
-0.193584,0.0,0.074,0.074,0.074
-0.19358,-0.4,0.094,0.094,0.094
-0.193576,0.0,0.082,0.082,0.082
-0.19357200000000002,0.0,0.078,0.078,0.078
-0.19356800000000002,-0.2,0.08600000000000001,0.08600000000000001,0.08600000000000001
-0.193564,0.0,0.08600000000000001,0.08600000000000001,0.08600000000000001
-0.19356,-0.2,0.09,0.09,0.09
-0.193556,0.2,0.078,0.078,0.078
-0.193552,-0.2,0.082,0.082,0.082
-0.193548,0.2,0.08600000000000001,0.08600000000000001,0.08600000000000001
-0.19354400000000002,0.0,0.078,0.078,0.078
-0.19354000000000002,-0.2,0.08600000000000001,0.08600000000000001,0.08600000000000001
-0.193536,0.0,0.082,0.082,0.082
-0.193532,0.0,0.082,0.082,0.082
-0.193528,0.0,0.078,0.078,0.078
-0.193524,0.0,0.078,0.078,0.078
-0.19352000000000003,-0.2,0.08600000000000001,0.08600000000000001,0.08600000000000001
-0.19351600000000002,-0.2,0.082,0.082,0.082
-0.19351200000000002,0.0,0.078,0.078,0.078
-0.193508,0.2,0.078,0.078,0.078
-0.193504,-0.2,0.094,0.094,0.094
-0.1935,-0.2,0.078,0.078,0.078
-0.193496,-0.2,0.08600000000000001,0.08600000000000001,0.08600000000000001
-0.193492,0.2,0.074,0.074,0.074
-0.19348800000000002,0.2,0.078,0.078,0.078
-0.19348400000000002,0.2,0.082,0.082,0.082
-0.19348,-0.2,0.082,0.082,0.082
-0.193476,-0.2,0.08600000000000001,0.08600000000000001,0.08600000000000001
-0.193472,0.0,0.07,0.07,0.07
-0.193468,0.0,0.08600000000000001,0.08600000000000001,0.08600000000000001
-0.19346400000000002,-0.4,0.09,0.09,0.09
-0.19346000000000002,-0.2,0.078,0.078,0.078
-0.19345600000000002,-0.2,0.074,0.074,0.074
-0.193452,-0.6000000000000001,0.08600000000000001,0.08600000000000001,0.08600000000000001
-0.193448,0.0,0.09,0.09,0.09
-0.193444,-0.2,0.078,0.078,0.078
-0.19344,0.0,0.08600000000000001,0.08600000000000001,0.08600000000000001
-0.19343600000000002,-0.4,0.078,0.078,0.078
-0.19343200000000002,-0.4,0.094,0.094,0.094
-0.19342800000000002,-0.2,0.082,0.082,0.082
-0.193424,-0.6000000000000001,0.08600000000000001,0.08600000000000001,0.08600000000000001
-0.19342,-0.2,0.08600000000000001,0.08600000000000001,0.08600000000000001
-0.193416,-0.4,0.082,0.082,0.082
-0.193412,-0.2,0.08600000000000001,0.08600000000000001,0.08600000000000001
-0.19340800000000002,-0.2,0.08600000000000001,0.08600000000000001,0.08600000000000001
-0.19340400000000002,0.2,0.082,0.082,0.082
-0.19340000000000002,-0.2,0.082,0.082,0.082
-0.193396,-0.2,0.078,0.078,0.078
-0.193392,0.2,0.082,0.082,0.082
-0.193388,0.0,0.066,0.066,0.066
-0.193384,-0.2,0.082,0.082,0.082
-0.19338000000000002,-0.2,0.07,0.07,0.07
-0.19337600000000002,0.0,0.09,0.09,0.09
-0.19337200000000002,-0.2,0.08600000000000001,0.08600000000000001,0.08600000000000001
-0.193368,0.0,0.074,0.074,0.074
-0.193364,0.0,0.078,0.078,0.078
-0.19336,-0.2,0.094,0.094,0.094
-0.193356,0.0,0.08600000000000001,0.08600000000000001,0.08600000000000001
-0.19335200000000002,-0.4,0.078,0.078,0.078
-0.19334800000000002,0.4,0.082,0.082,0.082
-0.19334400000000002,0.0,0.09,0.09,0.09
-0.19334,0.0,0.078,0.078,0.078
-0.193336,0.2,0.082,0.082,0.082
-0.193332,0.0,0.078,0.078,0.078
-0.193328,-0.2,0.074,0.074,0.074
-0.19332400000000002,0.0,0.074,0.074,0.074
-0.19332000000000002,0.2,0.082,0.082,0.082
-0.19331600000000002,0.0,0.08600000000000001,0.08600000000000001,0.08600000000000001
-0.193312,0.2,0.094,0.094,0.094
-0.193308,-0.2,0.08600000000000001,0.08600000000000001,0.08600000000000001
-0.193304,-0.4,0.074,0.074,0.074
-0.1933,-0.2,0.078,0.078,0.078
-0.19329600000000002,0.0,0.082,0.082,0.082
-0.19329200000000002,0.0,0.078,0.078,0.078
-0.19328800000000002,-0.2,0.078,0.078,0.078
-0.193284,0.0,0.066,0.066,0.066
-0.19328,0.0,0.08600000000000001,0.08600000000000001,0.08600000000000001
-0.193276,-0.2,0.082,0.082,0.082
-0.193272,-0.4,0.082,0.082,0.082
-0.19326800000000002,0.0,0.082,0.082,0.082
-0.19326400000000002,-0.4,0.082,0.082,0.082
-0.19326000000000002,0.0,0.082,0.082,0.082
-0.193256,0.2,0.078,0.078,0.078
-0.193252,-0.4,0.08600000000000001,0.08600000000000001,0.08600000000000001
-0.193248,-0.2,0.078,0.078,0.078
-0.193244,0.0,0.07,0.07,0.07
-0.19324000000000002,0.0,0.082,0.082,0.082
-0.19323600000000002,0.2,0.082,0.082,0.082
-0.19323200000000001,0.0,0.078,0.078,0.078
-0.193228,0.2,0.074,0.074,0.074
-0.193224,0.0,0.078,0.078,0.078
-0.19322,0.2,0.09,0.09,0.09
-0.193216,0.0,0.078,0.078,0.078
-0.19321200000000002,-0.6000000000000001,0.08600000000000001,0.08600000000000001,0.08600000000000001
-0.19320800000000002,0.2,0.08600000000000001,0.08600000000000001,0.08600000000000001
-0.19320400000000001,-0.2,0.074,0.074,0.074
-0.1932,0.2,0.08600000000000001,0.08600000000000001,0.08600000000000001
-0.193196,-0.2,0.078,0.078,0.078
-0.193192,0.0,0.078,0.078,0.078
-0.193188,0.0,0.078,0.078,0.078
-0.19318400000000002,-0.4,0.07,0.07,0.07
-0.19318000000000002,0.2,0.078,0.078,0.078
-0.19317600000000001,0.0,0.07,0.07,0.07
-0.193172,0.0,0.082,0.082,0.082
-0.193168,-0.2,0.078,0.078,0.078
-0.193164,0.0,0.066,0.066,0.066
-0.19316,-0.2,0.082,0.082,0.082
-0.19315600000000002,-0.2,0.078,0.078,0.078
-0.19315200000000002,-0.4,0.078,0.078,0.078
-0.19314800000000001,-0.2,0.074,0.074,0.074
-0.193144,0.0,0.082,0.082,0.082
-0.19314,-0.6000000000000001,0.074,0.074,0.074
-0.193136,0.2,0.074,0.074,0.074
-0.193132,0.4,0.08600000000000001,0.08600000000000001,0.08600000000000001
-0.19312800000000002,-0.2,0.078,0.078,0.078
-0.19312400000000002,0.0,0.08600000000000001,0.08600000000000001,0.08600000000000001
-0.19312,0.2,0.08600000000000001,0.08600000000000001,0.08600000000000001
-0.193116,0.0,0.08600000000000001,0.08600000000000001,0.08600000000000001
-0.193112,0.2,0.082,0.082,0.082
-0.193108,-0.2,0.07,0.07,0.07
-0.193104,0.2,0.08600000000000001,0.08600000000000001,0.08600000000000001
-0.19310000000000002,-0.2,0.078,0.078,0.078
-0.19309600000000002,-0.2,0.08600000000000001,0.08600000000000001,0.08600000000000001
-0.193092,-0.4,0.078,0.078,0.078
-0.193088,-0.2,0.08600000000000001,0.08600000000000001,0.08600000000000001
-0.193084,0.2,0.078,0.078,0.078
-0.19308,-0.4,0.082,0.082,0.082
-0.19307600000000003,0.4,0.082,0.082,0.082
-0.19307200000000002,0.2,0.082,0.082,0.082
-0.19306800000000002,0.4,0.074,0.074,0.074
-0.193064,-0.2,0.07,0.07,0.07
-0.19306,-0.2,0.078,0.078,0.078
-0.193056,0.0,0.078,0.078,0.078
-0.193052,0.0,0.082,0.082,0.082
-0.193048,-0.2,0.082,0.082,0.082
-0.19304400000000002,0.0,0.066,0.066,0.066
-0.19304000000000002,-0.4,0.078,0.078,0.078
-0.193036,-0.2,0.07,0.07,0.07
-0.193032,-0.2,0.074,0.074,0.074
-0.193028,0.0,0.078,0.078,0.078
-0.193024,0.0,0.07,0.07,0.07
-0.19302000000000002,-0.2,0.078,0.078,0.078
-0.19301600000000002,0.0,0.078,0.078,0.078
-0.19301200000000002,-0.2,0.078,0.078,0.078
-0.193008,0.0,0.082,0.082,0.082
-0.193004,0.0,0.078,0.078,0.078
-0.193,-0.6000000000000001,0.08600000000000001,0.08600000000000001,0.08600000000000001
-0.192996,-0.2,0.09,0.09,0.09
-0.19299200000000002,-0.2,0.08600000000000001,0.08600000000000001,0.08600000000000001
-0.19298800000000002,-0.2,0.078,0.078,0.078
-0.19298400000000002,0.2,0.078,0.078,0.078
-0.19298,0.0,0.082,0.082,0.082
-0.192976,-0.2,0.074,0.074,0.074
-0.192972,-0.2,0.082,0.082,0.082
-0.192968,-0.2,0.078,0.078,0.078
-0.19296400000000002,0.0,0.08600000000000001,0.08600000000000001,0.08600000000000001
-0.19296000000000002,-0.4,0.094,0.094,0.094
-0.19295600000000002,-0.2,0.078,0.078,0.078
-0.192952,-0.2,0.082,0.082,0.082
-0.192948,-0.2,0.074,0.074,0.074
-0.192944,0.2,0.08600000000000001,0.08600000000000001,0.08600000000000001
-0.19294,-0.4,0.082,0.082,0.082
-0.19293600000000002,0.0,0.082,0.082,0.082
-0.19293200000000002,-0.8,0.08600000000000001,0.08600000000000001,0.08600000000000001
-0.19292800000000002,0.0,0.078,0.078,0.078
-0.192924,-0.2,0.078,0.078,0.078
-0.19292,0.0,0.08600000000000001,0.08600000000000001,0.08600000000000001
-0.192916,-0.4,0.08600000000000001,0.08600000000000001,0.08600000000000001
-0.192912,-0.6000000000000001,0.078,0.078,0.078
-0.19290800000000002,0.0,0.066,0.066,0.066
-0.19290400000000002,0.0,0.078,0.078,0.078
-0.19290000000000002,-0.2,0.078,0.078,0.078
-0.192896,-0.2,0.082,0.082,0.082
-0.192892,0.0,0.074,0.074,0.074
-0.192888,-0.2,0.082,0.082,0.082
-0.192884,-0.2,0.09,0.09,0.09
-0.19288000000000002,0.0,0.074,0.074,0.074
-0.19287600000000002,-0.4,0.094,0.094,0.094
-0.19287200000000002,-0.2,0.07,0.07,0.07
-0.192868,-0.4,0.08600000000000001,0.08600000000000001,0.08600000000000001
-0.192864,-0.2,0.07,0.07,0.07
-0.19286,-0.2,0.07,0.07,0.07
-0.192856,-0.4,0.08600000000000001,0.08600000000000001,0.08600000000000001
-0.19285200000000002,-0.2,0.074,0.074,0.074
-0.19284800000000002,-0.2,0.078,0.078,0.078
-0.19284400000000002,0.4,0.078,0.078,0.078
-0.19284,0.0,0.08600000000000001,0.08600000000000001,0.08600000000000001
-0.192836,0.2,0.082,0.082,0.082
-0.192832,-0.2,0.074,0.074,0.074
-0.192828,-0.4,0.078,0.078,0.078
-0.19282400000000002,-0.2,0.074,0.074,0.074
-0.19282000000000002,0.2,0.082,0.082,0.082
-0.19281600000000002,0.0,0.08600000000000001,0.08600000000000001,0.08600000000000001
-0.192812,0.2,0.082,0.082,0.082
-0.192808,-0.2,0.074,0.074,0.074
-0.192804,0.0,0.08600000000000001,0.08600000000000001,0.08600000000000001
-0.1928,-0.4,0.082,0.082,0.082
-0.19279600000000002,-0.2,0.078,0.078,0.078
-0.19279200000000002,-0.2,0.078,0.078,0.078
-0.19278800000000001,-0.2,0.082,0.082,0.082
-0.192784,-0.2,0.082,0.082,0.082
-0.19278,0.0,0.082,0.082,0.082
-0.192776,-0.2,0.074,0.074,0.074
-0.192772,-0.2,0.082,0.082,0.082
-0.19276800000000002,-0.2,0.074,0.074,0.074
-0.19276400000000002,-0.2,0.078,0.078,0.078
-0.19276000000000001,-0.4,0.08600000000000001,0.08600000000000001,0.08600000000000001
-0.192756,-0.4,0.082,0.082,0.082
-0.192752,-0.2,0.066,0.066,0.066
-0.192748,0.0,0.082,0.082,0.082
-0.192744,-0.2,0.078,0.078,0.078
-0.19274000000000002,-0.6000000000000001,0.08600000000000001,0.08600000000000001,0.08600000000000001
-0.19273600000000002,-0.2,0.082,0.082,0.082
-0.19273200000000001,-0.2,0.078,0.078,0.078
-0.192728,-0.4,0.08600000000000001,0.08600000000000001,0.08600000000000001
-0.192724,0.0,0.074,0.074,0.074
-0.19272,-0.4,0.078,0.078,0.078
-0.192716,-0.2,0.082,0.082,0.082
-0.19271200000000002,0.0,0.078,0.078,0.078
-0.19270800000000002,-0.2,0.082,0.082,0.082
-0.19270400000000001,0.0,0.082,0.082,0.082
-0.1927,0.0,0.078,0.078,0.078
-0.192696,-0.2,0.074,0.074,0.074
-0.192692,-0.4,0.09,0.09,0.09
-0.192688,0.0,0.074,0.074,0.074
-0.19268400000000002,-0.4,0.082,0.082,0.082
-0.19268000000000002,-0.2,0.074,0.074,0.074
-0.19267600000000001,0.2,0.082,0.082,0.082
-0.192672,0.0,0.082,0.082,0.082
-0.192668,-0.2,0.078,0.078,0.078
-0.192664,-0.4,0.078,0.078,0.078
-0.19266,0.0,0.074,0.074,0.074
-0.19265600000000002,-0.4,0.08600000000000001,0.08600000000000001,0.08600000000000001
-0.19265200000000002,0.0,0.09,0.09,0.09
-0.192648,-0.4,0.074,0.074,0.074
-0.192644,0.2,0.082,0.082,0.082
-0.19264,-0.2,0.082,0.082,0.082
-0.192636,0.0,0.082,0.082,0.082
-0.19263200000000003,-0.2,0.082,0.082,0.082
-0.19262800000000002,0.0,0.08600000000000001,0.08600000000000001,0.08600000000000001
-0.19262400000000002,0.2,0.08600000000000001,0.08600000000000001,0.08600000000000001
-0.19262,-0.2,0.078,0.078,0.078
-0.192616,-0.4,0.082,0.082,0.082
-0.192612,-0.4,0.078,0.078,0.078
-0.192608,0.0,0.082,0.082,0.082
-0.192604,-0.4,0.094,0.094,0.094
-0.19260000000000002,-0.2,0.08600000000000001,0.08600000000000001,0.08600000000000001
-0.19259600000000002,-0.4,0.078,0.078,0.078
-0.192592,0.0,0.08600000000000001,0.08600000000000001,0.08600000000000001
-0.192588,0.0,0.082,0.082,0.082
-0.192584,0.2,0.07,0.07,0.07
-0.19258,0.0,0.09,0.09,0.09
-0.19257600000000002,-0.2,0.074,0.074,0.074
-0.19257200000000002,0.0,0.078,0.078,0.078
-0.19256800000000002,0.2,0.082,0.082,0.082
-0.192564,-0.2,0.082,0.082,0.082
-0.19256,0.0,0.078,0.078,0.078
-0.192556,-0.2,0.078,0.078,0.078
-0.192552,0.4,0.082,0.082,0.082
-0.19254800000000002,-0.4,0.08600000000000001,0.08600000000000001,0.08600000000000001
-0.19254400000000002,-0.4,0.08600000000000001,0.08600000000000001,0.08600000000000001
-0.19254000000000002,-0.2,0.078,0.078,0.078
-0.192536,-0.2,0.078,0.078,0.078
-0.192532,0.0,0.082,0.082,0.082
-0.192528,0.0,0.078,0.078,0.078
-0.192524,0.2,0.078,0.078,0.078
-0.19252000000000002,0.0,0.082,0.082,0.082
-0.19251600000000002,0.0,0.078,0.078,0.078
-0.19251200000000002,-0.2,0.082,0.082,0.082
-0.192508,0.0,0.074,0.074,0.074
-0.192504,-0.2,0.082,0.082,0.082
-0.1925,0.0,0.082,0.082,0.082
-0.192496,0.6000000000000001,0.078,0.078,0.078
-0.19249200000000002,-0.2,0.074,0.074,0.074
-0.19248800000000002,-0.2,0.07,0.07,0.07
-0.19248400000000002,-0.2,0.082,0.082,0.082
-0.19248,-0.4,0.074,0.074,0.074
-0.192476,-0.2,0.078,0.078,0.078
-0.192472,-0.6000000000000001,0.074,0.074,0.074
-0.192468,-0.6000000000000001,0.08600000000000001,0.08600000000000001,0.08600000000000001
-0.19246400000000002,-0.4,0.08600000000000001,0.08600000000000001,0.08600000000000001
-0.19246000000000002,0.0,0.074,0.074,0.074
-0.19245600000000002,0.2,0.078,0.078,0.078
-0.192452,-0.2,0.07,0.07,0.07
-0.192448,0.4,0.078,0.078,0.078
-0.192444,-0.2,0.08600000000000001,0.08600000000000001,0.08600000000000001
-0.19244,-0.4,0.074,0.074,0.074
-0.19243600000000002,0.0,0.074,0.074,0.074
-0.19243200000000002,0.0,0.078,0.078,0.078
-0.19242800000000002,-0.2,0.082,0.082,0.082
-0.192424,-0.2,0.082,0.082,0.082
-0.19242,0.0,0.074,0.074,0.074
-0.192416,-0.2,0.082,0.082,0.082
-0.192412,-0.2,0.08600000000000001,0.08600000000000001,0.08600000000000001
-0.19240800000000002,-0.4,0.078,0.078,0.078
-0.19240400000000002,0.2,0.07,0.07,0.07
-0.19240000000000002,-0.2,0.082,0.082,0.082
-0.192396,0.0,0.078,0.078,0.078
-0.192392,0.0,0.074,0.074,0.074
-0.192388,-0.2,0.078,0.078,0.078
-0.192384,0.0,0.078,0.078,0.078
-0.19238000000000002,0.4,0.09,0.09,0.09
-0.19237600000000002,-0.2,0.094,0.094,0.094
-0.19237200000000002,-0.2,0.078,0.078,0.078
-0.192368,-0.2,0.082,0.082,0.082
-0.192364,0.2,0.07,0.07,0.07
-0.19236,-0.2,0.078,0.078,0.078
-0.192356,-0.2,0.08600000000000001,0.08600000000000001,0.08600000000000001
-0.19235200000000002,0.0,0.074,0.074,0.074
-0.19234800000000002,-0.4,0.08600000000000001,0.08600000000000001,0.08600000000000001
-0.19234400000000001,-0.6000000000000001,0.078,0.078,0.078
-0.19234,0.0,0.08600000000000001,0.08600000000000001,0.08600000000000001
-0.192336,0.0,0.082,0.082,0.082
-0.192332,-0.2,0.08600000000000001,0.08600000000000001,0.08600000000000001
-0.192328,-0.2,0.078,0.078,0.078
-0.19232400000000002,0.0,0.082,0.082,0.082
-0.19232000000000002,0.0,0.082,0.082,0.082
-0.19231600000000001,-0.2,0.094,0.094,0.094
-0.192312,-0.2,0.08600000000000001,0.08600000000000001,0.08600000000000001
-0.192308,-0.6000000000000001,0.078,0.078,0.078
-0.192304,0.0,0.08600000000000001,0.08600000000000001,0.08600000000000001
-0.1923,-0.8,0.078,0.078,0.078
-0.19229600000000002,-0.2,0.08600000000000001,0.08600000000000001,0.08600000000000001
-0.19229200000000002,-0.2,0.078,0.078,0.078
-0.19228800000000001,0.0,0.078,0.078,0.078
-0.192284,-0.4,0.074,0.074,0.074
-0.19228,-0.6000000000000001,0.082,0.082,0.082
-0.192276,-0.2,0.08600000000000001,0.08600000000000001,0.08600000000000001
-0.192272,-0.4,0.08600000000000001,0.08600000000000001,0.08600000000000001
-0.19226800000000002,0.0,0.09,0.09,0.09
-0.19226400000000002,-0.2,0.09,0.09,0.09
-0.19226000000000001,0.0,0.082,0.082,0.082
-0.192256,-0.2,0.078,0.078,0.078
-0.192252,0.0,0.082,0.082,0.082
-0.192248,-0.4,0.082,0.082,0.082
-0.192244,-0.2,0.08600000000000001,0.08600000000000001,0.08600000000000001
-0.19224000000000002,0.4,0.09,0.09,0.09
-0.19223600000000002,-0.8,0.078,0.078,0.078
-0.19223200000000001,0.0,0.08600000000000001,0.08600000000000001,0.08600000000000001
-0.192228,-0.2,0.074,0.074,0.074
-0.192224,0.0,0.078,0.078,0.078
-0.19222,0.2,0.082,0.082,0.082
-0.192216,0.0,0.078,0.078,0.078
-0.19221200000000002,0.2,0.074,0.074,0.074
-0.19220800000000002,0.4,0.082,0.082,0.082
-0.192204,0.2,0.078,0.078,0.078
-0.1922,0.2,0.082,0.082,0.082
-0.192196,-0.4,0.082,0.082,0.082
-0.192192,0.0,0.09,0.09,0.09
-0.19218800000000003,0.2,0.082,0.082,0.082
-0.19218400000000002,0.0,0.074,0.074,0.074
-0.19218000000000002,-0.2,0.078,0.078,0.078
-0.192176,-0.2,0.08600000000000001,0.08600000000000001,0.08600000000000001
-0.192172,-0.2,0.078,0.078,0.078
-0.192168,0.0,0.074,0.074,0.074
-0.192164,0.0,0.082,0.082,0.082
-0.19216,-0.6000000000000001,0.074,0.074,0.074
-0.19215600000000002,0.2,0.078,0.078,0.078
-0.19215200000000002,-0.6000000000000001,0.082,0.082,0.082
-0.192148,-0.2,0.082,0.082,0.082
-0.192144,-0.4,0.074,0.074,0.074
-0.19214,-0.2,0.082,0.082,0.082
-0.192136,0.0,0.082,0.082,0.082
-0.19213200000000002,-0.8,0.066,0.066,0.066
-0.19212800000000002,0.0,0.078,0.078,0.078
-0.19212400000000002,0.0,0.082,0.082,0.082
-0.19212,-0.2,0.08600000000000001,0.08600000000000001,0.08600000000000001
-0.192116,-0.2,0.078,0.078,0.078
-0.192112,0.0,0.07,0.07,0.07
-0.192108,0.0,0.074,0.074,0.074
-0.192104,-0.2,0.078,0.078,0.078
-0.19210000000000002,0.0,0.078,0.078,0.078
-0.19209600000000002,-0.2,0.078,0.078,0.078
-0.192092,0.2,0.074,0.074,0.074
-0.192088,-0.6000000000000001,0.08600000000000001,0.08600000000000001,0.08600000000000001
-0.192084,0.2,0.078,0.078,0.078
-0.19208,-0.2,0.094,0.094,0.094
-0.19207600000000002,-0.2,0.082,0.082,0.082
-0.19207200000000002,0.0,0.082,0.082,0.082
-0.19206800000000002,-0.2,0.094,0.094,0.094
-0.192064,-0.4,0.078,0.078,0.078
-0.19206,0.0,0.078,0.078,0.078
-0.192056,0.4,0.078,0.078,0.078
-0.192052,0.0,0.082,0.082,0.082
-0.19204800000000002,0.2,0.082,0.082,0.082
-0.19204400000000002,-0.2,0.078,0.078,0.078
-0.19204000000000002,0.0,0.082,0.082,0.082
-0.192036,-0.4,0.082,0.082,0.082
-0.192032,-0.2,0.08600000000000001,0.08600000000000001,0.08600000000000001
-0.192028,0.0,0.094,0.094,0.094
-0.192024,0.2,0.074,0.074,0.074
-0.19202000000000002,-0.4,0.082,0.082,0.082
-0.19201600000000002,-0.4,0.082,0.082,0.082
-0.19201200000000002,-0.4,0.07,0.07,0.07
-0.192008,0.0,0.082,0.082,0.082
-0.192004,-0.4,0.074,0.074,0.074
-0.192,0.0,0.082,0.082,0.082
-0.191996,0.2,0.08600000000000001,0.08600000000000001,0.08600000000000001
-0.19199200000000002,-0.2,0.082,0.082,0.082
-0.19198800000000002,0.0,0.082,0.082,0.082
-0.19198400000000002,-0.2,0.094,0.094,0.094
-0.19198,0.0,0.08600000000000001,0.08600000000000001,0.08600000000000001
-0.191976,-0.6000000000000001,0.078,0.078,0.078
-0.191972,0.0,0.082,0.082,0.082
-0.191968,0.0,0.074,0.074,0.074
-0.19196400000000002,0.0,0.074,0.074,0.074
-0.19196000000000002,0.0,0.078,0.078,0.078
-0.19195600000000002,0.0,0.094,0.094,0.094
-0.191952,-0.2,0.082,0.082,0.082
-0.191948,0.2,0.074,0.074,0.074
-0.191944,-0.2,0.082,0.082,0.082
-0.19194,-0.2,0.08600000000000001,0.08600000000000001,0.08600000000000001
-0.19193600000000002,0.2,0.074,0.074,0.074
-0.19193200000000002,0.0,0.08600000000000001,0.08600000000000001,0.08600000000000001
-0.19192800000000002,-0.2,0.082,0.082,0.082
-0.191924,-0.4,0.082,0.082,0.082
-0.19192,-0.2,0.08600000000000001,0.08600000000000001,0.08600000000000001
-0.191916,0.0,0.082,0.082,0.082
-0.191912,0.0,0.078,0.078,0.078
-0.19190800000000002,-0.6000000000000001,0.08600000000000001,0.08600000000000001,0.08600000000000001
-0.19190400000000002,-0.2,0.074,0.074,0.074
-0.19190000000000002,-0.2,0.082,0.082,0.082
-0.191896,-0.4,0.08600000000000001,0.08600000000000001,0.08600000000000001
-0.191892,0.4,0.09,0.09,0.09
-0.191888,0.2,0.08600000000000001,0.08600000000000001,0.08600000000000001
-0.191884,0.0,0.074,0.074,0.074
-0.19188000000000002,-0.2,0.094,0.094,0.094
-0.19187600000000002,0.0,0.08600000000000001,0.08600000000000001,0.08600000000000001
-0.19187200000000001,0.2,0.082,0.082,0.082
-0.191868,0.0,0.082,0.082,0.082
-0.191864,0.2,0.074,0.074,0.074
-0.19186,0.2,0.078,0.078,0.078
-0.191856,0.0,0.08600000000000001,0.08600000000000001,0.08600000000000001
-0.19185200000000002,0.0,0.074,0.074,0.074
-0.19184800000000002,0.4,0.07,0.07,0.07
-0.19184400000000001,-0.4,0.08600000000000001,0.08600000000000001,0.08600000000000001
-0.19184,0.0,0.074,0.074,0.074
-0.191836,-0.2,0.082,0.082,0.082
-0.191832,-0.6000000000000001,0.082,0.082,0.082
-0.191828,0.0,0.094,0.094,0.094
-0.19182400000000002,-0.4,0.082,0.082,0.082
-0.19182000000000002,0.0,0.078,0.078,0.078
-0.19181600000000001,0.4,0.074,0.074,0.074
-0.191812,0.0,0.08600000000000001,0.08600000000000001,0.08600000000000001
-0.191808,0.0,0.082,0.082,0.082
-0.191804,-0.2,0.08600000000000001,0.08600000000000001,0.08600000000000001
-0.19180000000000003,0.0,0.08600000000000001,0.08600000000000001,0.08600000000000001
-0.19179600000000002,0.0,0.082,0.082,0.082
-0.19179200000000002,-0.6000000000000001,0.078,0.078,0.078
-0.19178800000000001,-0.2,0.082,0.082,0.082
-0.191784,-0.4,0.094,0.094,0.094
-0.19178,0.0,0.08600000000000001,0.08600000000000001,0.08600000000000001
-0.191776,0.2,0.094,0.094,0.094
-0.191772,-0.2,0.074,0.074,0.074
-0.19176800000000002,0.2,0.082,0.082,0.082
-0.19176400000000002,0.2,0.074,0.074,0.074
-0.19176,-0.4,0.078,0.078,0.078
-0.191756,0.0,0.078,0.078,0.078
-0.191752,-0.2,0.082,0.082,0.082
-0.191748,0.2,0.082,0.082,0.082
-0.19174400000000003,-0.4,0.07,0.07,0.07
-0.19174000000000002,0.4,0.082,0.082,0.082
-0.19173600000000002,-0.2,0.078,0.078,0.078
-0.191732,-0.2,0.082,0.082,0.082
-0.191728,0.0,0.078,0.078,0.078
-0.191724,0.0,0.078,0.078,0.078
-0.19172,-0.4,0.074,0.074,0.074
-0.191716,-0.2,0.082,0.082,0.082
-0.19171200000000002,0.2,0.08600000000000001,0.08600000000000001,0.08600000000000001
-0.19170800000000002,-0.2,0.08600000000000001,0.08600000000000001,0.08600000000000001
-0.191704,0.0,0.082,0.082,0.082
-0.1917,-0.4,0.09,0.09,0.09
-0.191696,0.0,0.09,0.09,0.09
-0.191692,-1.0,0.07,0.07,0.07
-0.19168800000000003,0.0,0.08600000000000001,0.08600000000000001,0.08600000000000001
-0.19168400000000002,0.4,0.078,0.078,0.078
-0.19168000000000002,-0.2,0.074,0.074,0.074
-0.191676,-0.4,0.082,0.082,0.082
-0.191672,0.2,0.074,0.074,0.074
-0.191668,-0.6000000000000001,0.078,0.078,0.078
-0.191664,-0.4,0.078,0.078,0.078
-0.19166,0.4,0.074,0.074,0.074
-0.19165600000000002,-0.4,0.08600000000000001,0.08600000000000001,0.08600000000000001
-0.19165200000000002,0.0,0.082,0.082,0.082
-0.191648,0.2,0.082,0.082,0.082
-0.191644,0.0,0.08600000000000001,0.08600000000000001,0.08600000000000001
-0.19164,0.0,0.078,0.078,0.078
-0.191636,0.0,0.074,0.074,0.074
-0.19163200000000002,-0.2,0.07,0.07,0.07
-0.19162800000000002,-0.2,0.078,0.078,0.078
-0.19162400000000002,0.0,0.078,0.078,0.078
-0.19162,0.4,0.066,0.066,0.066
-0.191616,-0.2,0.078,0.078,0.078
-0.191612,0.0,0.078,0.078,0.078
-0.191608,0.0,0.078,0.078,0.078
-0.19160400000000002,-0.2,0.08600000000000001,0.08600000000000001,0.08600000000000001
-0.19160000000000002,-0.2,0.08600000000000001,0.08600000000000001,0.08600000000000001
-0.19159600000000002,0.2,0.082,0.082,0.082
-0.191592,0.2,0.082,0.082,0.082
-0.191588,0.0,0.082,0.082,0.082
-0.191584,0.0,0.082,0.082,0.082
-0.19158,0.0,0.078,0.078,0.078
-0.19157600000000002,0.0,0.078,0.078,0.078
-0.19157200000000002,-0.4,0.082,0.082,0.082
-0.19156800000000002,0.0,0.09,0.09,0.09
-0.191564,-0.2,0.078,0.078,0.078
-0.19156,-0.2,0.08600000000000001,0.08600000000000001,0.08600000000000001
-0.191556,-0.2,0.082,0.082,0.082
-0.191552,-0.4,0.074,0.074,0.074
-0.19154800000000002,-0.2,0.078,0.078,0.078
-0.19154400000000002,-0.2,0.08600000000000001,0.08600000000000001,0.08600000000000001
-0.19154000000000002,-0.2,0.08600000000000001,0.08600000000000001,0.08600000000000001
-0.191536,0.0,0.082,0.082,0.082
-0.191532,-0.6000000000000001,0.074,0.074,0.074
-0.191528,-0.2,0.07,0.07,0.07
-0.191524,0.0,0.074,0.074,0.074
-0.19152000000000002,-0.4,0.074,0.074,0.074
-0.19151600000000002,0.0,0.09,0.09,0.09
-0.19151200000000002,0.2,0.074,0.074,0.074
-0.191508,-0.2,0.078,0.078,0.078
-0.191504,0.0,0.078,0.078,0.078
-0.1915,-0.4,0.074,0.074,0.074
-0.191496,0.0,0.08600000000000001,0.08600000000000001,0.08600000000000001
-0.19149200000000002,0.0,0.082,0.082,0.082
-0.19148800000000002,-0.2,0.082,0.082,0.082
-0.19148400000000002,0.2,0.074,0.074,0.074
-0.19148,-0.2,0.078,0.078,0.078
-0.191476,0.2,0.082,0.082,0.082
-0.191472,0.0,0.082,0.082,0.082
-0.191468,-0.2,0.078,0.078,0.078
-0.19146400000000002,0.2,0.074,0.074,0.074
-0.19146000000000002,-0.2,0.08600000000000001,0.08600000000000001,0.08600000000000001
-0.19145600000000002,-0.4,0.078,0.078,0.078
-0.191452,-0.2,0.082,0.082,0.082
-0.191448,-0.2,0.082,0.082,0.082
-0.191444,-0.2,0.066,0.066,0.066
-0.19144,-0.2,0.08600000000000001,0.08600000000000001,0.08600000000000001
-0.19143600000000002,-0.2,0.078,0.078,0.078
-0.19143200000000002,0.0,0.082,0.082,0.082
-0.19142800000000001,0.2,0.078,0.078,0.078
-0.191424,-0.4,0.078,0.078,0.078
-0.19142,-0.2,0.074,0.074,0.074
-0.191416,-0.2,0.082,0.082,0.082
-0.191412,0.0,0.082,0.082,0.082
-0.19140800000000002,0.2,0.074,0.074,0.074
-0.19140400000000002,0.2,0.082,0.082,0.082
-0.19140000000000001,0.0,0.074,0.074,0.074
-0.191396,0.2,0.08600000000000001,0.08600000000000001,0.08600000000000001
-0.191392,-0.2,0.08600000000000001,0.08600000000000001,0.08600000000000001
-0.191388,0.0,0.074,0.074,0.074
-0.191384,0.2,0.08600000000000001,0.08600000000000001,0.08600000000000001
-0.19138000000000002,0.2,0.082,0.082,0.082
-0.19137600000000002,0.2,0.082,0.082,0.082
-0.19137200000000001,0.0,0.078,0.078,0.078
-0.191368,-0.2,0.09,0.09,0.09
-0.191364,-0.2,0.082,0.082,0.082
-0.19136,-0.4,0.082,0.082,0.082
-0.19135600000000003,-0.2,0.08600000000000001,0.08600000000000001,0.08600000000000001
-0.19135200000000002,-0.2,0.082,0.082,0.082
-0.19134800000000002,0.0,0.078,0.078,0.078
-0.19134400000000001,-0.8,0.07,0.07,0.07
-0.19134,-0.4,0.07,0.07,0.07
-0.191336,-0.2,0.08600000000000001,0.08600000000000001,0.08600000000000001
-0.191332,-0.2,0.078,0.078,0.078
-0.191328,0.0,0.078,0.078,0.078
-0.19132400000000002,0.0,0.074,0.074,0.074
-0.19132000000000002,-0.4,0.082,0.082,0.082
-0.191316,-0.2,0.074,0.074,0.074
-0.191312,-0.2,0.08600000000000001,0.08600000000000001,0.08600000000000001
-0.191308,0.0,0.082,0.082,0.082
-0.191304,-0.4,0.08600000000000001,0.08600000000000001,0.08600000000000001
-0.19130000000000003,0.0,0.082,0.082,0.082
-0.19129600000000002,-0.2,0.09,0.09,0.09
-0.19129200000000002,-0.2,0.078,0.078,0.078
-0.191288,-0.2,0.08600000000000001,0.08600000000000001,0.08600000000000001
-0.191284,-0.6000000000000001,0.074,0.074,0.074
-0.19128,0.0,0.078,0.078,0.078
-0.191276,0.0,0.082,0.082,0.082
-0.191272,-0.2,0.082,0.082,0.082
-0.19126800000000002,-0.2,0.082,0.082,0.082
-0.19126400000000002,-0.2,0.078,0.078,0.078
-0.19126,0.2,0.09,0.09,0.09
-0.191256,-0.4,0.078,0.078,0.078
-0.191252,0.2,0.07,0.07,0.07
-0.191248,-0.4,0.082,0.082,0.082
-0.19124400000000003,0.0,0.082,0.082,0.082
-0.19124000000000002,-0.4,0.07,0.07,0.07
-0.19123600000000002,-0.6000000000000001,0.078,0.078,0.078
-0.191232,0.0,0.09,0.09,0.09
-0.191228,-0.2,0.08600000000000001,0.08600000000000001,0.08600000000000001
-0.191224,-0.4,0.094,0.094,0.094
-0.19122,-0.4,0.08600000000000001,0.08600000000000001,0.08600000000000001
-0.191216,0.0,0.07,0.07,0.07
-0.19121200000000002,-0.2,0.082,0.082,0.082
-0.19120800000000002,0.0,0.082,0.082,0.082
-0.191204,-0.4,0.09,0.09,0.09
-0.1912,0.0,0.078,0.078,0.078
-0.191196,-0.2,0.08600000000000001,0.08600000000000001,0.08600000000000001
-0.191192,0.4,0.082,0.082,0.082
-0.19118800000000002,-0.4,0.082,0.082,0.082
-0.19118400000000002,-0.6000000000000001,0.082,0.082,0.082
-0.19118000000000002,0.0,0.074,0.074,0.074
-0.191176,-0.2,0.08600000000000001,0.08600000000000001,0.08600000000000001
-0.191172,0.2,0.08600000000000001,0.08600000000000001,0.08600000000000001
-0.191168,-0.2,0.082,0.082,0.082
-0.191164,0.0,0.082,0.082,0.082
-0.19116000000000002,-0.2,0.074,0.074,0.074
-0.19115600000000002,0.0,0.082,0.082,0.082
-0.19115200000000002,-0.2,0.08600000000000001,0.08600000000000001,0.08600000000000001
-0.191148,-0.2,0.082,0.082,0.082
-0.191144,-0.2,0.074,0.074,0.074
-0.19114,0.0,0.078,0.078,0.078
-0.191136,0.0,0.078,0.078,0.078
-0.19113200000000002,0.0,0.07,0.07,0.07
-0.19112800000000002,-0.2,0.078,0.078,0.078
-0.19112400000000002,-0.2,0.082,0.082,0.082
-0.19112,0.0,0.082,0.082,0.082
-0.191116,-0.4,0.09,0.09,0.09
-0.191112,-0.4,0.07,0.07,0.07
-0.191108,-0.2,0.078,0.078,0.078
-0.19110400000000002,0.0,0.074,0.074,0.074
-0.19110000000000002,-0.2,0.078,0.078,0.078
-0.19109600000000002,0.4,0.082,0.082,0.082
-0.191092,0.0,0.082,0.082,0.082
-0.191088,-0.2,0.082,0.082,0.082
-0.191084,0.0,0.07,0.07,0.07
-0.19108,0.0,0.078,0.078,0.078
-0.19107600000000002,0.4,0.074,0.074,0.074
-0.19107200000000002,-0.2,0.082,0.082,0.082
-0.19106800000000002,0.0,0.094,0.094,0.094
-0.191064,-0.2,0.078,0.078,0.078
-0.19106,0.2,0.08600000000000001,0.08600000000000001,0.08600000000000001
-0.191056,-0.4,0.082,0.082,0.082
-0.191052,-0.6000000000000001,0.09,0.09,0.09
-0.19104800000000002,-0.2,0.078,0.078,0.078
-0.19104400000000002,-0.2,0.08600000000000001,0.08600000000000001,0.08600000000000001
-0.19104000000000002,-0.2,0.08600000000000001,0.08600000000000001,0.08600000000000001
-0.191036,0.0,0.082,0.082,0.082
-0.191032,-0.2,0.082,0.082,0.082
-0.191028,0.0,0.074,0.074,0.074
-0.191024,-0.2,0.082,0.082,0.082
-0.19102000000000002,0.0,0.08600000000000001,0.08600000000000001,0.08600000000000001
-0.19101600000000002,-0.2,0.078,0.078,0.078
-0.19101200000000002,0.0,0.08600000000000001,0.08600000000000001,0.08600000000000001
-0.191008,-0.2,0.098,0.098,0.098
-0.191004,0.0,0.074,0.074,0.074
-0.191,0.0,0.074,0.074,0.074
-0.190996,-0.2,0.074,0.074,0.074
-0.19099200000000002,-0.2,0.078,0.078,0.078
-0.19098800000000002,-0.2,0.082,0.082,0.082
-0.19098400000000001,-0.2,0.094,0.094,0.094
-0.19098,-0.4,0.082,0.082,0.082
-0.190976,-0.4,0.082,0.082,0.082
-0.190972,-0.2,0.09,0.09,0.09
-0.190968,0.0,0.082,0.082,0.082
-0.19096400000000002,-0.4,0.08600000000000001,0.08600000000000001,0.08600000000000001
-0.19096000000000002,-0.2,0.08600000000000001,0.08600000000000001,0.08600000000000001
-0.19095600000000001,-0.4,0.078,0.078,0.078
-0.190952,-0.4,0.074,0.074,0.074
-0.190948,0.0,0.074,0.074,0.074
-0.190944,0.0,0.074,0.074,0.074
-0.19094,0.0,0.078,0.078,0.078
-0.19093600000000002,0.0,0.078,0.078,0.078
-0.19093200000000002,-0.4,0.082,0.082,0.082
-0.19092800000000001,0.0,0.082,0.082,0.082
-0.190924,0.0,0.08600000000000001,0.08600000000000001,0.08600000000000001
-0.19092,0.2,0.082,0.082,0.082
-0.190916,0.2,0.074,0.074,0.074
-0.19091200000000003,0.2,0.082,0.082,0.082
-0.19090800000000002,0.6000000000000001,0.082,0.082,0.082
-0.19090400000000002,0.0,0.09,0.09,0.09
-0.19090000000000001,0.0,0.074,0.074,0.074
-0.190896,0.0,0.082,0.082,0.082
-0.190892,0.0,0.08600000000000001,0.08600000000000001,0.08600000000000001
-0.190888,0.0,0.08600000000000001,0.08600000000000001,0.08600000000000001
-0.190884,0.0,0.08600000000000001,0.08600000000000001,0.08600000000000001
-0.19088000000000002,0.0,0.07,0.07,0.07
-0.19087600000000002,-0.2,0.078,0.078,0.078
-0.190872,0.2,0.074,0.074,0.074
-0.190868,-0.4,0.08600000000000001,0.08600000000000001,0.08600000000000001
-0.190864,0.2,0.07,0.07,0.07
-0.19086,-0.2,0.078,0.078,0.078
-0.19085600000000003,-0.2,0.08600000000000001,0.08600000000000001,0.08600000000000001
-0.19085200000000002,0.0,0.074,0.074,0.074
-0.19084800000000002,0.0,0.08600000000000001,0.08600000000000001,0.08600000000000001
-0.190844,0.2,0.09,0.09,0.09
-0.19084,0.2,0.074,0.074,0.074
-0.190836,-0.2,0.078,0.078,0.078
-0.190832,0.2,0.082,0.082,0.082
-0.190828,-0.6000000000000001,0.082,0.082,0.082
-0.19082400000000002,0.2,0.08600000000000001,0.08600000000000001,0.08600000000000001
-0.19082000000000002,0.2,0.078,0.078,0.078
-0.190816,-0.2,0.082,0.082,0.082
-0.190812,0.0,0.082,0.082,0.082
-0.190808,-0.4,0.074,0.074,0.074
-0.190804,-0.4,0.07,0.07,0.07
-0.19080000000000003,0.0,0.08600000000000001,0.08600000000000001,0.08600000000000001
-0.19079600000000002,0.0,0.082,0.082,0.082
-0.19079200000000002,-0.4,0.082,0.082,0.082
-0.190788,-0.8,0.078,0.078,0.078
-0.190784,-0.2,0.082,0.082,0.082
-0.19078,0.2,0.082,0.082,0.082
-0.190776,-0.2,0.082,0.082,0.082
-0.190772,0.0,0.074,0.074,0.074
-0.19076800000000002,-0.4,0.08600000000000001,0.08600000000000001,0.08600000000000001
-0.19076400000000002,-0.4,0.08600000000000001,0.08600000000000001,0.08600000000000001
-0.19076,-0.2,0.078,0.078,0.078
-0.190756,-0.2,0.074,0.074,0.074
-0.190752,-0.4,0.082,0.082,0.082
-0.190748,0.2,0.094,0.094,0.094
-0.19074400000000002,-0.4,0.078,0.078,0.078
-0.19074000000000002,-0.4,0.074,0.074,0.074
-0.19073600000000002,0.0,0.078,0.078,0.078
-0.190732,-0.2,0.07,0.07,0.07
-0.190728,0.4,0.08600000000000001,0.08600000000000001,0.08600000000000001
-0.190724,0.0,0.078,0.078,0.078
-0.19072,-0.2,0.078,0.078,0.078
-0.19071600000000002,-0.2,0.08600000000000001,0.08600000000000001,0.08600000000000001
-0.19071200000000002,-0.2,0.082,0.082,0.082
-0.19070800000000002,0.0,0.082,0.082,0.082
-0.190704,-0.2,0.078,0.078,0.078
-0.1907,-0.4,0.082,0.082,0.082
-0.190696,0.0,0.08600000000000001,0.08600000000000001,0.08600000000000001
-0.190692,0.2,0.07,0.07,0.07
-0.19068800000000002,0.2,0.08600000000000001,0.08600000000000001,0.08600000000000001
-0.19068400000000002,0.2,0.078,0.078,0.078
-0.19068000000000002,0.0,0.074,0.074,0.074
-0.190676,0.0,0.08600000000000001,0.08600000000000001,0.08600000000000001
-0.190672,-0.6000000000000001,0.078,0.078,0.078
-0.190668,-0.2,0.08600000000000001,0.08600000000000001,0.08600000000000001
-0.190664,-0.2,0.074,0.074,0.074
-0.19066000000000002,-0.2,0.082,0.082,0.082
-0.19065600000000002,-0.2,0.074,0.074,0.074
-0.19065200000000002,0.0,0.082,0.082,0.082
-0.190648,0.0,0.082,0.082,0.082
-0.190644,0.4,0.078,0.078,0.078
-0.19064,-0.2,0.08600000000000001,0.08600000000000001,0.08600000000000001
-0.190636,0.0,0.074,0.074,0.074
-0.19063200000000002,0.0,0.074,0.074,0.074
-0.19062800000000002,0.0,0.08600000000000001,0.08600000000000001,0.08600000000000001
-0.19062400000000002,-0.4,0.07,0.07,0.07
-0.19062,-0.2,0.07,0.07,0.07
-0.190616,0.0,0.074,0.074,0.074
-0.190612,-0.2,0.08600000000000001,0.08600000000000001,0.08600000000000001
-0.190608,-0.2,0.07,0.07,0.07
-0.19060400000000002,-0.2,0.078,0.078,0.078
-0.19060000000000002,-0.2,0.074,0.074,0.074
-0.19059600000000002,0.2,0.074,0.074,0.074
-0.190592,0.2,0.082,0.082,0.082
-0.190588,0.0,0.074,0.074,0.074
-0.190584,0.4,0.078,0.078,0.078
-0.19058,0.0,0.074,0.074,0.074
-0.19057600000000002,0.2,0.082,0.082,0.082
-0.19057200000000002,-0.2,0.082,0.082,0.082
-0.19056800000000002,-0.2,0.094,0.094,0.094
-0.190564,-0.2,0.09,0.09,0.09
-0.19056,0.0,0.082,0.082,0.082
-0.190556,0.2,0.094,0.094,0.094
-0.190552,0.0,0.074,0.074,0.074
-0.19054800000000002,0.2,0.078,0.078,0.078
-0.19054400000000002,0.2,0.078,0.078,0.078
-0.19054000000000001,-0.4,0.082,0.082,0.082
-0.190536,-0.6000000000000001,0.07,0.07,0.07
-0.190532,-0.4,0.08600000000000001,0.08600000000000001,0.08600000000000001
-0.190528,0.2,0.08600000000000001,0.08600000000000001,0.08600000000000001
-0.190524,-0.2,0.074,0.074,0.074
-0.19052000000000002,0.0,0.074,0.074,0.074
-0.19051600000000002,0.0,0.078,0.078,0.078
-0.19051200000000001,-0.6000000000000001,0.074,0.074,0.074
-0.190508,-0.4,0.082,0.082,0.082
-0.190504,-0.2,0.09,0.09,0.09
-0.1905,-0.4,0.082,0.082,0.082
-0.190496,-0.2,0.078,0.078,0.078
-0.19049200000000002,-0.6000000000000001,0.078,0.078,0.078
-0.19048800000000002,-0.2,0.07,0.07,0.07
-0.19048400000000001,-0.2,0.09,0.09,0.09
-0.19048,-0.4,0.082,0.082,0.082
-0.190476,0.0,0.074,0.074,0.074
-0.190472,0.2,0.074,0.074,0.074
-0.19046800000000003,-0.2,0.074,0.074,0.074
-0.19046400000000002,-0.2,0.094,0.094,0.094
-0.19046000000000002,0.0,0.08600000000000001,0.08600000000000001,0.08600000000000001
-0.19045600000000001,-0.2,0.074,0.074,0.074
-0.190452,0.0,0.08600000000000001,0.08600000000000001,0.08600000000000001
-0.190448,-0.4,0.082,0.082,0.082
-0.190444,-0.4,0.074,0.074,0.074
-0.19044,-0.2,0.08600000000000001,0.08600000000000001,0.08600000000000001
-0.19043600000000002,-0.4,0.082,0.082,0.082
-0.19043200000000002,0.0,0.082,0.082,0.082
-0.19042800000000001,-0.2,0.078,0.078,0.078
-0.190424,-0.6000000000000001,0.078,0.078,0.078
-0.19042,-0.2,0.082,0.082,0.082
-0.190416,-0.2,0.08600000000000001,0.08600000000000001,0.08600000000000001
-0.19041200000000003,-0.2,0.082,0.082,0.082
-0.19040800000000002,0.0,0.074,0.074,0.074
-0.19040400000000002,-0.6000000000000001,0.078,0.078,0.078
-0.1904,-0.4,0.082,0.082,0.082
-0.190396,-0.2,0.09,0.09,0.09
-0.190392,0.2,0.082,0.082,0.082
-0.190388,-0.6000000000000001,0.07,0.07,0.07
-0.190384,-0.6000000000000001,0.082,0.082,0.082
-0.19038000000000002,0.0,0.074,0.074,0.074
-0.19037600000000002,-0.2,0.082,0.082,0.082
-0.190372,-0.2,0.082,0.082,0.082
-0.190368,-0.2,0.078,0.078,0.078
-0.190364,0.0,0.082,0.082,0.082
-0.19036,-0.2,0.074,0.074,0.074
-0.19035600000000003,0.0,0.082,0.082,0.082
-0.19035200000000002,-0.4,0.082,0.082,0.082
-0.19034800000000002,0.0,0.074,0.074,0.074
-0.190344,0.0,0.078,0.078,0.078
-0.19034,-0.4,0.094,0.094,0.094
-0.190336,-0.4,0.08600000000000001,0.08600000000000001,0.08600000000000001
-0.190332,0.2,0.078,0.078,0.078
-0.190328,-0.2,0.082,0.082,0.082
-0.19032400000000002,-0.4,0.062,0.062,0.062
-0.19032000000000002,-0.4,0.078,0.078,0.078
-0.190316,0.0,0.082,0.082,0.082
-0.190312,-0.4,0.078,0.078,0.078
-0.190308,0.2,0.08600000000000001,0.08600000000000001,0.08600000000000001
-0.190304,0.0,0.082,0.082,0.082
-0.19030000000000002,-0.2,0.082,0.082,0.082
-0.19029600000000002,0.0,0.082,0.082,0.082
-0.19029200000000002,0.2,0.09,0.09,0.09
-0.190288,-0.2,0.094,0.094,0.094
-0.190284,0.0,0.08600000000000001,0.08600000000000001,0.08600000000000001
-0.19028,-0.2,0.078,0.078,0.078
-0.190276,0.0,0.074,0.074,0.074
-0.19027200000000002,-0.2,0.07,0.07,0.07
-0.19026800000000002,0.2,0.074,0.074,0.074
-0.19026400000000002,-0.2,0.082,0.082,0.082
-0.19026,-0.4,0.078,0.078,0.078
-0.190256,0.2,0.078,0.078,0.078
-0.190252,-0.6000000000000001,0.082,0.082,0.082
-0.190248,0.2,0.09,0.09,0.09
-0.19024400000000002,0.0,0.078,0.078,0.078
-0.19024000000000002,-0.4,0.08600000000000001,0.08600000000000001,0.08600000000000001
-0.19023600000000002,-0.2,0.08600000000000001,0.08600000000000001,0.08600000000000001
-0.190232,-0.4,0.074,0.074,0.074
-0.190228,-0.2,0.078,0.078,0.078
-0.190224,0.0,0.078,0.078,0.078
-0.19022,0.0,0.082,0.082,0.082
-0.19021600000000002,-0.4,0.08600000000000001,0.08600000000000001,0.08600000000000001
-0.19021200000000002,0.2,0.082,0.082,0.082
-0.19020800000000002,-0.6000000000000001,0.082,0.082,0.082
-0.190204,-0.2,0.08600000000000001,0.08600000000000001,0.08600000000000001
-0.1902,-0.2,0.08600000000000001,0.08600000000000001,0.08600000000000001
-0.190196,-0.2,0.082,0.082,0.082
-0.190192,0.0,0.074,0.074,0.074
-0.19018800000000002,0.0,0.074,0.074,0.074
-0.19018400000000002,-0.2,0.082,0.082,0.082
-0.19018000000000002,-0.4,0.082,0.082,0.082
-0.190176,-0.4,0.082,0.082,0.082
-0.190172,-0.2,0.078,0.078,0.078
-0.190168,0.0,0.09,0.09,0.09
-0.190164,-0.2,0.082,0.082,0.082
-0.19016000000000002,0.0,0.078,0.078,0.078
-0.19015600000000002,0.2,0.09,0.09,0.09
-0.19015200000000002,-0.2,0.094,0.094,0.094
-0.190148,-0.4,0.08600000000000001,0.08600000000000001,0.08600000000000001
-0.190144,0.0,0.082,0.082,0.082
-0.19014,0.0,0.078,0.078,0.078
-0.190136,-0.4,0.08600000000000001,0.08600000000000001,0.08600000000000001
-0.19013200000000002,0.2,0.082,0.082,0.082
-0.19012800000000002,-0.6000000000000001,0.074,0.074,0.074
-0.19012400000000002,-0.2,0.09,0.09,0.09
-0.19012,-0.6000000000000001,0.082,0.082,0.082
-0.190116,0.0,0.074,0.074,0.074
-0.190112,0.0,0.074,0.074,0.074
-0.190108,-0.2,0.074,0.074,0.074
-0.19010400000000002,-0.4,0.078,0.078,0.078
-0.19010000000000002,-0.2,0.066,0.066,0.066
-0.19009600000000001,-0.2,0.074,0.074,0.074
-0.190092,-0.2,0.08600000000000001,0.08600000000000001,0.08600000000000001
-0.190088,-0.2,0.078,0.078,0.078
-0.190084,-0.4,0.074,0.074,0.074
-0.19008,-0.2,0.082,0.082,0.082
-0.19007600000000002,-0.2,0.078,0.078,0.078
-0.19007200000000002,-0.4,0.078,0.078,0.078
-0.19006800000000001,-0.2,0.074,0.074,0.074
-0.190064,0.4,0.074,0.074,0.074
-0.19006,0.4,0.082,0.082,0.082
-0.190056,0.0,0.082,0.082,0.082
-0.190052,0.4,0.078,0.078,0.078
-0.19004800000000002,-0.2,0.078,0.078,0.078
-0.19004400000000002,-0.6000000000000001,0.078,0.078,0.078
-0.19004000000000001,0.2,0.08600000000000001,0.08600000000000001,0.08600000000000001
-0.190036,0.0,0.08600000000000001,0.08600000000000001,0.08600000000000001
-0.190032,0.0,0.074,0.074,0.074
-0.190028,0.2,0.082,0.082,0.082
-0.19002400000000003,-0.4,0.078,0.078,0.078
-0.19002000000000002,0.2,0.082,0.082,0.082
-0.19001600000000002,0.0,0.078,0.078,0.078
-0.19001200000000001,0.0,0.08600000000000001,0.08600000000000001,0.08600000000000001
-0.190008,0.2,0.078,0.078,0.078
-0.190004,-0.4,0.082,0.082,0.082
-0.19,-0.2,0.09,0.09,0.09
-0.189996,-0.4,0.078,0.078,0.078
-0.18999200000000002,-0.2,0.078,0.078,0.078
-0.18998800000000002,0.0,0.078,0.078,0.078
-0.18998400000000001,0.2,0.082,0.082,0.082
-0.18998,0.0,0.082,0.082,0.082
-0.189976,0.2,0.074,0.074,0.074
-0.189972,-0.2,0.074,0.074,0.074
-0.18996800000000003,0.0,0.078,0.078,0.078
-0.18996400000000002,-0.2,0.07,0.07,0.07
-0.18996000000000002,-0.2,0.074,0.074,0.074
-0.189956,0.0,0.066,0.066,0.066
-0.189952,0.0,0.078,0.078,0.078
-0.189948,0.0,0.074,0.074,0.074
-0.189944,-0.2,0.074,0.074,0.074
-0.18994,0.0,0.078,0.078,0.078
-0.18993600000000002,0.0,0.08600000000000001,0.08600000000000001,0.08600000000000001
-0.18993200000000002,-0.2,0.082,0.082,0.082
-0.189928,0.2,0.078,0.078,0.078
-0.189924,0.0,0.078,0.078,0.078
-0.18992,-0.2,0.078,0.078,0.078
-0.189916,0.2,0.08600000000000001,0.08600000000000001,0.08600000000000001
-0.18991200000000003,-0.2,0.08600000000000001,0.08600000000000001,0.08600000000000001
-0.18990800000000002,0.0,0.082,0.082,0.082
-0.18990400000000002,0.2,0.082,0.082,0.082
-0.1899,-0.2,0.09,0.09,0.09
-0.189896,-0.2,0.082,0.082,0.082
-0.189892,0.2,0.08600000000000001,0.08600000000000001,0.08600000000000001
-0.189888,0.0,0.078,0.078,0.078
-0.189884,-0.2,0.09,0.09,0.09
-0.18988000000000002,-0.2,0.08600000000000001,0.08600000000000001,0.08600000000000001
-0.18987600000000002,0.2,0.08600000000000001,0.08600000000000001,0.08600000000000001
-0.189872,-0.2,0.082,0.082,0.082
-0.189868,-0.2,0.074,0.074,0.074
-0.189864,0.0,0.082,0.082,0.082
-0.18986,0.0,0.074,0.074,0.074
-0.18985600000000002,-0.4,0.082,0.082,0.082
-0.18985200000000002,-0.6000000000000001,0.078,0.078,0.078
-0.18984800000000002,0.0,0.082,0.082,0.082
-0.189844,-0.2,0.082,0.082,0.082
-0.18984,0.0,0.078,0.078,0.078
-0.189836,0.2,0.07,0.07,0.07
-0.189832,0.0,0.078,0.078,0.078
-0.18982800000000002,0.0,0.078,0.078,0.078
-0.18982400000000002,-0.2,0.082,0.082,0.082
-0.18982000000000002,-0.2,0.08600000000000001,0.08600000000000001,0.08600000000000001
-0.189816,0.2,0.074,0.074,0.074
-0.189812,-0.2,0.082,0.082,0.082
-0.189808,0.0,0.082,0.082,0.082
-0.189804,-0.2,0.08600000000000001,0.08600000000000001,0.08600000000000001
-0.18980000000000002,-0.4,0.082,0.082,0.082
-0.18979600000000002,-0.2,0.082,0.082,0.082
-0.18979200000000002,-0.2,0.074,0.074,0.074
-0.189788,-0.6000000000000001,0.082,0.082,0.082
-0.189784,0.2,0.074,0.074,0.074
-0.18978,-0.4,0.08600000000000001,0.08600000000000001,0.08600000000000001
-0.189776,0.0,0.074,0.074,0.074
-0.18977200000000002,0.2,0.074,0.074,0.074
-0.18976800000000002,0.0,0.082,0.082,0.082
-0.18976400000000002,0.0,0.078,0.078,0.078
-0.18976,-0.2,0.078,0.078,0.078
-0.189756,0.2,0.082,0.082,0.082
-0.189752,-0.2,0.08600000000000001,0.08600000000000001,0.08600000000000001
-0.189748,-0.2,0.078,0.078,0.078
-0.18974400000000002,0.2,0.082,0.082,0.082
-0.18974000000000002,0.2,0.074,0.074,0.074
-0.18973600000000002,-0.4,0.074,0.074,0.074
-0.189732,-0.4,0.082,0.082,0.082
-0.189728,-0.4,0.078,0.078,0.078
-0.189724,0.2,0.082,0.082,0.082
-0.18972,0.0,0.082,0.082,0.082
-0.18971600000000002,-0.2,0.082,0.082,0.082
-0.18971200000000002,0.0,0.08600000000000001,0.08600000000000001,0.08600000000000001
-0.18970800000000002,-0.6000000000000001,0.078,0.078,0.078
-0.189704,0.0,0.08600000000000001,0.08600000000000001,0.08600000000000001
-0.1897,-0.4,0.074,0.074,0.074
-0.189696,0.0,0.078,0.078,0.078
-0.189692,-0.2,0.09,0.09,0.09
-0.18968800000000002,-0.4,0.074,0.074,0.074
-0.18968400000000002,0.0,0.074,0.074,0.074
-0.18968000000000002,0.0,0.074,0.074,0.074
-0.189676,-0.4,0.082,0.082,0.082
-0.189672,0.0,0.07,0.07,0.07
-0.189668,-0.2,0.082,0.082,0.082
-0.189664,0.0,0.082,0.082,0.082
-0.18966000000000002,0.2,0.078,0.078,0.078
-0.18965600000000002,0.0,0.08600000000000001,0.08600000000000001,0.08600000000000001
-0.18965200000000002,-0.2,0.074,0.074,0.074
-0.189648,-0.2,0.078,0.078,0.078
-0.189644,0.0,0.074,0.074,0.074
-0.18964,-0.4,0.082,0.082,0.082
-0.189636,-0.4,0.082,0.082,0.082
-0.18963200000000002,0.2,0.07,0.07,0.07
-0.18962800000000002,-0.2,0.078,0.078,0.078
-0.18962400000000001,-0.6000000000000001,0.078,0.078,0.078
-0.18962,0.0,0.07,0.07,0.07
-0.189616,-0.2,0.082,0.082,0.082
-0.189612,-0.4,0.078,0.078,0.078
-0.189608,0.0,0.078,0.078,0.078
-0.18960400000000002,0.0,0.082,0.082,0.082
-0.18960000000000002,-0.4,0.078,0.078,0.078
-0.18959600000000001,-0.6000000000000001,0.074,0.074,0.074
-0.189592,-0.2,0.08600000000000001,0.08600000000000001,0.08600000000000001
-0.189588,0.0,0.078,0.078,0.078
-0.189584,0.2,0.09,0.09,0.09
-0.18958000000000003,0.2,0.08600000000000001,0.08600000000000001,0.08600000000000001
-0.18957600000000002,-0.2,0.08600000000000001,0.08600000000000001,0.08600000000000001
-0.18957200000000002,-0.6000000000000001,0.08600000000000001,0.08600000000000001,0.08600000000000001
-0.18956800000000001,0.0,0.078,0.078,0.078
-0.189564,-0.2,0.07,0.07,0.07
-0.18956,-0.4,0.074,0.074,0.074
-0.189556,0.0,0.078,0.078,0.078
-0.189552,-0.4,0.08600000000000001,0.08600000000000001,0.08600000000000001
-0.18954800000000002,-0.4,0.082,0.082,0.082
-0.18954400000000002,-0.2,0.082,0.082,0.082
-0.18954000000000001,-0.6000000000000001,0.082,0.082,0.082
-0.189536,0.4,0.08600000000000001,0.08600000000000001,0.08600000000000001
-0.189532,-0.4,0.09,0.09,0.09
-0.189528,-0.4,0.08600000000000001,0.08600000000000001,0.08600000000000001
-0.18952400000000003,-0.2,0.08600000000000001,0.08600000000000001,0.08600000000000001
-0.18952000000000002,0.0,0.08600000000000001,0.08600000000000001,0.08600000000000001
-0.18951600000000002,-0.4,0.082,0.082,0.082
-0.189512,-0.6000000000000001,0.082,0.082,0.082
-0.189508,-0.4,0.074,0.074,0.074
-0.189504,0.2,0.078,0.078,0.078
-0.1895,-0.2,0.074,0.074,0.074
-0.189496,0.0,0.082,0.082,0.082
-0.18949200000000002,-0.4,0.074,0.074,0.074
-0.18948800000000002,-0.4,0.082,0.082,0.082
-0.189484,0.0,0.078,0.078,0.078
-0.18948,-0.4,0.078,0.078,0.078
-0.189476,-0.2,0.078,0.078,0.078
-0.189472,-0.2,0.078,0.078,0.078
-0.18946800000000003,0.0,0.078,0.078,0.078
-0.18946400000000002,-0.2,0.08600000000000001,0.08600000000000001,0.08600000000000001
-0.18946000000000002,-0.2,0.09,0.09,0.09
-0.189456,-0.4,0.078,0.078,0.078
-0.189452,0.0,0.082,0.082,0.082
-0.189448,-0.4,0.082,0.082,0.082
-0.189444,0.0,0.082,0.082,0.082
-0.18944,-0.2,0.078,0.078,0.078
-0.18943600000000002,-0.4,0.074,0.074,0.074
-0.18943200000000002,0.0,0.082,0.082,0.082
-0.189428,0.2,0.08600000000000001,0.08600000000000001,0.08600000000000001
-0.189424,-0.6000000000000001,0.07,0.07,0.07
-0.18942,0.0,0.08600000000000001,0.08600000000000001,0.08600000000000001
-0.189416,0.0,0.078,0.078,0.078
-0.18941200000000002,0.0,0.078,0.078,0.078
-0.18940800000000002,0.0,0.082,0.082,0.082
-0.18940400000000002,-0.4,0.082,0.082,0.082
-0.1894,-0.2,0.078,0.078,0.078
-0.189396,-0.2,0.078,0.078,0.078
-0.189392,0.6000000000000001,0.082,0.082,0.082
-0.189388,-0.6000000000000001,0.08600000000000001,0.08600000000000001,0.08600000000000001
-0.18938400000000002,-0.4,0.082,0.082,0.082
-0.18938000000000002,0.0,0.08600000000000001,0.08600000000000001,0.08600000000000001
-0.18937600000000002,0.0,0.08600000000000001,0.08600000000000001,0.08600000000000001
-0.189372,-0.2,0.078,0.078,0.078
-0.189368,0.2,0.08600000000000001,0.08600000000000001,0.08600000000000001
-0.189364,0.2,0.082,0.082,0.082
-0.18936,-0.4,0.07,0.07,0.07
-0.18935600000000002,0.0,0.078,0.078,0.078
-0.18935200000000002,0.2,0.078,0.078,0.078
-0.18934800000000002,-0.2,0.082,0.082,0.082
-0.189344,-0.2,0.074,0.074,0.074
-0.18934,0.0,0.074,0.074,0.074
-0.189336,0.2,0.074,0.074,0.074
-0.189332,0.2,0.09,0.09,0.09
-0.18932800000000002,-0.6000000000000001,0.08600000000000001,0.08600000000000001,0.08600000000000001
-0.18932400000000002,-0.4,0.078,0.078,0.078
-0.18932000000000002,-0.2,0.074,0.074,0.074
-0.189316,0.4,0.066,0.066,0.066
-0.189312,-0.2,0.082,0.082,0.082
-0.189308,-0.4,0.08600000000000001,0.08600000000000001,0.08600000000000001
-0.189304,0.0,0.082,0.082,0.082
-0.18930000000000002,-0.2,0.078,0.078,0.078
-0.18929600000000002,0.0,0.082,0.082,0.082
-0.18929200000000002,0.2,0.078,0.078,0.078
-0.189288,0.0,0.078,0.078,0.078
-0.189284,0.0,0.10200000000000001,0.10200000000000001,0.10200000000000001
-0.18928,-0.4,0.074,0.074,0.074
-0.189276,-0.4,0.08600000000000001,0.08600000000000001,0.08600000000000001
-0.18927200000000002,-0.4,0.078,0.078,0.078
-0.18926800000000002,0.0,0.082,0.082,0.082
-0.18926400000000002,0.0,0.078,0.078,0.078
-0.18926,0.0,0.074,0.074,0.074
-0.189256,0.0,0.074,0.074,0.074
-0.189252,0.4,0.078,0.078,0.078
-0.189248,-0.2,0.082,0.082,0.082
-0.18924400000000002,-0.2,0.078,0.078,0.078
-0.18924000000000002,-0.4,0.082,0.082,0.082
-0.18923600000000002,0.0,0.078,0.078,0.078
-0.189232,0.0,0.082,0.082,0.082
-0.189228,-0.2,0.074,0.074,0.074
-0.189224,-0.2,0.078,0.078,0.078
-0.18922,-0.4,0.074,0.074,0.074
-0.18921600000000002,0.0,0.082,0.082,0.082
-0.18921200000000002,-0.2,0.078,0.078,0.078
-0.18920800000000002,0.2,0.078,0.078,0.078
-0.189204,-0.2,0.078,0.078,0.078
-0.1892,0.0,0.074,0.074,0.074
-0.189196,0.0,0.082,0.082,0.082
-0.189192,0.2,0.078,0.078,0.078
-0.18918800000000002,0.2,0.082,0.082,0.082
-0.18918400000000002,-0.2,0.08600000000000001,0.08600000000000001,0.08600000000000001
-0.18918000000000001,-0.2,0.082,0.082,0.082
-0.189176,0.2,0.078,0.078,0.078
-0.189172,0.0,0.078,0.078,0.078
-0.189168,0.2,0.074,0.074,0.074
-0.189164,-0.4,0.082,0.082,0.082
-0.18916000000000002,0.0,0.078,0.078,0.078
-0.18915600000000002,-0.2,0.078,0.078,0.078
-0.18915200000000001,-0.4,0.082,0.082,0.082
-0.189148,-0.2,0.08600000000000001,0.08600000000000001,0.08600000000000001
-0.189144,0.0,0.078,0.078,0.078
-0.18914,0.2,0.078,0.078,0.078
-0.18913600000000003,-0.2,0.08600000000000001,0.08600000000000001,0.08600000000000001
-0.18913200000000002,-0.2,0.07,0.07,0.07
-0.18912800000000002,0.0,0.082,0.082,0.082
-0.18912400000000001,0.2,0.078,0.078,0.078
-0.18912,-0.2,0.074,0.074,0.074
-0.189116,0.4,0.074,0.074,0.074
-0.189112,0.2,0.074,0.074,0.074
-0.189108,0.0,0.07,0.07,0.07
-0.18910400000000002,-0.2,0.078,0.078,0.078
-0.18910000000000002,-0.2,0.074,0.074,0.074
-0.18909600000000001,-0.2,0.074,0.074,0.074
-0.189092,-0.2,0.08600000000000001,0.08600000000000001,0.08600000000000001
-0.189088,0.0,0.08600000000000001,0.08600000000000001,0.08600000000000001
-0.189084,0.0,0.082,0.082,0.082
-0.18908000000000003,0.0,0.082,0.082,0.082
-0.18907600000000002,-0.2,0.078,0.078,0.078
-0.18907200000000002,0.0,0.074,0.074,0.074
-0.189068,-0.2,0.08600000000000001,0.08600000000000001,0.08600000000000001
-0.189064,-0.4,0.078,0.078,0.078
-0.18906,0.2,0.08600000000000001,0.08600000000000001,0.08600000000000001
-0.189056,0.0,0.08600000000000001,0.08600000000000001,0.08600000000000001
-0.189052,-0.2,0.082,0.082,0.082
-0.18904800000000002,0.0,0.082,0.082,0.082
-0.18904400000000002,-0.2,0.07,0.07,0.07
-0.18904,0.0,0.07,0.07,0.07
-0.189036,-0.2,0.082,0.082,0.082
-0.189032,-0.6000000000000001,0.08600000000000001,0.08600000000000001,0.08600000000000001
-0.189028,0.2,0.08600000000000001,0.08600000000000001,0.08600000000000001
-0.18902400000000003,0.0,0.08600000000000001,0.08600000000000001,0.08600000000000001
-0.18902000000000002,0.4,0.074,0.074,0.074
-0.18901600000000002,-0.2,0.082,0.082,0.082
-0.189012,0.0,0.094,0.094,0.094
-0.189008,0.2,0.082,0.082,0.082
-0.189004,-0.4,0.082,0.082,0.082
-0.189,-0.4,0.09,0.09,0.09
-0.188996,-0.4,0.08600000000000001,0.08600000000000001,0.08600000000000001
-0.18899200000000002,0.2,0.074,0.074,0.074
-0.18898800000000002,-0.2,0.08600000000000001,0.08600000000000001,0.08600000000000001
-0.188984,-0.2,0.08600000000000001,0.08600000000000001,0.08600000000000001
-0.18898,-0.4,0.082,0.082,0.082
-0.188976,-0.2,0.09,0.09,0.09
-0.188972,-0.2,0.08600000000000001,0.08600000000000001,0.08600000000000001
-0.18896800000000002,0.2,0.07,0.07,0.07
-0.18896400000000002,-0.4,0.082,0.082,0.082
-0.18896000000000002,0.0,0.082,0.082,0.082
-0.188956,0.0,0.078,0.078,0.078
-0.188952,0.0,0.08600000000000001,0.08600000000000001,0.08600000000000001
-0.188948,-0.2,0.074,0.074,0.074
-0.188944,-0.6000000000000001,0.074,0.074,0.074
-0.18894000000000002,0.0,0.08600000000000001,0.08600000000000001,0.08600000000000001
-0.18893600000000002,0.0,0.078,0.078,0.078
-0.18893200000000002,-0.2,0.078,0.078,0.078
-0.188928,-0.2,0.078,0.078,0.078
-0.188924,0.2,0.078,0.078,0.078
-0.18892,0.0,0.082,0.082,0.082
-0.188916,0.2,0.082,0.082,0.082
-0.18891200000000002,-0.4,0.082,0.082,0.082
-0.18890800000000002,-0.4,0.08600000000000001,0.08600000000000001,0.08600000000000001
-0.18890400000000002,0.2,0.074,0.074,0.074
-0.1889,0.0,0.082,0.082,0.082
-0.188896,0.2,0.09,0.09,0.09
-0.188892,0.2,0.074,0.074,0.074
-0.188888,-0.2,0.078,0.078,0.078
-0.18888400000000002,0.0,0.078,0.078,0.078
-0.18888000000000002,-0.6000000000000001,0.082,0.082,0.082
-0.18887600000000002,-0.2,0.09,0.09,0.09
-0.188872,-0.2,0.074,0.074,0.074
-0.188868,-0.4,0.078,0.078,0.078
-0.188864,-0.4,0.08600000000000001,0.08600000000000001,0.08600000000000001
-0.18886,-0.4,0.078,0.078,0.078
-0.18885600000000002,0.2,0.078,0.078,0.078
-0.18885200000000002,0.2,0.078,0.078,0.078
-0.18884800000000002,0.0,0.082,0.082,0.082
-0.188844,0.0,0.078,0.078,0.078
-0.18884,0.4,0.08600000000000001,0.08600000000000001,0.08600000000000001
-0.188836,-0.4,0.078,0.078,0.078
-0.188832,-0.2,0.082,0.082,0.082
-0.18882800000000002,-0.2,0.074,0.074,0.074
-0.18882400000000002,0.0,0.08600000000000001,0.08600000000000001,0.08600000000000001
-0.18882000000000002,-0.2,0.08600000000000001,0.08600000000000001,0.08600000000000001
-0.188816,-0.4,0.08600000000000001,0.08600000000000001,0.08600000000000001
-0.188812,-0.2,0.078,0.078,0.078
-0.188808,-0.2,0.078,0.078,0.078
-0.188804,-0.2,0.07,0.07,0.07
-0.18880000000000002,-0.4,0.082,0.082,0.082
-0.18879600000000002,-0.4,0.074,0.074,0.074
-0.18879200000000002,0.0,0.078,0.078,0.078
-0.188788,-0.2,0.082,0.082,0.082
-0.188784,-0.8,0.078,0.078,0.078
-0.18878,0.0,0.082,0.082,0.082
-0.188776,-0.2,0.08600000000000001,0.08600000000000001,0.08600000000000001
-0.18877200000000002,0.4,0.09,0.09,0.09
-0.18876800000000002,-0.2,0.078,0.078,0.078
-0.18876400000000002,-0.2,0.08600000000000001,0.08600000000000001,0.08600000000000001
-0.18876,0.0,0.074,0.074,0.074
-0.188756,-0.2,0.074,0.074,0.074
-0.188752,0.0,0.07,0.07,0.07
-0.188748,0.0,0.074,0.074,0.074
-0.18874400000000002,0.0,0.066,0.066,0.066
-0.18874000000000002,0.0,0.082,0.082,0.082
-0.18873600000000001,-0.2,0.082,0.082,0.082
-0.188732,-0.4,0.074,0.074,0.074
-0.188728,-0.2,0.08600000000000001,0.08600000000000001,0.08600000000000001
-0.188724,-0.2,0.082,0.082,0.082
-0.18872,0.2,0.082,0.082,0.082
-0.18871600000000002,-0.8,0.08600000000000001,0.08600000000000001,0.08600000000000001
-0.18871200000000002,0.0,0.08600000000000001,0.08600000000000001,0.08600000000000001
-0.18870800000000001,-0.2,0.09,0.09,0.09
-0.188704,-0.2,0.082,0.082,0.082
-0.1887,-0.2,0.082,0.082,0.082
-0.188696,-0.2,0.082,0.082,0.082
-0.188692,-0.2,0.078,0.078,0.078
-0.18868800000000002,-0.2,0.078,0.078,0.078
-0.18868400000000002,0.2,0.082,0.082,0.082
-0.18868000000000001,-0.2,0.078,0.078,0.078
-0.188676,0.0,0.08600000000000001,0.08600000000000001,0.08600000000000001
-0.188672,0.2,0.074,0.074,0.074
-0.188668,-0.2,0.078,0.078,0.078
-0.188664,-0.4,0.082,0.082,0.082
-0.18866000000000002,0.2,0.074,0.074,0.074
-0.18865600000000002,-0.4,0.07,0.07,0.07
-0.18865200000000001,-0.2,0.078,0.078,0.078
-0.188648,0.0,0.082,0.082,0.082
-0.188644,0.0,0.07,0.07,0.07
-0.18864,-0.2,0.078,0.078,0.078
-0.18863600000000003,-0.6000000000000001,0.074,0.074,0.074
-0.18863200000000002,0.2,0.078,0.078,0.078
-0.18862800000000002,-0.2,0.09,0.09,0.09
-0.188624,0.0,0.074,0.074,0.074
-0.18862,0.0,0.07,0.07,0.07
-0.188616,-0.4,0.074,0.074,0.074
-0.188612,-0.4,0.082,0.082,0.082
-0.188608,0.0,0.082,0.082,0.082
-0.18860400000000002,0.0,0.082,0.082,0.082
-0.18860000000000002,0.0,0.074,0.074,0.074
-0.188596,0.4,0.074,0.074,0.074
-0.188592,-0.2,0.078,0.078,0.078
-0.188588,-0.6000000000000001,0.082,0.082,0.082
-0.188584,0.0,0.082,0.082,0.082
-0.18858000000000003,0.6000000000000001,0.082,0.082,0.082
-0.18857600000000002,0.0,0.074,0.074,0.074
-0.18857200000000002,-0.2,0.082,0.082,0.082
-0.188568,-0.2,0.082,0.082,0.082
-0.188564,0.0,0.078,0.078,0.078
-0.18856,-0.2,0.07,0.07,0.07
-0.188556,-0.2,0.082,0.082,0.082
-0.188552,-0.2,0.09,0.09,0.09
-0.18854800000000002,-0.2,0.074,0.074,0.074
-0.18854400000000002,-0.2,0.082,0.082,0.082
-0.18854,-0.2,0.08600000000000001,0.08600000000000001,0.08600000000000001
-0.188536,0.2,0.08600000000000001,0.08600000000000001,0.08600000000000001
-0.188532,0.4,0.08600000000000001,0.08600000000000001,0.08600000000000001
-0.188528,-0.2,0.08600000000000001,0.08600000000000001,0.08600000000000001
-0.18852400000000002,0.0,0.082,0.082,0.082
-0.18852000000000002,-0.2,0.08600000000000001,0.08600000000000001,0.08600000000000001
-0.18851600000000002,0.0,0.09,0.09,0.09
-0.188512,-0.6000000000000001,0.09,0.09,0.09
-0.188508,0.4,0.078,0.078,0.078
-0.188504,0.4,0.082,0.082,0.082
-0.1885,-0.2,0.082,0.082,0.082
-0.188496,-0.2,0.074,0.074,0.074
-0.18849200000000002,-0.4,0.08600000000000001,0.08600000000000001,0.08600000000000001
-0.18848800000000002,0.2,0.074,0.074,0.074
-0.188484,0.4,0.08600000000000001,0.08600000000000001,0.08600000000000001
-0.18848,0.2,0.074,0.074,0.074
-0.188476,-0.4,0.074,0.074,0.074
-0.188472,0.2,0.08600000000000001,0.08600000000000001,0.08600000000000001
-0.18846800000000002,-0.4,0.074,0.074,0.074
-0.18846400000000002,-0.4,0.078,0.078,0.078
-0.18846000000000002,-0.4,0.09,0.09,0.09
-0.188456,-0.2,0.066,0.066,0.066
-0.188452,-0.2,0.07,0.07,0.07
-0.188448,0.0,0.074,0.074,0.074
-0.188444,-0.2,0.08600000000000001,0.08600000000000001,0.08600000000000001
-0.18844000000000002,-0.2,0.078,0.078,0.078
-0.18843600000000002,-0.2,0.082,0.082,0.082
-0.18843200000000002,0.0,0.082,0.082,0.082
-0.188428,0.0,0.078,0.078,0.078
-0.188424,-0.2,0.066,0.066,0.066
-0.18842,-0.4,0.078,0.078,0.078
-0.188416,-0.2,0.082,0.082,0.082
-0.18841200000000002,-0.6000000000000001,0.082,0.082,0.082
-0.18840800000000002,0.2,0.078,0.078,0.078
-0.18840400000000002,0.4,0.09,0.09,0.09
-0.1884,-0.2,0.08600000000000001,0.08600000000000001,0.08600000000000001
-0.188396,-0.4,0.078,0.078,0.078
-0.188392,0.2,0.078,0.078,0.078
-0.188388,0.2,0.08600000000000001,0.08600000000000001,0.08600000000000001
-0.18838400000000002,0.2,0.09,0.09,0.09
-0.18838000000000002,0.0,0.08600000000000001,0.08600000000000001,0.08600000000000001
-0.18837600000000002,0.0,0.08600000000000001,0.08600000000000001,0.08600000000000001
-0.188372,0.2,0.078,0.078,0.078
-0.188368,0.6000000000000001,0.078,0.078,0.078
-0.188364,0.0,0.078,0.078,0.078
-0.18836,0.0,0.082,0.082,0.082
-0.18835600000000002,-0.2,0.074,0.074,0.074
-0.18835200000000002,-0.2,0.07,0.07,0.07
-0.18834800000000002,-0.6000000000000001,0.066,0.066,0.066
-0.188344,0.0,0.082,0.082,0.082
-0.18834,0.0,0.078,0.078,0.078
-0.188336,0.0,0.082,0.082,0.082
-0.188332,0.0,0.082,0.082,0.082
-0.18832800000000002,-0.2,0.082,0.082,0.082
-0.18832400000000002,-0.6000000000000001,0.074,0.074,0.074
-0.18832000000000002,0.0,0.07,0.07,0.07
-0.188316,-0.4,0.078,0.078,0.078
-0.188312,0.0,0.078,0.078,0.078
-0.188308,0.4,0.074,0.074,0.074
-0.188304,-0.2,0.078,0.078,0.078
-0.18830000000000002,0.0,0.066,0.066,0.066
-0.18829600000000002,0.0,0.082,0.082,0.082
-0.18829200000000001,0.2,0.082,0.082,0.082
-0.188288,-0.2,0.082,0.082,0.082
-0.188284,-0.2,0.074,0.074,0.074
-0.18828,-0.2,0.078,0.078,0.078
-0.188276,0.2,0.09,0.09,0.09
-0.18827200000000002,0.2,0.078,0.078,0.078
-0.18826800000000002,0.2,0.074,0.074,0.074
-0.18826400000000001,0.2,0.078,0.078,0.078
-0.18826,0.0,0.09,0.09,0.09
-0.188256,0.4,0.078,0.078,0.078
-0.188252,0.2,0.066,0.066,0.066
-0.188248,-0.2,0.078,0.078,0.078
-0.18824400000000002,0.0,0.08600000000000001,0.08600000000000001,0.08600000000000001
-0.18824000000000002,-0.2,0.078,0.078,0.078
-0.18823600000000001,-0.4,0.08600000000000001,0.08600000000000001,0.08600000000000001
-0.188232,-0.6000000000000001,0.066,0.066,0.066
-0.188228,-0.4,0.082,0.082,0.082
-0.188224,0.0,0.082,0.082,0.082
-0.18822,-0.2,0.082,0.082,0.082
-0.18821600000000002,0.0,0.08600000000000001,0.08600000000000001,0.08600000000000001
-0.18821200000000002,-0.2,0.08600000000000001,0.08600000000000001,0.08600000000000001
-0.18820800000000001,0.0,0.078,0.078,0.078
-0.188204,0.2,0.078,0.078,0.078
-0.1882,0.0,0.078,0.078,0.078
-0.188196,0.2,0.08600000000000001,0.08600000000000001,0.08600000000000001
-0.18819200000000003,0.0,0.08600000000000001,0.08600000000000001,0.08600000000000001
-0.18818800000000002,0.4,0.082,0.082,0.082
-0.18818400000000002,-0.2,0.082,0.082,0.082
-0.18818000000000001,0.4,0.078,0.078,0.078
-0.188176,0.4,0.074,0.074,0.074
-0.188172,0.0,0.074,0.074,0.074
-0.188168,-0.2,0.078,0.078,0.078
-0.188164,-0.4,0.082,0.082,0.082
-0.18816000000000002,-0.2,0.066,0.066,0.066
-0.18815600000000002,-0.2,0.082,0.082,0.082
-0.188152,-0.6000000000000001,0.078,0.078,0.078
-0.188148,-0.6000000000000001,0.078,0.078,0.078
-0.188144,0.0,0.078,0.078,0.078
-0.18814,0.0,0.082,0.082,0.082
-0.18813600000000003,-0.2,0.082,0.082,0.082
-0.18813200000000002,-0.2,0.074,0.074,0.074
-0.18812800000000002,-0.2,0.082,0.082,0.082
-0.188124,-0.2,0.074,0.074,0.074
-0.18812,-0.2,0.08600000000000001,0.08600000000000001,0.08600000000000001
-0.188116,-0.2,0.082,0.082,0.082
-0.188112,-0.4,0.082,0.082,0.082
-0.188108,-0.2,0.08600000000000001,0.08600000000000001,0.08600000000000001
-0.18810400000000002,-0.2,0.082,0.082,0.082
-0.18810000000000002,0.4,0.078,0.078,0.078
-0.188096,-0.2,0.09,0.09,0.09
-0.188092,0.0,0.082,0.082,0.082
-0.188088,-0.4,0.074,0.074,0.074
-0.188084,0.2,0.094,0.094,0.094
-0.18808000000000002,0.2,0.08600000000000001,0.08600000000000001,0.08600000000000001
-0.18807600000000002,-0.2,0.082,0.082,0.082
-0.18807200000000002,-0.2,0.082,0.082,0.082
-0.188068,0.2,0.078,0.078,0.078
-0.188064,-0.6000000000000001,0.074,0.074,0.074
-0.18806,-0.2,0.078,0.078,0.078
-0.188056,0.0,0.074,0.074,0.074
-0.188052,0.0,0.082,0.082,0.082
-0.18804800000000002,0.0,0.082,0.082,0.082
-0.18804400000000002,-0.4,0.082,0.082,0.082
-0.18804,0.0,0.08600000000000001,0.08600000000000001,0.08600000000000001
-0.188036,-0.4,0.074,0.074,0.074
-0.188032,-0.2,0.08600000000000001,0.08600000000000001,0.08600000000000001
-0.188028,0.0,0.082,0.082,0.082
-0.18802400000000002,-0.2,0.078,0.078,0.078
-0.18802000000000002,-0.4,0.078,0.078,0.078
-0.18801600000000002,0.0,0.08600000000000001,0.08600000000000001,0.08600000000000001
-0.188012,-0.2,0.078,0.078,0.078
-0.188008,-0.4,0.078,0.078,0.078
-0.188004,-0.2,0.09,0.09,0.09
-0.188,-0.2,0.078,0.078,0.078
-0.18799600000000002,-0.4,0.074,0.074,0.074
-0.18799200000000002,0.2,0.094,0.094,0.094
-0.18798800000000002,0.0,0.078,0.078,0.078
-0.187984,-0.2,0.082,0.082,0.082
-0.18798,0.0,0.082,0.082,0.082
-0.187976,0.0,0.082,0.082,0.082
-0.187972,-0.2,0.078,0.078,0.078
-0.18796800000000002,0.0,0.08600000000000001,0.08600000000000001,0.08600000000000001
-0.18796400000000002,-0.4,0.08600000000000001,0.08600000000000001,0.08600000000000001
-0.18796000000000002,-0.2,0.074,0.074,0.074
-0.187956,-0.2,0.082,0.082,0.082
-0.187952,0.0,0.074,0.074,0.074
-0.187948,-0.2,0.08600000000000001,0.08600000000000001,0.08600000000000001
-0.187944,-0.2,0.082,0.082,0.082
-0.18794000000000002,0.2,0.074,0.074,0.074
-0.18793600000000002,0.0,0.08600000000000001,0.08600000000000001,0.08600000000000001
-0.18793200000000002,-0.2,0.078,0.078,0.078
-0.187928,0.0,0.09,0.09,0.09
-0.187924,0.0,0.082,0.082,0.082
-0.18792,-0.2,0.074,0.074,0.074
-0.187916,-0.4,0.08600000000000001,0.08600000000000001,0.08600000000000001
-0.18791200000000002,0.0,0.074,0.074,0.074
-0.18790800000000002,0.2,0.078,0.078,0.078
-0.18790400000000002,-0.2,0.09,0.09,0.09
-0.1879,0.2,0.078,0.078,0.078
-0.187896,-0.6000000000000001,0.078,0.078,0.078
-0.187892,0.0,0.082,0.082,0.082
-0.187888,0.0,0.08600000000000001,0.08600000000000001,0.08600000000000001
-0.18788400000000002,-0.2,0.08600000000000001,0.08600000000000001,0.08600000000000001
-0.18788000000000002,0.2,0.078,0.078,0.078
-0.18787600000000002,-0.2,0.07,0.07,0.07
-0.187872,0.2,0.09,0.09,0.09
-0.187868,-0.4,0.074,0.074,0.074
-0.187864,0.0,0.082,0.082,0.082
-0.18786,-0.2,0.08600000000000001,0.08600000000000001,0.08600000000000001
-0.18785600000000002,-0.4,0.08600000000000001,0.08600000000000001,0.08600000000000001
-0.18785200000000002,-0.4,0.078,0.078,0.078
-0.18784800000000001,0.0,0.082,0.082,0.082
-0.187844,0.0,0.082,0.082,0.082
-0.18784,0.2,0.082,0.082,0.082
-0.187836,0.2,0.09,0.09,0.09
-0.187832,-0.8,0.078,0.078,0.078
-0.18782800000000002,-0.2,0.078,0.078,0.078
-0.18782400000000002,-0.4,0.078,0.078,0.078
-0.18782000000000001,0.0,0.082,0.082,0.082
-0.187816,0.0,0.082,0.082,0.082
-0.187812,0.0,0.082,0.082,0.082
-0.187808,-0.2,0.082,0.082,0.082
-0.187804,-0.2,0.07,0.07,0.07
-0.18780000000000002,-0.4,0.074,0.074,0.074
-0.18779600000000002,-0.2,0.08600000000000001,0.08600000000000001,0.08600000000000001
-0.18779200000000001,-0.6000000000000001,0.082,0.082,0.082
-0.187788,-0.4,0.078,0.078,0.078
-0.187784,0.0,0.078,0.078,0.078
-0.18778,0.0,0.08600000000000001,0.08600000000000001,0.08600000000000001
-0.187776,-0.4,0.07,0.07,0.07
-0.18777200000000002,-0.4,0.074,0.074,0.074
-0.18776800000000002,0.0,0.082,0.082,0.082
-0.18776400000000001,0.2,0.078,0.078,0.078
-0.18776,0.2,0.082,0.082,0.082
-0.187756,-0.2,0.082,0.082,0.082
-0.187752,-0.2,0.07,0.07,0.07
-0.18774800000000003,0.0,0.09,0.09,0.09
-0.18774400000000002,0.0,0.082,0.082,0.082
-0.18774000000000002,-0.2,0.08600000000000001,0.08600000000000001,0.08600000000000001
-0.18773600000000001,-0.4,0.082,0.082,0.082
-0.187732,0.2,0.082,0.082,0.082
-0.187728,0.0,0.09,0.09,0.09
-0.187724,0.4,0.074,0.074,0.074
-0.18772,-0.4,0.074,0.074,0.074
-0.18771600000000002,0.0,0.074,0.074,0.074
-0.18771200000000002,-0.6000000000000001,0.078,0.078,0.078
-0.187708,0.0,0.082,0.082,0.082
-0.187704,0.0,0.09,0.09,0.09
-0.1877,-0.2,0.08600000000000001,0.08600000000000001,0.08600000000000001
-0.187696,0.0,0.074,0.074,0.074
-0.18769200000000003,0.2,0.074,0.074,0.074
-0.18768800000000002,0.2,0.078,0.078,0.078
-0.18768400000000002,-0.2,0.078,0.078,0.078
-0.18768,0.0,0.08600000000000001,0.08600000000000001,0.08600000000000001
-0.187676,0.2,0.074,0.074,0.074
-0.187672,0.2,0.074,0.074,0.074
-0.187668,-0.4,0.08600000000000001,0.08600000000000001,0.08600000000000001
-0.187664,-0.2,0.082,0.082,0.082
-0.18766000000000002,-0.2,0.078,0.078,0.078
-0.18765600000000002,-0.4,0.08600000000000001,0.08600000000000001,0.08600000000000001
-0.187652,-0.4,0.078,0.078,0.078
-0.187648,-0.2,0.09,0.09,0.09
-0.187644,0.0,0.074,0.074,0.074
-0.18764,0.0,0.08600000000000001,0.08600000000000001,0.08600000000000001
-0.18763600000000002,-0.2,0.066,0.066,0.066
-0.18763200000000002,-0.2,0.082,0.082,0.082
-0.18762800000000002,-0.2,0.082,0.082,0.082
-0.187624,-0.2,0.078,0.078,0.078
-0.18762,-0.2,0.08600000000000001,0.08600000000000001,0.08600000000000001
-0.187616,0.0,0.09,0.09,0.09
-0.187612,-0.2,0.074,0.074,0.074
-0.187608,-0.2,0.08600000000000001,0.08600000000000001,0.08600000000000001
-0.18760400000000002,-0.2,0.08600000000000001,0.08600000000000001,0.08600000000000001
-0.18760000000000002,0.2,0.08600000000000001,0.08600000000000001,0.08600000000000001
-0.187596,0.0,0.082,0.082,0.082
-0.187592,-0.2,0.082,0.082,0.082
-0.187588,-0.2,0.08600000000000001,0.08600000000000001,0.08600000000000001
-0.187584,-0.2,0.08600000000000001,0.08600000000000001,0.08600000000000001
-0.18758000000000002,0.2,0.082,0.082,0.082
-0.18757600000000002,-0.2,0.078,0.078,0.078
-0.18757200000000002,-0.2,0.08600000000000001,0.08600000000000001,0.08600000000000001
-0.187568,0.2,0.07,0.07,0.07
-0.187564,-0.2,0.08600000000000001,0.08600000000000001,0.08600000000000001
-0.18756,-0.2,0.074,0.074,0.074
-0.187556,0.0,0.074,0.074,0.074
-0.18755200000000002,-0.6000000000000001,0.08600000000000001,0.08600000000000001,0.08600000000000001
-0.18754800000000002,-0.2,0.082,0.082,0.082
-0.18754400000000002,0.0,0.09,0.09,0.09
-0.18754,0.2,0.09,0.09,0.09
-0.187536,-0.6000000000000001,0.082,0.082,0.082
-0.187532,-0.2,0.094,0.094,0.094
-0.187528,-0.2,0.082,0.082,0.082
-0.18752400000000002,-0.2,0.09,0.09,0.09
-0.18752000000000002,-0.4,0.082,0.082,0.082
-0.18751600000000002,-0.2,0.09,0.09,0.09
-0.187512,0.0,0.074,0.074,0.074
-0.187508,0.0,0.074,0.074,0.074
-0.187504,0.0,0.08600000000000001,0.08600000000000001,0.08600000000000001
-0.1875,0.0,0.08600000000000001,0.08600000000000001,0.08600000000000001
-0.18749600000000002,0.0,0.082,0.082,0.082
-0.18749200000000002,-0.4,0.082,0.082,0.082
-0.18748800000000002,-0.2,0.078,0.078,0.078
-0.187484,-0.2,0.08600000000000001,0.08600000000000001,0.08600000000000001
-0.18748,0.0,0.08600000000000001,0.08600000000000001,0.08600000000000001
-0.187476,0.2,0.078,0.078,0.078
-0.187472,0.0,0.078,0.078,0.078
-0.18746800000000002,-0.4,0.082,0.082,0.082
-0.18746400000000002,0.0,0.08600000000000001,0.08600000000000001,0.08600000000000001
-0.18746000000000002,-0.2,0.082,0.082,0.082
-0.187456,0.4,0.082,0.082,0.082
-0.187452,0.4,0.078,0.078,0.078
-0.187448,-0.2,0.074,0.074,0.074
-0.187444,0.2,0.078,0.078,0.078
-0.18744000000000002,0.0,0.08600000000000001,0.08600000000000001,0.08600000000000001
-0.18743600000000002,-0.4,0.074,0.074,0.074
-0.18743200000000002,0.2,0.094,0.094,0.094
-0.187428,-0.2,0.08600000000000001,0.08600000000000001,0.08600000000000001
-0.187424,0.2,0.07,0.07,0.07
-0.18742,0.0,0.082,0.082,0.082
-0.187416,-0.2,0.078,0.078,0.078
-0.18741200000000002,-0.2,0.078,0.078,0.078
-0.18740800000000002,0.0,0.082,0.082,0.082
-0.18740400000000002,-0.2,0.078,0.078,0.078
-0.1874,-0.2,0.09,0.09,0.09
-0.187396,-0.6000000000000001,0.078,0.078,0.078
-0.187392,0.0,0.074,0.074,0.074
-0.187388,-0.2,0.08600000000000001,0.08600000000000001,0.08600000000000001
-0.18738400000000002,0.0,0.082,0.082,0.082
-0.18738000000000002,0.0,0.082,0.082,0.082
-0.18737600000000001,-0.2,0.074,0.074,0.074
-0.187372,0.0,0.078,0.078,0.078
-0.187368,0.0,0.082,0.082,0.082
-0.187364,-0.2,0.074,0.074,0.074
-0.18736,0.2,0.074,0.074,0.074
-0.18735600000000002,0.0,0.09,0.09,0.09
-0.18735200000000002,-0.2,0.082,0.082,0.082
-0.18734800000000001,-0.2,0.082,0.082,0.082
-0.187344,0.0,0.082,0.082,0.082
-0.18734,0.0,0.08600000000000001,0.08600000000000001,0.08600000000000001
-0.187336,-0.4,0.078,0.078,0.078
-0.187332,-0.2,0.082,0.082,0.082
-0.18732800000000002,0.0,0.078,0.078,0.078
-0.18732400000000002,-0.4,0.08600000000000001,0.08600000000000001,0.08600000000000001
-0.18732000000000001,0.0,0.078,0.078,0.078
-0.187316,-0.2,0.082,0.082,0.082
-0.187312,-0.4,0.078,0.078,0.078
-0.187308,-0.2,0.078,0.078,0.078
-0.18730400000000003,-0.6000000000000001,0.08600000000000001,0.08600000000000001,0.08600000000000001
-0.18730000000000002,0.2,0.078,0.078,0.078
-0.18729600000000002,-0.2,0.082,0.082,0.082
-0.18729200000000001,0.0,0.08600000000000001,0.08600000000000001,0.08600000000000001
-0.187288,-0.2,0.08600000000000001,0.08600000000000001,0.08600000000000001
-0.187284,0.0,0.074,0.074,0.074
-0.18728,-0.2,0.07,0.07,0.07
-0.187276,0.2,0.078,0.078,0.078
-0.18727200000000002,-0.6000000000000001,0.082,0.082,0.082
-0.18726800000000002,0.0,0.074,0.074,0.074
-0.187264,-0.4,0.078,0.078,0.078
-0.18726,0.0,0.066,0.066,0.066
-0.187256,-0.4,0.07,0.07,0.07
-0.187252,-0.2,0.082,0.082,0.082
-0.18724800000000003,-0.2,0.082,0.082,0.082
-0.18724400000000002,0.0,0.082,0.082,0.082
-0.18724000000000002,-0.8,0.078,0.078,0.078
-0.187236,-0.2,0.078,0.078,0.078
-0.187232,-0.2,0.082,0.082,0.082
-0.187228,0.2,0.082,0.082,0.082
-0.187224,0.2,0.078,0.078,0.078
-0.18722,0.0,0.07,0.07,0.07
-0.18721600000000002,-0.2,0.078,0.078,0.078
-0.18721200000000002,-0.2,0.094,0.094,0.094
-0.187208,0.2,0.078,0.078,0.078
-0.187204,-0.4,0.066,0.066,0.066
-0.1872,-0.2,0.082,0.082,0.082
-0.187196,-0.6000000000000001,0.078,0.078,0.078
-0.18719200000000003,0.0,0.078,0.078,0.078
-0.18718800000000002,0.0,0.08600000000000001,0.08600000000000001,0.08600000000000001
-0.18718400000000002,-0.2,0.074,0.074,0.074
-0.18718,0.2,0.09,0.09,0.09
-0.187176,-0.6000000000000001,0.09,0.09,0.09
-0.187172,-0.4,0.078,0.078,0.078
-0.187168,-0.2,0.08600000000000001,0.08600000000000001,0.08600000000000001
-0.187164,0.0,0.082,0.082,0.082
-0.18716000000000002,-0.2,0.082,0.082,0.082
-0.18715600000000002,0.2,0.082,0.082,0.082
-0.187152,0.0,0.082,0.082,0.082
-0.187148,-0.2,0.08600000000000001,0.08600000000000001,0.08600000000000001
-0.187144,0.2,0.078,0.078,0.078
-0.18714,-0.4,0.082,0.082,0.082
-0.18713600000000002,0.0,0.08600000000000001,0.08600000000000001,0.08600000000000001
-0.18713200000000002,-0.2,0.082,0.082,0.082
-0.18712800000000002,-0.4,0.08600000000000001,0.08600000000000001,0.08600000000000001
-0.187124,0.0,0.074,0.074,0.074
-0.18712,-0.2,0.078,0.078,0.078
-0.187116,0.2,0.082,0.082,0.082
-0.187112,0.0,0.074,0.074,0.074
-0.18710800000000002,0.0,0.07,0.07,0.07
-0.18710400000000002,-0.4,0.074,0.074,0.074
-0.18710000000000002,0.0,0.074,0.074,0.074
-0.187096,0.0,0.082,0.082,0.082
-0.187092,0.0,0.082,0.082,0.082
-0.187088,-0.4,0.074,0.074,0.074
-0.187084,-0.2,0.082,0.082,0.082
-0.18708000000000002,-0.4,0.08600000000000001,0.08600000000000001,0.08600000000000001
-0.18707600000000002,-0.2,0.078,0.078,0.078
-0.18707200000000002,-0.4,0.082,0.082,0.082
-0.187068,-0.6000000000000001,0.08600000000000001,0.08600000000000001,0.08600000000000001
-0.187064,-0.2,0.082,0.082,0.082
-0.18706,-0.2,0.074,0.074,0.074
-0.187056,-0.2,0.082,0.082,0.082
-0.18705200000000002,-0.6000000000000001,0.078,0.078,0.078
-0.18704800000000002,-0.2,0.078,0.078,0.078
-0.18704400000000002,-0.2,0.09,0.09,0.09
-0.18704,-0.2,0.074,0.074,0.074
-0.187036,0.0,0.08600000000000001,0.08600000000000001,0.08600000000000001
-0.187032,-0.4,0.09,0.09,0.09
-0.187028,-0.2,0.078,0.078,0.078
-0.18702400000000002,0.0,0.074,0.074,0.074
-0.18702000000000002,0.0,0.082,0.082,0.082
-0.18701600000000002,-0.2,0.09,0.09,0.09
-0.187012,0.0,0.082,0.082,0.082
-0.187008,-0.2,0.074,0.074,0.074
-0.187004,0.0,0.078,0.078,0.078
-0.187,-0.2,0.082,0.082,0.082
-0.18699600000000002,-0.4,0.098,0.098,0.098
-0.18699200000000002,-0.4,0.09,0.09,0.09
-0.18698800000000002,-0.4,0.09,0.09,0.09
-0.186984,-0.4,0.082,0.082,0.082
-0.18698,-0.4,0.082,0.082,0.082
-0.186976,-0.4,0.09,0.09,0.09
-0.186972,-0.2,0.094,0.094,0.094
-0.18696800000000002,0.0,0.09,0.09,0.09
-0.18696400000000002,0.0,0.074,0.074,0.074
-0.18696000000000002,0.0,0.078,0.078,0.078
-0.186956,-0.2,0.082,0.082,0.082
-0.186952,-0.8,0.078,0.078,0.078
-0.186948,0.2,0.09,0.09,0.09
-0.186944,-0.2,0.082,0.082,0.082
-0.18694000000000002,-0.2,0.082,0.082,0.082
-0.18693600000000002,-0.2,0.078,0.078,0.078
-0.18693200000000001,0.2,0.082,0.082,0.082
-0.186928,-0.2,0.078,0.078,0.078
-0.186924,-0.2,0.082,0.082,0.082
-0.18692,0.2,0.078,0.078,0.078
-0.186916,-0.2,0.08600000000000001,0.08600000000000001,0.08600000000000001
-0.18691200000000002,0.0,0.08600000000000001,0.08600000000000001,0.08600000000000001
-0.18690800000000002,-0.8,0.09,0.09,0.09
-0.18690400000000001,0.0,0.08600000000000001,0.08600000000000001,0.08600000000000001
-0.1869,-0.4,0.09,0.09,0.09
-0.186896,-0.2,0.082,0.082,0.082
-0.186892,-0.6000000000000001,0.074,0.074,0.074
-0.186888,0.0,0.08600000000000001,0.08600000000000001,0.08600000000000001
-0.18688400000000002,-0.4,0.078,0.078,0.078
-0.18688000000000002,-0.2,0.082,0.082,0.082
-0.18687600000000001,-0.4,0.082,0.082,0.082
-0.186872,-0.4,0.082,0.082,0.082
-0.186868,-0.2,0.07,0.07,0.07
-0.186864,-0.6000000000000001,0.09,0.09,0.09
-0.18686000000000003,-0.4,0.082,0.082,0.082
-0.18685600000000002,0.0,0.078,0.078,0.078
-0.18685200000000002,0.4,0.078,0.078,0.078
-0.18684800000000001,-0.2,0.08600000000000001,0.08600000000000001,0.08600000000000001
-0.186844,-0.2,0.078,0.078,0.078
-0.18684,0.0,0.078,0.078,0.078
-0.186836,0.0,0.08600000000000001,0.08600000000000001,0.08600000000000001
-0.186832,-0.4,0.082,0.082,0.082
-0.18682800000000002,0.2,0.09,0.09,0.09
-0.18682400000000002,-0.4,0.08600000000000001,0.08600000000000001,0.08600000000000001
-0.18682,-0.4,0.078,0.078,0.078
-0.186816,0.2,0.078,0.078,0.078
-0.186812,-0.4,0.078,0.078,0.078
-0.186808,0.0,0.078,0.078,0.078
-0.18680400000000003,0.0,0.078,0.078,0.078
-0.18680000000000002,0.0,0.08600000000000001,0.08600000000000001,0.08600000000000001
-0.18679600000000002,0.0,0.08600000000000001,0.08600000000000001,0.08600000000000001
-0.186792,0.0,0.082,0.082,0.082
-0.186788,-0.2,0.08600000000000001,0.08600000000000001,0.08600000000000001
-0.186784,-0.4,0.07,0.07,0.07
-0.18678,0.2,0.08600000000000001,0.08600000000000001,0.08600000000000001
-0.186776,-0.2,0.078,0.078,0.078
-0.18677200000000002,0.2,0.074,0.074,0.074
-0.18676800000000002,-0.2,0.09,0.09,0.09
-0.186764,0.2,0.082,0.082,0.082
-0.18676,0.2,0.078,0.078,0.078
-0.186756,-0.4,0.09,0.09,0.09
-0.186752,0.2,0.082,0.082,0.082
-0.18674800000000003,-0.4,0.08600000000000001,0.08600000000000001,0.08600000000000001
-0.18674400000000002,0.2,0.082,0.082,0.082
-0.18674000000000002,-0.2,0.08600000000000001,0.08600000000000001,0.08600000000000001
-0.186736,-0.4,0.09,0.09,0.09
-0.186732,-0.6000000000000001,0.074,0.074,0.074
-0.186728,0.0,0.08600000000000001,0.08600000000000001,0.08600000000000001
-0.186724,-0.2,0.082,0.082,0.082
-0.18672,-0.4,0.09,0.09,0.09
-0.18671600000000002,-0.2,0.074,0.074,0.074
-0.18671200000000002,-0.2,0.08600000000000001,0.08600000000000001,0.08600000000000001
-0.186708,-0.2,0.082,0.082,0.082
-0.186704,-0.2,0.078,0.078,0.078
-0.1867,-0.2,0.08600000000000001,0.08600000000000001,0.08600000000000001
-0.186696,0.2,0.074,0.074,0.074
-0.18669200000000002,0.0,0.074,0.074,0.074
-0.18668800000000002,0.0,0.078,0.078,0.078
-0.18668400000000002,-0.4,0.082,0.082,0.082
-0.18668,0.0,0.08600000000000001,0.08600000000000001,0.08600000000000001
-0.186676,0.4,0.082,0.082,0.082
-0.186672,-0.2,0.09,0.09,0.09
-0.186668,0.0,0.082,0.082,0.082
-0.18666400000000002,0.2,0.082,0.082,0.082
-0.18666000000000002,0.0,0.078,0.078,0.078
-0.18665600000000002,-0.2,0.078,0.078,0.078
-0.186652,-0.2,0.09,0.09,0.09
-0.186648,-0.2,0.082,0.082,0.082
-0.186644,-0.4,0.074,0.074,0.074
-0.18664,0.0,0.094,0.094,0.094
-0.18663600000000002,0.0,0.082,0.082,0.082
-0.18663200000000002,0.2,0.08600000000000001,0.08600000000000001,0.08600000000000001
-0.18662800000000002,0.2,0.094,0.094,0.094
-0.186624,-0.2,0.094,0.094,0.094
-0.18662,0.0,0.09,0.09,0.09
-0.186616,-0.2,0.08600000000000001,0.08600000000000001,0.08600000000000001
-0.186612,0.2,0.074,0.074,0.074
-0.18660800000000002,-0.4,0.078,0.078,0.078
-0.18660400000000002,0.0,0.074,0.074,0.074
-0.18660000000000002,0.2,0.082,0.082,0.082
-0.186596,-0.4,0.074,0.074,0.074
-0.186592,-0.2,0.07,0.07,0.07
-0.186588,0.0,0.08600000000000001,0.08600000000000001,0.08600000000000001
-0.186584,-0.2,0.08600000000000001,0.08600000000000001,0.08600000000000001
-0.18658000000000002,-0.2,0.074,0.074,0.074
-0.18657600000000002,0.2,0.082,0.082,0.082
-0.18657200000000002,-0.4,0.082,0.082,0.082
-0.186568,0.2,0.082,0.082,0.082
-0.186564,0.0,0.082,0.082,0.082
-0.18656,-0.2,0.082,0.082,0.082
-0.186556,0.0,0.082,0.082,0.082
-0.18655200000000002,0.4,0.08600000000000001,0.08600000000000001,0.08600000000000001
-0.18654800000000002,-0.2,0.074,0.074,0.074
-0.18654400000000002,0.0,0.08600000000000001,0.08600000000000001,0.08600000000000001
-0.18654,0.4,0.074,0.074,0.074
-0.186536,-0.4,0.078,0.078,0.078
-0.186532,-0.6000000000000001,0.066,0.066,0.066
-0.186528,-0.2,0.07,0.07,0.07
-0.18652400000000002,0.0,0.082,0.082,0.082
-0.18652000000000002,0.2,0.082,0.082,0.082
-0.18651600000000002,0.2,0.08600000000000001,0.08600000000000001,0.08600000000000001
-0.186512,0.0,0.074,0.074,0.074
-0.186508,0.0,0.078,0.078,0.078
-0.186504,0.2,0.082,0.082,0.082
-0.1865,0.0,0.082,0.082,0.082
-0.18649600000000002,-0.2,0.07,0.07,0.07
-0.18649200000000002,-0.2,0.082,0.082,0.082
-0.18648800000000001,-0.4,0.074,0.074,0.074
-0.186484,0.2,0.082,0.082,0.082
-0.18648,0.0,0.074,0.074,0.074
-0.186476,-0.2,0.082,0.082,0.082
-0.186472,-0.2,0.08600000000000001,0.08600000000000001,0.08600000000000001
-0.18646800000000002,-0.2,0.078,0.078,0.078
-0.18646400000000002,-0.2,0.078,0.078,0.078
-0.18646000000000001,-0.4,0.082,0.082,0.082
-0.186456,0.0,0.074,0.074,0.074
-0.186452,0.2,0.082,0.082,0.082
-0.186448,-0.4,0.074,0.074,0.074
-0.186444,0.2,0.098,0.098,0.098
-0.18644000000000002,0.0,0.078,0.078,0.078
-0.18643600000000002,-0.2,0.08600000000000001,0.08600000000000001,0.08600000000000001
-0.18643200000000001,-0.2,0.078,0.078,0.078
-0.186428,-0.6000000000000001,0.08600000000000001,0.08600000000000001,0.08600000000000001
-0.186424,-0.4,0.074,0.074,0.074
-0.18642,0.0,0.078,0.078,0.078
-0.18641600000000003,-0.4,0.082,0.082,0.082
-0.18641200000000002,-0.2,0.074,0.074,0.074
-0.18640800000000002,-0.2,0.074,0.074,0.074
-0.18640400000000001,-0.4,0.09,0.09,0.09
-0.1864,-0.4,0.082,0.082,0.082
-0.186396,-0.4,0.078,0.078,0.078
-0.186392,-0.4,0.082,0.082,0.082
-0.186388,0.0,0.078,0.078,0.078
-0.18638400000000002,0.2,0.094,0.094,0.094
-0.18638000000000002,0.0,0.082,0.082,0.082
-0.18637600000000001,0.0,0.078,0.078,0.078
-0.186372,0.2,0.082,0.082,0.082
-0.186368,0.2,0.074,0.074,0.074
-0.186364,0.2,0.082,0.082,0.082
-0.18636000000000003,-0.4,0.078,0.078,0.078
-0.18635600000000002,-0.4,0.082,0.082,0.082
-0.18635200000000002,-0.2,0.082,0.082,0.082
-0.186348,-0.2,0.08600000000000001,0.08600000000000001,0.08600000000000001
-0.186344,-0.4,0.078,0.078,0.078
-0.18634,0.0,0.078,0.078,0.078
-0.186336,0.0,0.078,0.078,0.078
-0.186332,-0.2,0.078,0.078,0.078
-0.18632800000000002,0.2,0.078,0.078,0.078
-0.18632400000000002,-0.4,0.082,0.082,0.082
-0.18632,-0.6000000000000001,0.082,0.082,0.082
-0.186316,-0.2,0.09,0.09,0.09
-0.186312,-0.2,0.078,0.078,0.078
-0.186308,-0.2,0.078,0.078,0.078
-0.18630400000000003,0.0,0.09,0.09,0.09
-0.18630000000000002,0.2,0.08600000000000001,0.08600000000000001,0.08600000000000001
-0.18629600000000002,0.4,0.082,0.082,0.082
-0.186292,-0.2,0.078,0.078,0.078
-0.186288,-0.4,0.074,0.074,0.074
-0.186284,-0.2,0.082,0.082,0.082
-0.18628,0.2,0.082,0.082,0.082
-0.186276,-0.2,0.08600000000000001,0.08600000000000001,0.08600000000000001
-0.18627200000000002,0.0,0.082,0.082,0.082
-0.18626800000000002,-0.2,0.094,0.094,0.094
-0.186264,-0.2,0.078,0.078,0.078
-0.18626,-0.4,0.078,0.078,0.078
-0.186256,-0.4,0.094,0.094,0.094
-0.186252,-0.2,0.08600000000000001,0.08600000000000001,0.08600000000000001
-0.18624800000000002,-0.2,0.08600000000000001,0.08600000000000001,0.08600000000000001
-0.18624400000000002,0.0,0.082,0.082,0.082
-0.18624000000000002,-0.4,0.066,0.066,0.066
-0.186236,0.2,0.08600000000000001,0.08600000000000001,0.08600000000000001
-0.186232,-0.2,0.09,0.09,0.09
-0.186228,-0.2,0.066,0.066,0.066
-0.186224,0.0,0.08600000000000001,0.08600000000000001,0.08600000000000001
-0.18622000000000002,0.0,0.082,0.082,0.082
-0.18621600000000002,-0.4,0.074,0.074,0.074
-0.18621200000000002,-0.2,0.082,0.082,0.082
-0.186208,-0.2,0.078,0.078,0.078
-0.186204,0.0,0.082,0.082,0.082
-0.1862,-0.4,0.078,0.078,0.078
-0.186196,-0.4,0.074,0.074,0.074
-0.18619200000000002,-0.4,0.082,0.082,0.082
-0.18618800000000002,0.0,0.082,0.082,0.082
-0.18618400000000002,0.0,0.08600000000000001,0.08600000000000001,0.08600000000000001
-0.18618,-0.2,0.078,0.078,0.078
-0.186176,-0.4,0.08600000000000001,0.08600000000000001,0.08600000000000001
-0.186172,0.0,0.078,0.078,0.078
-0.186168,0.0,0.07,0.07,0.07
-0.18616400000000002,0.2,0.082,0.082,0.082
-0.18616000000000002,-0.2,0.082,0.082,0.082
-0.18615600000000002,0.0,0.078,0.078,0.078
-0.186152,0.0,0.08600000000000001,0.08600000000000001,0.08600000000000001
-0.186148,0.0,0.074,0.074,0.074
-0.186144,-0.2,0.082,0.082,0.082
-0.18614,-0.2,0.082,0.082,0.082
-0.18613600000000002,0.2,0.082,0.082,0.082
-0.18613200000000002,-0.2,0.09,0.09,0.09
-0.18612800000000002,-0.2,0.082,0.082,0.082
-0.186124,0.4,0.082,0.082,0.082
-0.18612,-0.2,0.082,0.082,0.082
-0.186116,0.0,0.094,0.094,0.094
-0.186112,-0.2,0.08600000000000001,0.08600000000000001,0.08600000000000001
-0.18610800000000002,0.0,0.078,0.078,0.078
-0.18610400000000002,-0.4,0.078,0.078,0.078
-0.18610000000000002,0.2,0.07,0.07,0.07
-0.186096,-0.4,0.082,0.082,0.082
-0.186092,-0.2,0.082,0.082,0.082
-0.186088,-0.6000000000000001,0.07,0.07,0.07
-0.186084,-0.2,0.074,0.074,0.074
-0.18608000000000002,0.2,0.08600000000000001,0.08600000000000001,0.08600000000000001
-0.18607600000000002,-0.4,0.078,0.078,0.078
-0.18607200000000002,0.2,0.082,0.082,0.082
-0.186068,-0.2,0.082,0.082,0.082
-0.186064,-0.2,0.08600000000000001,0.08600000000000001,0.08600000000000001
-0.18606,-0.2,0.082,0.082,0.082
-0.186056,0.0,0.078,0.078,0.078
-0.18605200000000002,-0.6000000000000001,0.074,0.074,0.074
-0.18604800000000002,0.0,0.082,0.082,0.082
-0.18604400000000001,-0.2,0.082,0.082,0.082
-0.18604,0.0,0.094,0.094,0.094
-0.186036,0.0,0.074,0.074,0.074
-0.186032,-0.6000000000000001,0.074,0.074,0.074
-0.186028,-0.6000000000000001,0.09,0.09,0.09
-0.18602400000000002,-0.6000000000000001,0.082,0.082,0.082
-0.18602000000000002,-0.4,0.07,0.07,0.07
-0.18601600000000001,0.2,0.08600000000000001,0.08600000000000001,0.08600000000000001
-0.186012,0.0,0.08600000000000001,0.08600000000000001,0.08600000000000001
-0.186008,0.0,0.078,0.078,0.078
-0.186004,-0.4,0.082,0.082,0.082
-0.186,0.0,0.074,0.074,0.074
-0.18599600000000002,0.0,0.082,0.082,0.082
-0.18599200000000002,-0.2,0.078,0.078,0.078
-0.18598800000000001,-0.2,0.078,0.078,0.078
-0.185984,-0.2,0.07,0.07,0.07
-0.18598,0.0,0.094,0.094,0.094
-0.185976,-0.2,0.074,0.074,0.074
-0.18597200000000003,-0.2,0.094,0.094,0.094
-0.18596800000000002,0.0,0.082,0.082,0.082
-0.18596400000000002,0.0,0.09,0.09,0.09
-0.18596000000000001,0.0,0.082,0.082,0.082
-0.185956,-0.2,0.082,0.082,0.082
-0.185952,0.0,0.09,0.09,0.09
-0.185948,-0.2,0.09,0.09,0.09
-0.185944,0.0,0.078,0.078,0.078
-0.18594000000000002,0.0,0.082,0.082,0.082
-0.18593600000000002,-0.2,0.08600000000000001,0.08600000000000001,0.08600000000000001
-0.18593200000000001,-0.2,0.078,0.078,0.078
-0.185928,-0.2,0.078,0.078,0.078
-0.185924,0.0,0.078,0.078,0.078
-0.18592,0.0,0.074,0.074,0.074
-0.18591600000000003,-0.6000000000000001,0.082,0.082,0.082
-0.18591200000000002,0.0,0.082,0.082,0.082
-0.18590800000000002,-0.2,0.082,0.082,0.082
-0.185904,0.4,0.082,0.082,0.082
-0.1859,0.0,0.082,0.082,0.082
-0.185896,-0.4,0.078,0.078,0.078
-0.185892,-0.4,0.07,0.07,0.07
-0.185888,-0.2,0.09,0.09,0.09
-0.18588400000000002,0.0,0.09,0.09,0.09
-0.18588000000000002,0.0,0.082,0.082,0.082
-0.185876,0.0,0.074,0.074,0.074
-0.185872,0.0,0.078,0.078,0.078
-0.185868,-0.2,0.074,0.074,0.074
-0.185864,0.0,0.078,0.078,0.078
-0.18586000000000003,-0.2,0.08600000000000001,0.08600000000000001,0.08600000000000001
-0.18585600000000002,0.2,0.074,0.074,0.074
-0.18585200000000002,-0.2,0.09,0.09,0.09
-0.185848,0.0,0.082,0.082,0.082
-0.185844,-0.2,0.08600000000000001,0.08600000000000001,0.08600000000000001
-0.18584,0.0,0.082,0.082,0.082
-0.185836,0.0,0.08600000000000001,0.08600000000000001,0.08600000000000001
-0.185832,-0.2,0.09,0.09,0.09
-0.18582800000000002,0.0,0.074,0.074,0.074
-0.18582400000000002,0.0,0.078,0.078,0.078
-0.18582,-0.8,0.082,0.082,0.082
-0.185816,0.0,0.08600000000000001,0.08600000000000001,0.08600000000000001
-0.185812,-0.2,0.094,0.094,0.094
-0.185808,-0.2,0.078,0.078,0.078
-0.18580400000000002,0.2,0.074,0.074,0.074
-0.18580000000000002,-0.2,0.082,0.082,0.082
-0.18579600000000002,0.0,0.082,0.082,0.082
-0.185792,0.0,0.074,0.074,0.074
-0.185788,-0.4,0.098,0.098,0.098
-0.185784,-0.4,0.08600000000000001,0.08600000000000001,0.08600000000000001
-0.18578,0.0,0.082,0.082,0.082
-0.18577600000000002,-0.2,0.078,0.078,0.078
-0.18577200000000002,-0.2,0.074,0.074,0.074
-0.18576800000000002,-0.2,0.09,0.09,0.09
-0.185764,0.2,0.082,0.082,0.082
-0.18576,0.0,0.074,0.074,0.074
-0.185756,-0.2,0.082,0.082,0.082
-0.185752,-0.4,0.082,0.082,0.082
-0.18574800000000002,0.0,0.082,0.082,0.082
-0.18574400000000002,-0.2,0.082,0.082,0.082
-0.18574000000000002,-0.2,0.082,0.082,0.082
-0.185736,-0.4,0.078,0.078,0.078
-0.185732,0.4,0.08600000000000001,0.08600000000000001,0.08600000000000001
-0.185728,0.2,0.082,0.082,0.082
-0.185724,-0.4,0.08600000000000001,0.08600000000000001,0.08600000000000001
-0.18572000000000002,0.0,0.078,0.078,0.078
-0.18571600000000002,0.0,0.082,0.082,0.082
-0.18571200000000002,0.0,0.08600000000000001,0.08600000000000001,0.08600000000000001
-0.185708,0.0,0.082,0.082,0.082
-0.185704,-0.2,0.08600000000000001,0.08600000000000001,0.08600000000000001
-0.1857,-0.2,0.074,0.074,0.074
-0.185696,-0.6000000000000001,0.078,0.078,0.078
-0.18569200000000002,-0.6000000000000001,0.074,0.074,0.074
-0.18568800000000002,-0.2,0.078,0.078,0.078
-0.18568400000000002,-0.4,0.082,0.082,0.082
-0.18568,0.0,0.074,0.074,0.074
-0.185676,-0.2,0.09,0.09,0.09
-0.185672,0.2,0.08600000000000001,0.08600000000000001,0.08600000000000001
-0.185668,0.0,0.082,0.082,0.082
-0.18566400000000002,-0.2,0.074,0.074,0.074
-0.18566000000000002,-0.4,0.074,0.074,0.074
-0.18565600000000002,-0.2,0.078,0.078,0.078
-0.185652,-0.2,0.082,0.082,0.082
-0.185648,-0.2,0.078,0.078,0.078
-0.185644,-0.4,0.082,0.082,0.082
-0.18564,-0.2,0.082,0.082,0.082
-0.18563600000000002,-0.2,0.08600000000000001,0.08600000000000001,0.08600000000000001
-0.18563200000000002,0.0,0.078,0.078,0.078
-0.18562800000000002,0.2,0.078,0.078,0.078
-0.185624,0.2,0.074,0.074,0.074
-0.18562,-0.6000000000000001,0.078,0.078,0.078
-0.185616,-0.2,0.082,0.082,0.082
-0.185612,0.2,0.082,0.082,0.082
-0.18560800000000002,-0.6000000000000001,0.082,0.082,0.082
-0.18560400000000002,-0.8,0.08600000000000001,0.08600000000000001,0.08600000000000001
-0.18560000000000001,0.0,0.078,0.078,0.078
-0.185596,-0.2,0.082,0.082,0.082
-0.185592,-0.2,0.074,0.074,0.074
-0.185588,0.0,0.082,0.082,0.082
-0.185584,0.0,0.09,0.09,0.09
-0.18558000000000002,-0.6000000000000001,0.082,0.082,0.082
-0.18557600000000002,-0.2,0.074,0.074,0.074
-0.18557200000000001,-0.2,0.082,0.082,0.082
-0.185568,0.0,0.082,0.082,0.082
-0.185564,0.0,0.078,0.078,0.078
-0.18556,-0.2,0.078,0.078,0.078
-0.185556,0.0,0.082,0.082,0.082
-0.18555200000000002,-0.2,0.07,0.07,0.07
-0.18554800000000002,0.0,0.08600000000000001,0.08600000000000001,0.08600000000000001
-0.18554400000000001,-0.2,0.078,0.078,0.078
-0.18554,-0.4,0.08600000000000001,0.08600000000000001,0.08600000000000001
-0.185536,-0.4,0.08600000000000001,0.08600000000000001,0.08600000000000001
-0.185532,-0.2,0.074,0.074,0.074
-0.18552800000000003,-0.2,0.078,0.078,0.078
-0.18552400000000002,0.2,0.07,0.07,0.07
-0.18552000000000002,-0.2,0.074,0.074,0.074
-0.18551600000000001,-0.2,0.08600000000000001,0.08600000000000001,0.08600000000000001
-0.185512,0.0,0.08600000000000001,0.08600000000000001,0.08600000000000001
-0.185508,0.2,0.08600000000000001,0.08600000000000001,0.08600000000000001
-0.185504,0.0,0.082,0.082,0.082
-0.1855,0.0,0.078,0.078,0.078
-0.18549600000000002,-0.6000000000000001,0.082,0.082,0.082
-0.18549200000000002,-0.6000000000000001,0.09,0.09,0.09
-0.18548800000000001,0.0,0.07,0.07,0.07
-0.185484,-0.2,0.08600000000000001,0.08600000000000001,0.08600000000000001
-0.18548,-0.2,0.078,0.078,0.078
-0.185476,-0.2,0.082,0.082,0.082
-0.18547200000000003,0.2,0.074,0.074,0.074
-0.18546800000000002,-0.4,0.08600000000000001,0.08600000000000001,0.08600000000000001
-0.18546400000000002,0.2,0.082,0.082,0.082
-0.18546,0.2,0.082,0.082,0.082
-0.185456,-0.2,0.074,0.074,0.074
-0.185452,-0.2,0.082,0.082,0.082
-0.185448,0.0,0.078,0.078,0.078
-0.185444,-0.2,0.08600000000000001,0.08600000000000001,0.08600000000000001
-0.18544000000000002,0.4,0.07,0.07,0.07
-0.18543600000000002,-0.4,0.08600000000000001,0.08600000000000001,0.08600000000000001
-0.185432,0.6000000000000001,0.09,0.09,0.09
-0.185428,0.0,0.082,0.082,0.082
-0.185424,0.0,0.082,0.082,0.082
-0.18542,0.2,0.074,0.074,0.074
-0.18541600000000003,-0.2,0.08600000000000001,0.08600000000000001,0.08600000000000001
-0.18541200000000002,-0.2,0.082,0.082,0.082
-0.18540800000000002,-0.2,0.082,0.082,0.082
-0.185404,-0.6000000000000001,0.078,0.078,0.078
-0.1854,-0.2,0.078,0.078,0.078
-0.185396,0.0,0.082,0.082,0.082
-0.185392,0.0,0.082,0.082,0.082
-0.185388,-0.6000000000000001,0.07,0.07,0.07
-0.18538400000000002,-0.2,0.07,0.07,0.07
-0.18538000000000002,-0.2,0.082,0.082,0.082
-0.185376,0.2,0.078,0.078,0.078
-0.185372,-0.8,0.082,0.082,0.082
-0.185368,0.0,0.082,0.082,0.082
-0.185364,-0.4,0.078,0.078,0.078
-0.18536000000000002,0.0,0.078,0.078,0.078
-0.18535600000000002,-0.2,0.078,0.078,0.078
-0.18535200000000002,-0.2,0.074,0.074,0.074
-0.185348,-0.4,0.082,0.082,0.082
-0.185344,-0.2,0.082,0.082,0.082
-0.18534,-0.4,0.082,0.082,0.082
-0.185336,-0.8,0.082,0.082,0.082
-0.18533200000000002,-0.2,0.082,0.082,0.082
-0.18532800000000002,-0.2,0.078,0.078,0.078
-0.18532400000000002,-0.6000000000000001,0.09,0.09,0.09
-0.18532,-0.4,0.082,0.082,0.082
-0.185316,0.0,0.082,0.082,0.082
-0.185312,-0.2,0.082,0.082,0.082
-0.185308,0.0,0.078,0.078,0.078
-0.18530400000000002,0.0,0.08600000000000001,0.08600000000000001,0.08600000000000001
-0.18530000000000002,0.0,0.078,0.078,0.078
-0.18529600000000002,0.2,0.066,0.066,0.066
-0.185292,-0.2,0.082,0.082,0.082
-0.185288,-0.2,0.08600000000000001,0.08600000000000001,0.08600000000000001
-0.185284,0.0,0.082,0.082,0.082
-0.18528,0.0,0.078,0.078,0.078
-0.18527600000000002,0.0,0.078,0.078,0.078
-0.18527200000000002,-0.2,0.08600000000000001,0.08600000000000001,0.08600000000000001
-0.18526800000000002,0.2,0.08600000000000001,0.08600000000000001,0.08600000000000001
-0.185264,-0.2,0.09,0.09,0.09
-0.18526,-0.2,0.08600000000000001,0.08600000000000001,0.08600000000000001
-0.185256,-0.4,0.074,0.074,0.074
-0.185252,-0.2,0.078,0.078,0.078
-0.18524800000000002,0.2,0.08600000000000001,0.08600000000000001,0.08600000000000001
-0.18524400000000002,-0.2,0.08600000000000001,0.08600000000000001,0.08600000000000001
-0.18524000000000002,-0.6000000000000001,0.09,0.09,0.09
-0.185236,-0.2,0.082,0.082,0.082
-0.185232,-0.2,0.082,0.082,0.082
-0.185228,-0.4,0.078,0.078,0.078
-0.185224,-0.2,0.078,0.078,0.078
-0.18522000000000002,0.0,0.078,0.078,0.078
-0.18521600000000002,0.0,0.074,0.074,0.074
-0.18521200000000002,0.0,0.082,0.082,0.082
-0.185208,-0.2,0.08600000000000001,0.08600000000000001,0.08600000000000001
-0.185204,0.0,0.08600000000000001,0.08600000000000001,0.08600000000000001
-0.1852,0.2,0.074,0.074,0.074
-0.185196,-0.4,0.082,0.082,0.082
-0.18519200000000002,-0.2,0.07,0.07,0.07
-0.18518800000000002,0.2,0.074,0.074,0.074
-0.18518400000000002,0.0,0.078,0.078,0.078
-0.18518,0.2,0.078,0.078,0.078
-0.185176,-0.2,0.082,0.082,0.082
-0.185172,-0.2,0.074,0.074,0.074
-0.185168,0.0,0.074,0.074,0.074
-0.18516400000000002,-0.2,0.098,0.098,0.098
-0.18516000000000002,-0.4,0.078,0.078,0.078
-0.18515600000000002,-0.2,0.082,0.082,0.082
-0.185152,0.2,0.078,0.078,0.078
-0.185148,-0.2,0.082,0.082,0.082
-0.185144,0.2,0.082,0.082,0.082
-0.18514,0.0,0.074,0.074,0.074
-0.18513600000000002,-0.2,0.078,0.078,0.078
-0.18513200000000002,-0.2,0.082,0.082,0.082
-0.18512800000000001,0.2,0.074,0.074,0.074
-0.185124,-0.2,0.09,0.09,0.09
-0.18512,0.0,0.082,0.082,0.082
-0.185116,-0.4,0.082,0.082,0.082
-0.185112,-0.2,0.074,0.074,0.074
-0.18510800000000002,-0.6000000000000001,0.09,0.09,0.09
-0.18510400000000002,-0.2,0.08600000000000001,0.08600000000000001,0.08600000000000001
-0.18510000000000001,-0.2,0.066,0.066,0.066
-0.185096,0.2,0.082,0.082,0.082
-0.185092,-0.2,0.09,0.09,0.09
-0.185088,0.6000000000000001,0.078,0.078,0.078
-0.18508400000000003,-0.2,0.078,0.078,0.078
-0.18508000000000002,-0.2,0.074,0.074,0.074
-0.18507600000000002,0.4,0.078,0.078,0.078
-0.18507200000000001,0.2,0.082,0.082,0.082
-0.185068,-0.4,0.07,0.07,0.07
-0.185064,0.0,0.082,0.082,0.082
-0.18506,-0.6000000000000001,0.09,0.09,0.09
-0.185056,0.0,0.078,0.078,0.078
-0.18505200000000002,0.0,0.082,0.082,0.082
-0.18504800000000002,-0.2,0.074,0.074,0.074
-0.18504400000000001,0.0,0.078,0.078,0.078
-0.18504,-0.4,0.074,0.074,0.074
-0.185036,-0.2,0.07,0.07,0.07
-0.185032,-0.2,0.09,0.09,0.09
-0.18502800000000003,-0.2,0.08600000000000001,0.08600000000000001,0.08600000000000001
-0.18502400000000002,0.0,0.078,0.078,0.078
-0.18502000000000002,-0.2,0.078,0.078,0.078
-0.185016,-0.6000000000000001,0.082,0.082,0.082
-0.185012,-0.2,0.082,0.082,0.082
-0.185008,-0.4,0.078,0.078,0.078
-0.185004,-0.2,0.074,0.074,0.074
-0.185,-0.4,0.07,0.07,0.07
-0.18499600000000002,0.0,0.09,0.09,0.09
-0.18499200000000002,0.0,0.078,0.078,0.078
-0.184988,0.0,0.078,0.078,0.078
-0.184984,0.0,0.074,0.074,0.074
-0.18498,-0.2,0.07,0.07,0.07
-0.184976,-0.2,0.082,0.082,0.082
-0.18497200000000003,0.0,0.074,0.074,0.074
-0.18496800000000002,0.0,0.074,0.074,0.074
-0.18496400000000002,-0.2,0.078,0.078,0.078
-0.18496,0.2,0.074,0.074,0.074
-0.184956,0.0,0.082,0.082,0.082
-0.184952,0.0,0.082,0.082,0.082
-0.184948,-0.2,0.07,0.07,0.07
-0.184944,0.0,0.082,0.082,0.082
-0.18494000000000002,0.0,0.08600000000000001,0.08600000000000001,0.08600000000000001
-0.18493600000000002,0.0,0.066,0.066,0.066
-0.184932,-0.4,0.07,0.07,0.07
-0.184928,0.0,0.08600000000000001,0.08600000000000001,0.08600000000000001
-0.184924,0.2,0.078,0.078,0.078
-0.18492,-0.2,0.078,0.078,0.078
-0.18491600000000002,0.2,0.08600000000000001,0.08600000000000001,0.08600000000000001
-0.18491200000000002,0.0,0.078,0.078,0.078
-0.18490800000000002,-0.4,0.08600000000000001,0.08600000000000001,0.08600000000000001
-0.184904,0.0,0.082,0.082,0.082
-0.1849,-0.4,0.078,0.078,0.078
-0.184896,0.0,0.078,0.078,0.078
-0.184892,-0.2,0.074,0.074,0.074
-0.18488800000000002,0.2,0.08600000000000001,0.08600000000000001,0.08600000000000001
-0.18488400000000002,-0.2,0.082,0.082,0.082
-0.18488000000000002,0.0,0.082,0.082,0.082
-0.184876,-0.2,0.074,0.074,0.074
-0.184872,-0.4,0.082,0.082,0.082
-0.184868,-0.2,0.07,0.07,0.07
-0.184864,0.2,0.08600000000000001,0.08600000000000001,0.08600000000000001
-0.18486000000000002,0.2,0.074,0.074,0.074
-0.18485600000000002,0.0,0.082,0.082,0.082
-0.18485200000000002,0.0,0.07,0.07,0.07
-0.184848,0.0,0.082,0.082,0.082
-0.184844,0.2,0.08600000000000001,0.08600000000000001,0.08600000000000001
-0.18484,-0.2,0.08600000000000001,0.08600000000000001,0.08600000000000001
-0.184836,0.2,0.082,0.082,0.082
-0.18483200000000002,-0.2,0.078,0.078,0.078
-0.18482800000000002,-0.2,0.078,0.078,0.078
-0.18482400000000002,0.2,0.094,0.094,0.094
-0.18482,-0.2,0.082,0.082,0.082
-0.184816,0.0,0.082,0.082,0.082
-0.184812,0.0,0.082,0.082,0.082
-0.184808,0.0,0.08600000000000001,0.08600000000000001,0.08600000000000001
-0.18480400000000002,-0.4,0.09,0.09,0.09
-0.18480000000000002,-0.2,0.078,0.078,0.078
-0.18479600000000002,0.0,0.082,0.082,0.082
-0.184792,0.2,0.08600000000000001,0.08600000000000001,0.08600000000000001
-0.184788,-0.2,0.078,0.078,0.078
-0.184784,-0.2,0.09,0.09,0.09
-0.18478,0.0,0.082,0.082,0.082
-0.18477600000000002,0.0,0.082,0.082,0.082
-0.18477200000000002,0.0,0.082,0.082,0.082
-0.18476800000000002,-0.2,0.082,0.082,0.082
-0.184764,0.0,0.082,0.082,0.082
-0.18476,-0.4,0.07,0.07,0.07
-0.184756,-0.4,0.074,0.074,0.074
-0.184752,-0.2,0.08600000000000001,0.08600000000000001,0.08600000000000001
-0.18474800000000002,-0.2,0.082,0.082,0.082
-0.18474400000000002,0.0,0.082,0.082,0.082
-0.18474000000000002,-0.4,0.078,0.078,0.078
-0.184736,0.0,0.074,0.074,0.074
-0.184732,0.2,0.078,0.078,0.078
-0.184728,0.0,0.09,0.09,0.09
-0.184724,-0.4,0.082,0.082,0.082
-0.18472000000000002,-0.8,0.08600000000000001,0.08600000000000001,0.08600000000000001
-0.18471600000000002,0.0,0.074,0.074,0.074
-0.18471200000000002,0.0,0.074,0.074,0.074
-0.184708,-0.4,0.07,0.07,0.07
-0.184704,-0.4,0.078,0.078,0.078
-0.1847,-0.2,0.082,0.082,0.082
-0.184696,-0.2,0.078,0.078,0.078
-0.18469200000000002,-0.2,0.07,0.07,0.07
-0.18468800000000002,-0.4,0.082,0.082,0.082
-0.18468400000000001,-0.4,0.082,0.082,0.082
-0.18468,0.0,0.082,0.082,0.082
-0.184676,-0.4,0.07,0.07,0.07
-0.184672,-0.4,0.082,0.082,0.082
-0.184668,0.0,0.078,0.078,0.078
-0.18466400000000002,0.2,0.074,0.074,0.074
-0.18466000000000002,-0.2,0.082,0.082,0.082
-0.18465600000000001,0.0,0.082,0.082,0.082
-0.184652,-0.6000000000000001,0.07,0.07,0.07
-0.184648,-0.2,0.078,0.078,0.078
-0.184644,-0.4,0.082,0.082,0.082
-0.18464000000000003,0.0,0.082,0.082,0.082
-0.18463600000000002,-0.2,0.09,0.09,0.09
-0.18463200000000002,-0.2,0.074,0.074,0.074
-0.18462800000000001,-0.2,0.09,0.09,0.09
-0.184624,-0.2,0.082,0.082,0.082
-0.18462,0.0,0.08600000000000001,0.08600000000000001,0.08600000000000001
-0.184616,0.0,0.08600000000000001,0.08600000000000001,0.08600000000000001
-0.184612,-0.2,0.082,0.082,0.082
-0.18460800000000002,0.0,0.082,0.082,0.082
-0.18460400000000002,-0.6000000000000001,0.078,0.078,0.078
-0.18460000000000001,-0.4,0.08600000000000001,0.08600000000000001,0.08600000000000001
-0.184596,-0.4,0.082,0.082,0.082
-0.184592,-0.2,0.07,0.07,0.07
-0.184588,-0.2,0.082,0.082,0.082
-0.18458400000000003,-0.2,0.078,0.078,0.078
-0.18458000000000002,0.2,0.078,0.078,0.078
-0.18457600000000002,-0.4,0.082,0.082,0.082
-0.184572,0.0,0.082,0.082,0.082
-0.184568,0.0,0.082,0.082,0.082
-0.184564,-0.2,0.08600000000000001,0.08600000000000001,0.08600000000000001
-0.18456,0.0,0.074,0.074,0.074
-0.184556,0.0,0.078,0.078,0.078
-0.18455200000000002,-0.2,0.082,0.082,0.082
-0.18454800000000002,-0.4,0.082,0.082,0.082
-0.184544,-0.4,0.082,0.082,0.082
-0.18454,0.0,0.08600000000000001,0.08600000000000001,0.08600000000000001
-0.184536,0.0,0.078,0.078,0.078
-0.184532,0.0,0.082,0.082,0.082
-0.18452800000000003,-0.2,0.078,0.078,0.078
-0.18452400000000002,-0.2,0.078,0.078,0.078
-0.18452000000000002,-0.2,0.08600000000000001,0.08600000000000001,0.08600000000000001
-0.184516,-0.2,0.082,0.082,0.082
-0.184512,0.0,0.074,0.074,0.074
-0.184508,-0.2,0.082,0.082,0.082
-0.184504,-0.4,0.078,0.078,0.078
-0.1845,0.0,0.082,0.082,0.082
-0.18449600000000002,0.2,0.08600000000000001,0.08600000000000001,0.08600000000000001
-0.18449200000000002,0.2,0.082,0.082,0.082
-0.184488,0.2,0.078,0.078,0.078
-0.184484,0.0,0.082,0.082,0.082
-0.18448,-0.2,0.082,0.082,0.082
-0.184476,-0.4,0.078,0.078,0.078
-0.18447200000000002,0.0,0.094,0.094,0.094
-0.18446800000000002,-0.2,0.082,0.082,0.082
-0.18446400000000002,-0.2,0.08600000000000001,0.08600000000000001,0.08600000000000001
-0.18446,0.0,0.08600000000000001,0.08600000000000001,0.08600000000000001
-0.184456,0.0,0.094,0.094,0.094
-0.184452,-0.4,0.09,0.09,0.09
-0.184448,-0.6000000000000001,0.09,0.09,0.09
-0.18444400000000002,0.0,0.08600000000000001,0.08600000000000001,0.08600000000000001
-0.18444000000000002,0.0,0.08600000000000001,0.08600000000000001,0.08600000000000001
-0.18443600000000002,0.2,0.08600000000000001,0.08600000000000001,0.08600000000000001
-0.184432,-0.2,0.08600000000000001,0.08600000000000001,0.08600000000000001
-0.184428,-0.4,0.074,0.074,0.074
-0.184424,-0.2,0.082,0.082,0.082
-0.18442,0.0,0.074,0.074,0.074
-0.18441600000000002,0.0,0.08600000000000001,0.08600000000000001,0.08600000000000001
-0.18441200000000002,0.4,0.08600000000000001,0.08600000000000001,0.08600000000000001
-0.18440800000000002,0.0,0.082,0.082,0.082
-0.184404,-0.4,0.078,0.078,0.078
-0.1844,-0.4,0.08600000000000001,0.08600000000000001,0.08600000000000001
-0.184396,-0.4,0.082,0.082,0.082
-0.184392,-0.2,0.08600000000000001,0.08600000000000001,0.08600000000000001
-0.18438800000000002,-0.2,0.08600000000000001,0.08600000000000001,0.08600000000000001
-0.18438400000000002,-0.2,0.08600000000000001,0.08600000000000001,0.08600000000000001
-0.18438000000000002,-0.4,0.082,0.082,0.082
-0.184376,-0.6000000000000001,0.078,0.078,0.078
-0.184372,0.2,0.08600000000000001,0.08600000000000001,0.08600000000000001
-0.184368,-0.2,0.082,0.082,0.082
-0.184364,-0.4,0.074,0.074,0.074
-0.18436000000000002,-0.6000000000000001,0.082,0.082,0.082
-0.18435600000000002,0.4,0.082,0.082,0.082
-0.18435200000000002,-0.4,0.08600000000000001,0.08600000000000001,0.08600000000000001
-0.184348,0.2,0.08600000000000001,0.08600000000000001,0.08600000000000001
-0.184344,0.0,0.08600000000000001,0.08600000000000001,0.08600000000000001
-0.18434,0.0,0.082,0.082,0.082
-0.184336,-0.4,0.082,0.082,0.082
-0.18433200000000002,-0.2,0.082,0.082,0.082
-0.18432800000000002,-0.2,0.09,0.09,0.09
-0.18432400000000002,-0.2,0.08600000000000001,0.08600000000000001,0.08600000000000001
-0.18432,0.0,0.078,0.078,0.078
-0.184316,0.0,0.074,0.074,0.074
-0.184312,0.0,0.082,0.082,0.082
-0.18430800000000003,-0.2,0.074,0.074,0.074
-0.18430400000000002,-0.2,0.078,0.078,0.078
-0.18430000000000002,0.0,0.074,0.074,0.074
-0.18429600000000002,0.0,0.082,0.082,0.082
-0.184292,0.2,0.08600000000000001,0.08600000000000001,0.08600000000000001
-0.184288,0.0,0.074,0.074,0.074
-0.184284,0.0,0.08600000000000001,0.08600000000000001,0.08600000000000001
-0.18428,-0.2,0.074,0.074,0.074
-0.18427600000000002,-0.2,0.08600000000000001,0.08600000000000001,0.08600000000000001
-0.18427200000000002,-0.2,0.078,0.078,0.078
-0.18426800000000002,0.2,0.078,0.078,0.078
-0.184264,0.0,0.066,0.066,0.066
-0.18426,-0.2,0.082,0.082,0.082
-0.184256,0.0,0.074,0.074,0.074
-0.18425200000000003,0.0,0.082,0.082,0.082
-0.18424800000000002,-0.6000000000000001,0.08600000000000001,0.08600000000000001,0.08600000000000001
-0.18424400000000002,0.0,0.074,0.074,0.074
-0.18424000000000001,-0.2,0.082,0.082,0.082
-0.184236,-0.6000000000000001,0.07,0.07,0.07
-0.184232,-0.4,0.082,0.082,0.082
-0.184228,0.0,0.082,0.082,0.082
-0.184224,0.2,0.078,0.078,0.078
-0.18422000000000002,0.0,0.082,0.082,0.082
-0.18421600000000002,0.0,0.078,0.078,0.078
-0.18421200000000001,-0.4,0.078,0.078,0.078
-0.184208,0.0,0.08600000000000001,0.08600000000000001,0.08600000000000001
-0.184204,-0.4,0.08600000000000001,0.08600000000000001,0.08600000000000001
-0.1842,0.0,0.074,0.074,0.074
-0.18419600000000003,0.0,0.082,0.082,0.082
-0.18419200000000002,0.0,0.078,0.078,0.078
-0.18418800000000002,-0.2,0.09,0.09,0.09
-0.18418400000000001,-0.4,0.09,0.09,0.09
-0.18418,-0.4,0.078,0.078,0.078
-0.184176,-0.2,0.08600000000000001,0.08600000000000001,0.08600000000000001
-0.184172,0.6000000000000001,0.074,0.074,0.074
-0.184168,-0.4,0.09,0.09,0.09
-0.18416400000000002,-0.2,0.074,0.074,0.074
-0.18416000000000002,0.0,0.08600000000000001,0.08600000000000001,0.08600000000000001
-0.18415600000000001,-0.2,0.082,0.082,0.082
-0.184152,-0.4,0.08600000000000001,0.08600000000000001,0.08600000000000001
-0.184148,0.0,0.08600000000000001,0.08600000000000001,0.08600000000000001
-0.184144,-0.2,0.08600000000000001,0.08600000000000001,0.08600000000000001
-0.18414000000000003,0.2,0.074,0.074,0.074
-0.18413600000000002,-0.4,0.078,0.078,0.078
-0.18413200000000002,0.0,0.09,0.09,0.09
-0.18412800000000001,0.2,0.074,0.074,0.074
-0.184124,-0.2,0.078,0.078,0.078
-0.18412,-0.2,0.09,0.09,0.09
-0.184116,0.0,0.08600000000000001,0.08600000000000001,0.08600000000000001
-0.184112,0.0,0.078,0.078,0.078
-0.18410800000000002,0.0,0.082,0.082,0.082
-0.18410400000000002,-0.6000000000000001,0.074,0.074,0.074
-0.1841,-0.2,0.078,0.078,0.078
-0.184096,0.0,0.08600000000000001,0.08600000000000001,0.08600000000000001
-0.184092,-0.2,0.08600000000000001,0.08600000000000001,0.08600000000000001
-0.184088,0.2,0.078,0.078,0.078
-0.18408400000000003,-0.4,0.078,0.078,0.078
-0.18408000000000002,-0.2,0.078,0.078,0.078
-0.18407600000000002,0.0,0.08600000000000001,0.08600000000000001,0.08600000000000001
-0.184072,0.0,0.08600000000000001,0.08600000000000001,0.08600000000000001
-0.184068,-0.4,0.07,0.07,0.07
-0.184064,-0.2,0.074,0.074,0.074
-0.18406,0.0,0.082,0.082,0.082
-0.184056,-0.2,0.08600000000000001,0.08600000000000001,0.08600000000000001
-0.18405200000000002,-0.2,0.082,0.082,0.082
-0.18404800000000002,0.0,0.066,0.066,0.066
-0.184044,0.0,0.078,0.078,0.078
-0.18404,0.0,0.082,0.082,0.082
-0.184036,-0.2,0.078,0.078,0.078
-0.184032,-0.4,0.078,0.078,0.078
-0.18402800000000002,0.4,0.078,0.078,0.078
-0.18402400000000002,-0.2,0.07,0.07,0.07
-0.18402000000000002,-0.2,0.078,0.078,0.078
-0.184016,0.0,0.07,0.07,0.07
-0.184012,-0.4,0.074,0.074,0.074
-0.184008,0.0,0.082,0.082,0.082
-0.184004,0.2,0.078,0.078,0.078
-0.184,-0.6000000000000001,0.082,0.082,0.082
-0.18399600000000002,0.2,0.09,0.09,0.09
-0.18399200000000002,0.2,0.078,0.078,0.078
-0.183988,-0.4,0.08600000000000001,0.08600000000000001,0.08600000000000001
-0.183984,-0.2,0.08600000000000001,0.08600000000000001,0.08600000000000001
-0.18398,-0.4,0.08600000000000001,0.08600000000000001,0.08600000000000001
-0.183976,0.0,0.078,0.078,0.078
-0.18397200000000002,-0.2,0.09,0.09,0.09
-0.18396800000000002,0.0,0.074,0.074,0.074
-0.18396400000000002,-0.2,0.078,0.078,0.078
-0.18396,-0.4,0.082,0.082,0.082
-0.183956,0.0,0.07,0.07,0.07
-0.183952,0.0,0.074,0.074,0.074
-0.183948,-0.4,0.082,0.082,0.082
-0.183944,0.0,0.082,0.082,0.082
-0.18394000000000002,0.0,0.082,0.082,0.082
-0.18393600000000002,0.0,0.08600000000000001,0.08600000000000001,0.08600000000000001
-0.183932,-0.2,0.082,0.082,0.082
-0.183928,0.0,0.074,0.074,0.074
-0.183924,0.2,0.082,0.082,0.082
-0.18392,0.2,0.094,0.094,0.094
-0.18391600000000002,-0.2,0.074,0.074,0.074
-0.18391200000000002,-0.2,0.074,0.074,0.074
-0.18390800000000002,-0.2,0.082,0.082,0.082
-0.183904,-0.2,0.074,0.074,0.074
-0.1839,-0.2,0.082,0.082,0.082
-0.183896,0.0,0.07,0.07,0.07
-0.183892,-0.2,0.082,0.082,0.082
-0.18388800000000002,0.0,0.078,0.078,0.078
-0.18388400000000002,-0.4,0.082,0.082,0.082
-0.18388000000000002,-0.4,0.08600000000000001,0.08600000000000001,0.08600000000000001
-0.183876,0.0,0.082,0.082,0.082
-0.183872,-0.2,0.07,0.07,0.07
-0.183868,0.0,0.082,0.082,0.082
-0.18386400000000003,0.0,0.078,0.078,0.078
-0.18386000000000002,0.0,0.078,0.078,0.078
-0.18385600000000002,-0.4,0.082,0.082,0.082
-0.18385200000000002,0.4,0.066,0.066,0.066
-0.183848,-0.2,0.08600000000000001,0.08600000000000001,0.08600000000000001
-0.183844,0.0,0.08600000000000001,0.08600000000000001,0.08600000000000001
-0.18384,-0.6000000000000001,0.082,0.082,0.082
-0.183836,0.2,0.082,0.082,0.082
-0.18383200000000002,0.0,0.074,0.074,0.074
-0.18382800000000002,0.0,0.08600000000000001,0.08600000000000001,0.08600000000000001
-0.18382400000000002,0.0,0.082,0.082,0.082
-0.18382,-0.4,0.08600000000000001,0.08600000000000001,0.08600000000000001
-0.183816,-0.2,0.08600000000000001,0.08600000000000001,0.08600000000000001
-0.183812,0.0,0.08600000000000001,0.08600000000000001,0.08600000000000001
-0.18380800000000003,-0.2,0.082,0.082,0.082
-0.18380400000000002,0.4,0.07,0.07,0.07
-0.18380000000000002,0.0,0.08600000000000001,0.08600000000000001,0.08600000000000001
-0.18379600000000001,-0.4,0.074,0.074,0.074
-0.183792,0.0,0.082,0.082,0.082
-0.183788,-0.4,0.082,0.082,0.082
-0.183784,0.2,0.082,0.082,0.082
-0.18378,-0.4,0.09,0.09,0.09
-0.18377600000000002,-0.4,0.082,0.082,0.082
-0.18377200000000002,0.0,0.09,0.09,0.09
-0.18376800000000001,0.0,0.078,0.078,0.078
-0.183764,-0.6000000000000001,0.09,0.09,0.09
-0.18376,0.0,0.082,0.082,0.082
-0.183756,0.0,0.074,0.074,0.074
-0.18375200000000003,-0.2,0.09,0.09,0.09
-0.18374800000000002,-0.2,0.082,0.082,0.082
-0.18374400000000002,-0.4,0.078,0.078,0.078
-0.18374000000000001,-0.2,0.074,0.074,0.074
-0.183736,-0.4,0.078,0.078,0.078
-0.183732,-0.4,0.074,0.074,0.074
-0.183728,0.0,0.07,0.07,0.07
-0.183724,-0.2,0.082,0.082,0.082
-0.18372000000000002,-0.4,0.074,0.074,0.074
-0.18371600000000002,-0.2,0.08600000000000001,0.08600000000000001,0.08600000000000001
-0.18371200000000001,-0.2,0.082,0.082,0.082
-0.183708,0.0,0.08600000000000001,0.08600000000000001,0.08600000000000001
-0.183704,-0.4,0.082,0.082,0.082
-0.1837,0.0,0.082,0.082,0.082
-0.18369600000000003,0.0,0.07,0.07,0.07
-0.18369200000000002,-0.2,0.08600000000000001,0.08600000000000001,0.08600000000000001
-0.18368800000000002,-0.2,0.08600000000000001,0.08600000000000001,0.08600000000000001
-0.18368400000000001,-0.2,0.082,0.082,0.082
-0.18368,-0.2,0.082,0.082,0.082
-0.183676,0.2,0.08600000000000001,0.08600000000000001,0.08600000000000001
-0.183672,0.0,0.082,0.082,0.082
-0.183668,-0.2,0.094,0.094,0.094
-0.18366400000000002,-0.2,0.074,0.074,0.074
-0.18366000000000002,0.0,0.078,0.078,0.078
-0.183656,-0.2,0.08600000000000001,0.08600000000000001,0.08600000000000001
-0.183652,0.0,0.074,0.074,0.074
-0.183648,0.2,0.098,0.098,0.098
-0.183644,0.0,0.078,0.078,0.078
-0.18364000000000003,-0.4,0.074,0.074,0.074
-0.18363600000000002,-0.2,0.09,0.09,0.09
-0.18363200000000002,-0.2,0.082,0.082,0.082
-0.183628,-0.2,0.082,0.082,0.082
-0.183624,-0.2,0.074,0.074,0.074
-0.18362,-0.2,0.074,0.074,0.074
-0.183616,-0.2,0.078,0.078,0.078
-0.183612,-0.2,0.082,0.082,0.082
-0.18360800000000002,-0.2,0.08600000000000001,0.08600000000000001,0.08600000000000001
-0.18360400000000002,0.0,0.08600000000000001,0.08600000000000001,0.08600000000000001
-0.1836,-0.4,0.074,0.074,0.074
-0.183596,0.0,0.082,0.082,0.082
-0.183592,-0.4,0.074,0.074,0.074
-0.183588,0.0,0.08600000000000001,0.08600000000000001,0.08600000000000001
-0.18358400000000002,-0.4,0.078,0.078,0.078
-0.18358000000000002,-0.4,0.066,0.066,0.066
-0.18357600000000002,0.0,0.09,0.09,0.09
-0.183572,0.4,0.074,0.074,0.074
-0.183568,-0.6000000000000001,0.08600000000000001,0.08600000000000001,0.08600000000000001
-0.183564,0.0,0.08600000000000001,0.08600000000000001,0.08600000000000001
-0.18356,-0.4,0.082,0.082,0.082
-0.183556,-0.2,0.082,0.082,0.082
-0.18355200000000002,0.0,0.08600000000000001,0.08600000000000001,0.08600000000000001
-0.18354800000000002,-0.2,0.08600000000000001,0.08600000000000001,0.08600000000000001
-0.183544,0.2,0.078,0.078,0.078
-0.18354,-0.2,0.082,0.082,0.082
-0.183536,-0.2,0.082,0.082,0.082
-0.183532,-0.2,0.078,0.078,0.078
-0.18352800000000002,-0.4,0.08600000000000001,0.08600000000000001,0.08600000000000001
-0.18352400000000002,0.0,0.08600000000000001,0.08600000000000001,0.08600000000000001
-0.18352000000000002,-0.2,0.078,0.078,0.078
-0.183516,-0.2,0.074,0.074,0.074
-0.183512,-0.2,0.08600000000000001,0.08600000000000001,0.08600000000000001
-0.183508,0.0,0.08600000000000001,0.08600000000000001,0.08600000000000001
-0.183504,-0.2,0.08600000000000001,0.08600000000000001,0.08600000000000001
-0.1835,-0.4,0.074,0.074,0.074
-0.18349600000000002,-0.2,0.082,0.082,0.082
-0.18349200000000002,0.0,0.08600000000000001,0.08600000000000001,0.08600000000000001
-0.183488,0.2,0.078,0.078,0.078
-0.183484,-0.4,0.09,0.09,0.09
-0.18348,-0.2,0.08600000000000001,0.08600000000000001,0.08600000000000001
-0.183476,-0.4,0.082,0.082,0.082
-0.18347200000000002,-0.4,0.082,0.082,0.082
-0.18346800000000002,0.0,0.078,0.078,0.078
-0.18346400000000002,0.2,0.078,0.078,0.078
-0.18346,-0.2,0.082,0.082,0.082
-0.183456,-0.2,0.078,0.078,0.078
-0.183452,-0.2,0.082,0.082,0.082
-0.183448,-0.4,0.078,0.078,0.078
-0.18344400000000002,0.2,0.08600000000000001,0.08600000000000001,0.08600000000000001
-0.18344000000000002,-0.2,0.078,0.078,0.078
-0.18343600000000002,-0.2,0.08600000000000001,0.08600000000000001,0.08600000000000001
-0.183432,0.0,0.078,0.078,0.078
-0.183428,-0.4,0.08600000000000001,0.08600000000000001,0.08600000000000001
-0.183424,0.4,0.09,0.09,0.09
-0.18342000000000003,0.2,0.074,0.074,0.074
-0.18341600000000002,0.2,0.082,0.082,0.082
-0.18341200000000002,0.0,0.074,0.074,0.074
-0.18340800000000002,-0.2,0.082,0.082,0.082
-0.183404,0.0,0.08600000000000001,0.08600000000000001,0.08600000000000001
-0.1834,0.0,0.09,0.09,0.09
-0.183396,0.0,0.07,0.07,0.07
-0.183392,-0.2,0.08600000000000001,0.08600000000000001,0.08600000000000001
-0.18338800000000002,-0.4,0.082,0.082,0.082
-0.18338400000000002,0.0,0.082,0.082,0.082
-0.18338000000000002,0.2,0.078,0.078,0.078
-0.183376,-0.2,0.082,0.082,0.082
-0.183372,-0.2,0.08600000000000001,0.08600000000000001,0.08600000000000001
-0.183368,0.2,0.074,0.074,0.074
-0.18336400000000003,-0.2,0.078,0.078,0.078
-0.18336000000000002,-0.2,0.074,0.074,0.074
-0.18335600000000002,0.0,0.074,0.074,0.074
-0.18335200000000001,0.2,0.078,0.078,0.078
-0.183348,0.4,0.082,0.082,0.082
-0.183344,-0.4,0.078,0.078,0.078
-0.18334,0.2,0.078,0.078,0.078
-0.183336,0.0,0.074,0.074,0.074
-0.18333200000000002,-0.4,0.082,0.082,0.082
-0.18332800000000002,0.0,0.08600000000000001,0.08600000000000001,0.08600000000000001
-0.18332400000000001,-0.4,0.082,0.082,0.082
-0.18332,0.2,0.082,0.082,0.082
-0.183316,-0.2,0.08600000000000001,0.08600000000000001,0.08600000000000001
-0.183312,0.0,0.074,0.074,0.074
-0.18330800000000003,-0.4,0.078,0.078,0.078
-0.18330400000000002,0.0,0.09,0.09,0.09
-0.18330000000000002,0.0,0.082,0.082,0.082
-0.18329600000000001,0.0,0.082,0.082,0.082
-0.183292,0.2,0.082,0.082,0.082
-0.183288,-0.4,0.074,0.074,0.074
-0.183284,0.0,0.082,0.082,0.082
-0.18328,0.0,0.08600000000000001,0.08600000000000001,0.08600000000000001
-0.18327600000000002,-0.4,0.07,0.07,0.07
-0.18327200000000002,0.2,0.082,0.082,0.082
-0.18326800000000001,0.2,0.066,0.066,0.066
-0.183264,0.2,0.08600000000000001,0.08600000000000001,0.08600000000000001
-0.18326,0.0,0.08600000000000001,0.08600000000000001,0.08600000000000001
-0.183256,-0.4,0.09,0.09,0.09
-0.18325200000000003,0.0,0.066,0.066,0.066
-0.18324800000000002,-0.2,0.078,0.078,0.078
-0.18324400000000002,-0.4,0.078,0.078,0.078
-0.18324000000000001,-0.2,0.082,0.082,0.082
-0.183236,-0.4,0.074,0.074,0.074
-0.183232,0.0,0.078,0.078,0.078
-0.183228,0.0,0.082,0.082,0.082
-0.183224,-0.4,0.09,0.09,0.09
-0.18322000000000002,-0.2,0.08600000000000001,0.08600000000000001,0.08600000000000001
-0.18321600000000002,-0.2,0.078,0.078,0.078
-0.183212,-0.2,0.074,0.074,0.074
-0.183208,-0.2,0.08600000000000001,0.08600000000000001,0.08600000000000001
-0.183204,0.0,0.074,0.074,0.074
-0.1832,0.0,0.08600000000000001,0.08600000000000001,0.08600000000000001
-0.18319600000000003,-0.2,0.08600000000000001,0.08600000000000001,0.08600000000000001
-0.18319200000000002,-0.2,0.07,0.07,0.07
-0.18318800000000002,0.0,0.07,0.07,0.07
-0.183184,-0.2,0.082,0.082,0.082
-0.18318,0.2,0.08600000000000001,0.08600000000000001,0.08600000000000001
-0.183176,0.2,0.07,0.07,0.07
-0.183172,-0.2,0.074,0.074,0.074
-0.183168,-0.2,0.078,0.078,0.078
-0.18316400000000002,-0.2,0.094,0.094,0.094
-0.18316000000000002,-0.2,0.074,0.074,0.074
-0.183156,0.2,0.082,0.082,0.082
-0.183152,-0.2,0.074,0.074,0.074
-0.183148,0.0,0.082,0.082,0.082
-0.183144,0.4,0.082,0.082,0.082
-0.18314000000000002,-0.2,0.094,0.094,0.094
-0.18313600000000002,-0.2,0.082,0.082,0.082
-0.18313200000000002,-0.2,0.09,0.09,0.09
-0.183128,0.0,0.082,0.082,0.082
-0.183124,-0.4,0.078,0.078,0.078
-0.18312,-0.2,0.078,0.078,0.078
-0.183116,-0.2,0.082,0.082,0.082
-0.183112,0.0,0.074,0.074,0.074
-0.18310800000000002,-0.4,0.078,0.078,0.078
-0.18310400000000002,0.0,0.082,0.082,0.082
-0.1831,0.2,0.082,0.082,0.082
-0.183096,-0.2,0.078,0.078,0.078
-0.183092,-0.2,0.08600000000000001,0.08600000000000001,0.08600000000000001
-0.183088,-0.2,0.074,0.074,0.074
-0.18308400000000002,-0.2,0.082,0.082,0.082
-0.18308000000000002,0.0,0.078,0.078,0.078
-0.18307600000000002,0.0,0.082,0.082,0.082
-0.183072,-0.4,0.09,0.09,0.09
-0.183068,0.0,0.082,0.082,0.082
-0.183064,0.0,0.078,0.078,0.078
-0.18306,-0.2,0.082,0.082,0.082
-0.183056,0.0,0.074,0.074,0.074
-0.18305200000000002,-0.6000000000000001,0.078,0.078,0.078
-0.18304800000000002,-0.6000000000000001,0.066,0.066,0.066
-0.183044,-0.2,0.08600000000000001,0.08600000000000001,0.08600000000000001
-0.18304,-0.2,0.078,0.078,0.078
-0.183036,-0.2,0.074,0.074,0.074
-0.183032,0.0,0.08600000000000001,0.08600000000000001,0.08600000000000001
-0.18302800000000002,0.0,0.082,0.082,0.082
-0.18302400000000002,-0.4,0.082,0.082,0.082
-0.18302000000000002,-0.2,0.098,0.098,0.098
-0.183016,0.2,0.08600000000000001,0.08600000000000001,0.08600000000000001
-0.183012,-0.2,0.078,0.078,0.078
-0.183008,0.2,0.078,0.078,0.078
-0.183004,0.0,0.07,0.07,0.07
-0.18300000000000002,-0.2,0.09,0.09,0.09
-0.18299600000000002,-0.4,0.08600000000000001,0.08600000000000001,0.08600000000000001
-0.18299200000000002,-0.2,0.08600000000000001,0.08600000000000001,0.08600000000000001
-0.182988,0.2,0.078,0.078,0.078
-0.182984,-0.4,0.074,0.074,0.074
-0.18298,-0.2,0.078,0.078,0.078
-0.182976,-0.2,0.08600000000000001,0.08600000000000001,0.08600000000000001
-0.18297200000000002,-0.4,0.082,0.082,0.082
-0.18296800000000002,0.0,0.082,0.082,0.082
-0.18296400000000002,-0.4,0.08600000000000001,0.08600000000000001,0.08600000000000001
-0.18296,0.0,0.074,0.074,0.074
-0.182956,-0.2,0.078,0.078,0.078
-0.182952,-0.2,0.074,0.074,0.074
-0.182948,0.0,0.07,0.07,0.07
-0.18294400000000002,-0.6000000000000001,0.082,0.082,0.082
-0.18294000000000002,0.0,0.078,0.078,0.078
-0.18293600000000002,-0.2,0.082,0.082,0.082
-0.182932,-0.2,0.078,0.078,0.078
-0.182928,0.0,0.082,0.082,0.082
-0.182924,-0.2,0.098,0.098,0.098
-0.18292000000000003,-0.4,0.078,0.078,0.078
-0.18291600000000002,0.6000000000000001,0.082,0.082,0.082
-0.18291200000000002,-0.4,0.078,0.078,0.078
-0.18290800000000002,-0.2,0.08600000000000001,0.08600000000000001,0.08600000000000001
-0.182904,-0.2,0.08600000000000001,0.08600000000000001,0.08600000000000001
-0.1829,0.0,0.074,0.074,0.074
-0.182896,0.0,0.09,0.09,0.09
-0.182892,0.0,0.08600000000000001,0.08600000000000001,0.08600000000000001
-0.18288800000000002,-0.2,0.08600000000000001,0.08600000000000001,0.08600000000000001
-0.18288400000000002,-0.4,0.078,0.078,0.078
-0.18288000000000001,0.2,0.08600000000000001,0.08600000000000001,0.08600000000000001
-0.182876,0.2,0.074,0.074,0.074
-0.182872,0.2,0.08600000000000001,0.08600000000000001,0.08600000000000001
-0.182868,-0.2,0.08600000000000001,0.08600000000000001,0.08600000000000001
-0.18286400000000003,-0.6000000000000001,0.07,0.07,0.07
-0.18286000000000002,-0.2,0.082,0.082,0.082
-0.18285600000000002,-0.2,0.094,0.094,0.094
-0.18285200000000001,0.6000000000000001,0.07,0.07,0.07
-0.182848,-0.2,0.082,0.082,0.082
-0.182844,-0.2,0.074,0.074,0.074
-0.18284,0.0,0.074,0.074,0.074
-0.182836,0.0,0.074,0.074,0.074
-0.18283200000000002,-0.4,0.074,0.074,0.074
-0.18282800000000002,0.0,0.074,0.074,0.074
-0.18282400000000001,-0.2,0.07,0.07,0.07
-0.18282,0.0,0.08600000000000001,0.08600000000000001,0.08600000000000001
-0.182816,0.2,0.07,0.07,0.07
-0.182812,-0.2,0.082,0.082,0.082
-0.18280800000000003,-0.2,0.07,0.07,0.07
-0.18280400000000002,0.2,0.082,0.082,0.082
-0.18280000000000002,0.0,0.078,0.078,0.078
-0.18279600000000001,0.0,0.078,0.078,0.078
-0.182792,-0.8,0.074,0.074,0.074
-0.182788,-0.2,0.082,0.082,0.082
-0.182784,0.4,0.082,0.082,0.082
-0.18278,-0.8,0.082,0.082,0.082
-0.18277600000000002,-0.2,0.078,0.078,0.078
-0.18277200000000002,0.2,0.082,0.082,0.082
-0.182768,-0.6000000000000001,0.082,0.082,0.082
-0.182764,0.2,0.08600000000000001,0.08600000000000001,0.08600000000000001
-0.18276,-0.4,0.074,0.074,0.074
-0.182756,0.2,0.094,0.094,0.094
-0.18275200000000003,-0.4,0.078,0.078,0.078
-0.18274800000000002,0.0,0.08600000000000001,0.08600000000000001,0.08600000000000001
-0.18274400000000002,-0.4,0.082,0.082,0.082
-0.18274,0.0,0.078,0.078,0.078
-0.182736,0.0,0.082,0.082,0.082
-0.182732,-0.2,0.082,0.082,0.082
-0.182728,0.0,0.078,0.078,0.078
-0.182724,-0.2,0.078,0.078,0.078
-0.18272000000000002,0.0,0.082,0.082,0.082
-0.18271600000000002,0.0,0.08600000000000001,0.08600000000000001,0.08600000000000001
-0.182712,-0.2,0.078,0.078,0.078
-0.182708,0.0,0.074,0.074,0.074
-0.182704,0.0,0.08600000000000001,0.08600000000000001,0.08600000000000001
-0.1827,0.0,0.078,0.078,0.078
-0.18269600000000003,-0.2,0.082,0.082,0.082
-0.18269200000000002,-0.2,0.08600000000000001,0.08600000000000001,0.08600000000000001
-0.18268800000000002,0.0,0.078,0.078,0.078
-0.182684,-0.4,0.082,0.082,0.082
-0.18268,0.0,0.078,0.078,0.078
-0.182676,0.0,0.082,0.082,0.082
-0.182672,0.4,0.082,0.082,0.082
-0.182668,-0.4,0.09,0.09,0.09
-0.18266400000000002,-0.6000000000000001,0.074,0.074,0.074
-0.18266000000000002,0.0,0.082,0.082,0.082
-0.182656,0.2,0.082,0.082,0.082
-0.182652,-0.2,0.082,0.082,0.082
-0.182648,0.2,0.082,0.082,0.082
-0.182644,-0.4,0.078,0.078,0.078
-0.18264000000000002,-0.4,0.07,0.07,0.07
-0.18263600000000002,-0.4,0.078,0.078,0.078
-0.18263200000000002,-0.2,0.074,0.074,0.074
-0.182628,-0.2,0.082,0.082,0.082
-0.182624,0.0,0.08600000000000001,0.08600000000000001,0.08600000000000001
-0.18262,-0.2,0.09,0.09,0.09
-0.182616,0.2,0.082,0.082,0.082
-0.182612,0.2,0.082,0.082,0.082
-0.18260800000000002,0.0,0.078,0.078,0.078
-0.18260400000000002,0.6000000000000001,0.074,0.074,0.074
-0.1826,0.0,0.09,0.09,0.09
-0.182596,-0.2,0.074,0.074,0.074
-0.182592,-0.2,0.082,0.082,0.082
-0.182588,-0.2,0.082,0.082,0.082
-0.18258400000000002,0.2,0.07,0.07,0.07
-0.18258000000000002,0.0,0.078,0.078,0.078
-0.18257600000000002,-0.6000000000000001,0.074,0.074,0.074
-0.182572,0.0,0.074,0.074,0.074
-0.182568,0.2,0.08600000000000001,0.08600000000000001,0.08600000000000001
-0.182564,0.4,0.082,0.082,0.082
-0.18256,0.0,0.078,0.078,0.078
-0.18255600000000002,-0.6000000000000001,0.078,0.078,0.078
-0.18255200000000002,0.0,0.09,0.09,0.09
-0.18254800000000002,0.0,0.08600000000000001,0.08600000000000001,0.08600000000000001
-0.182544,0.0,0.078,0.078,0.078
-0.18254,-0.2,0.074,0.074,0.074
-0.182536,-0.4,0.08600000000000001,0.08600000000000001,0.08600000000000001
-0.182532,0.2,0.08600000000000001,0.08600000000000001,0.08600000000000001
-0.18252800000000002,-0.2,0.08600000000000001,0.08600000000000001,0.08600000000000001
-0.18252400000000002,0.0,0.078,0.078,0.078
-0.18252000000000002,0.0,0.09,0.09,0.09
-0.182516,0.2,0.082,0.082,0.082
-0.182512,-0.2,0.078,0.078,0.078
-0.182508,0.2,0.074,0.074,0.074
-0.182504,0.2,0.082,0.082,0.082
-0.18250000000000002,0.0,0.074,0.074,0.074
-0.18249600000000002,0.0,0.078,0.078,0.078
-0.18249200000000002,-0.2,0.08600000000000001,0.08600000000000001,0.08600000000000001
-0.182488,-0.2,0.074,0.074,0.074
-0.182484,0.2,0.094,0.094,0.094
-0.18248,-0.2,0.074,0.074,0.074
-0.18247600000000003,0.2,0.082,0.082,0.082
-0.18247200000000002,0.2,0.082,0.082,0.082
-0.18246800000000002,0.0,0.07,0.07,0.07
-0.18246400000000002,0.0,0.074,0.074,0.074
-0.18246,0.2,0.08600000000000001,0.08600000000000001,0.08600000000000001
-0.182456,0.0,0.074,0.074,0.074
-0.182452,-0.6000000000000001,0.082,0.082,0.082
-0.182448,-0.2,0.07,0.07,0.07
-0.18244400000000002,0.0,0.082,0.082,0.082
-0.18244000000000002,-0.2,0.078,0.078,0.078
-0.18243600000000001,-0.2,0.078,0.078,0.078
-0.182432,0.0,0.08600000000000001,0.08600000000000001,0.08600000000000001
-0.182428,0.0,0.08600000000000001,0.08600000000000001,0.08600000000000001
-0.182424,-0.2,0.094,0.094,0.094
-0.18242000000000003,0.0,0.078,0.078,0.078
-0.18241600000000002,-0.4,0.078,0.078,0.078
-0.18241200000000002,0.0,0.08600000000000001,0.08600000000000001,0.08600000000000001
-0.18240800000000001,-0.2,0.08600000000000001,0.08600000000000001,0.08600000000000001
-0.182404,0.0,0.082,0.082,0.082
-0.1824,0.2,0.078,0.078,0.078
-0.182396,-0.2,0.082,0.082,0.082
-0.182392,0.2,0.09,0.09,0.09
-0.18238800000000002,-0.6000000000000001,0.078,0.078,0.078
-0.18238400000000002,0.0,0.078,0.078,0.078
-0.18238000000000001,-0.2,0.082,0.082,0.082
-0.182376,-0.2,0.074,0.074,0.074
-0.182372,0.0,0.078,0.078,0.078
-0.182368,0.2,0.078,0.078,0.078
-0.18236400000000003,-0.2,0.08600000000000001,0.08600000000000001,0.08600000000000001
-0.18236000000000002,0.0,0.08600000000000001,0.08600000000000001,0.08600000000000001
-0.18235600000000002,0.0,0.082,0.082,0.082
-0.18235200000000001,0.2,0.08600000000000001,0.08600000000000001,0.08600000000000001
-0.182348,-0.2,0.074,0.074,0.074
-0.182344,-0.2,0.078,0.078,0.078
-0.18234,-0.2,0.08600000000000001,0.08600000000000001,0.08600000000000001
-0.182336,0.0,0.09,0.09,0.09
-0.18233200000000002,0.0,0.07,0.07,0.07
-0.18232800000000002,-0.2,0.07,0.07,0.07
-0.182324,0.0,0.078,0.078,0.078
-0.18232,-0.2,0.082,0.082,0.082
-0.182316,0.2,0.07,0.07,0.07
-0.182312,-0.4,0.082,0.082,0.082
-0.18230800000000003,0.0,0.078,0.078,0.078
-0.18230400000000002,-0.2,0.074,0.074,0.074
-0.18230000000000002,-0.2,0.082,0.082,0.082
-0.182296,-0.4,0.082,0.082,0.082
-0.182292,0.0,0.08600000000000001,0.08600000000000001,0.08600000000000001
-0.182288,-0.4,0.082,0.082,0.082
-0.182284,0.0,0.082,0.082,0.082
-0.18228,-0.2,0.082,0.082,0.082
-0.18227600000000002,-0.4,0.066,0.066,0.066
-0.18227200000000002,-0.4,0.074,0.074,0.074
-0.182268,-0.4,0.08600000000000001,0.08600000000000001,0.08600000000000001
-0.182264,-0.6000000000000001,0.09,0.09,0.09
-0.18226,-0.2,0.078,0.078,0.078
-0.182256,0.2,0.074,0.074,0.074
-0.18225200000000003,-0.2,0.08600000000000001,0.08600000000000001,0.08600000000000001
-0.18224800000000002,-0.6000000000000001,0.078,0.078,0.078
-0.18224400000000002,-0.4,0.078,0.078,0.078
-0.18224,0.4,0.074,0.074,0.074
-0.182236,0.2,0.082,0.082,0.082
-0.182232,-0.2,0.07,0.07,0.07
-0.182228,-0.2,0.074,0.074,0.074
-0.182224,-0.4,0.082,0.082,0.082
-0.18222000000000002,0.0,0.078,0.078,0.078
-0.18221600000000002,0.2,0.08600000000000001,0.08600000000000001,0.08600000000000001
-0.182212,0.4,0.082,0.082,0.082
-0.182208,-0.6000000000000001,0.078,0.078,0.078
-0.182204,0.0,0.078,0.078,0.078
-0.1822,0.0,0.082,0.082,0.082
-0.18219600000000002,0.0,0.082,0.082,0.082
-0.18219200000000002,-0.2,0.082,0.082,0.082
-0.18218800000000002,0.0,0.074,0.074,0.074
-0.182184,0.2,0.078,0.078,0.078
-0.18218,-0.2,0.074,0.074,0.074
-0.182176,0.0,0.08600000000000001,0.08600000000000001,0.08600000000000001
-0.182172,-0.2,0.08600000000000001,0.08600000000000001,0.08600000000000001
-0.182168,-0.4,0.082,0.082,0.082
-0.18216400000000002,0.0,0.082,0.082,0.082
-0.18216000000000002,-0.2,0.082,0.082,0.082
-0.182156,-0.4,0.078,0.078,0.078
-0.182152,0.2,0.078,0.078,0.078
-0.182148,0.0,0.078,0.078,0.078
-0.182144,-0.4,0.08600000000000001,0.08600000000000001,0.08600000000000001
-0.18214000000000002,-0.2,0.074,0.074,0.074
-0.18213600000000002,0.0,0.082,0.082,0.082
-0.18213200000000002,0.0,0.09,0.09,0.09
-0.182128,-0.2,0.082,0.082,0.082
-0.182124,-0.4,0.078,0.078,0.078
-0.18212,-0.6000000000000001,0.082,0.082,0.082
-0.182116,0.4,0.078,0.078,0.078
-0.18211200000000002,-0.2,0.08600000000000001,0.08600000000000001,0.08600000000000001
-0.18210800000000002,-0.2,0.08600000000000001,0.08600000000000001,0.08600000000000001
-0.18210400000000002,-0.4,0.08600000000000001,0.08600000000000001,0.08600000000000001
-0.1821,0.0,0.082,0.082,0.082
-0.182096,-0.2,0.082,0.082,0.082
-0.182092,0.2,0.082,0.082,0.082
-0.182088,-0.4,0.09,0.09,0.09
-0.18208400000000002,-0.2,0.082,0.082,0.082
-0.18208000000000002,0.0,0.078,0.078,0.078
-0.18207600000000002,-0.6000000000000001,0.09,0.09,0.09
-0.182072,0.0,0.078,0.078,0.078
-0.182068,-0.2,0.07,0.07,0.07
-0.182064,0.2,0.082,0.082,0.082
-0.18206,0.0,0.078,0.078,0.078
-0.18205600000000002,0.2,0.074,0.074,0.074
-0.18205200000000002,-0.2,0.082,0.082,0.082
-0.18204800000000002,-0.4,0.082,0.082,0.082
-0.182044,-0.4,0.08600000000000001,0.08600000000000001,0.08600000000000001
-0.18204,-0.2,0.08600000000000001,0.08600000000000001,0.08600000000000001
-0.182036,-0.6000000000000001,0.074,0.074,0.074
-0.18203200000000003,-0.4,0.082,0.082,0.082
-0.18202800000000002,-0.2,0.082,0.082,0.082
-0.18202400000000002,-0.4,0.078,0.078,0.078
-0.18202000000000002,0.0,0.07,0.07,0.07
-0.182016,-0.2,0.08600000000000001,0.08600000000000001,0.08600000000000001
-0.182012,-0.2,0.082,0.082,0.082
-0.182008,0.0,0.08600000000000001,0.08600000000000001,0.08600000000000001
-0.182004,-0.2,0.074,0.074,0.074
-0.18200000000000002,0.2,0.08600000000000001,0.08600000000000001,0.08600000000000001
-0.18199600000000002,0.0,0.078,0.078,0.078
-0.18199200000000001,0.2,0.074,0.074,0.074
-0.181988,-0.2,0.078,0.078,0.078
-0.181984,0.0,0.082,0.082,0.082
-0.18198,-0.4,0.082,0.082,0.082
-0.18197600000000003,-0.2,0.082,0.082,0.082
-0.18197200000000002,0.0,0.074,0.074,0.074
-0.18196800000000002,-0.2,0.082,0.082,0.082
-0.18196400000000001,0.4,0.082,0.082,0.082
-0.18196,-0.2,0.082,0.082,0.082
-0.181956,-0.4,0.082,0.082,0.082
-0.181952,-0.4,0.078,0.078,0.078
-0.181948,-0.2,0.082,0.082,0.082
-0.18194400000000002,-0.4,0.07,0.07,0.07
-0.18194000000000002,-0.2,0.074,0.074,0.074
-0.18193600000000001,-0.2,0.078,0.078,0.078
-0.181932,0.0,0.082,0.082,0.082
-0.181928,-0.2,0.08600000000000001,0.08600000000000001,0.08600000000000001
-0.181924,-0.4,0.07,0.07,0.07
-0.18192000000000003,-0.6000000000000001,0.082,0.082,0.082
-0.18191600000000002,0.0,0.082,0.082,0.082
-0.18191200000000002,0.2,0.098,0.098,0.098
-0.18190800000000001,-0.2,0.078,0.078,0.078
-0.181904,0.0,0.074,0.074,0.074
-0.1819,-0.4,0.078,0.078,0.078
-0.181896,0.0,0.066,0.066,0.066
-0.181892,-0.2,0.074,0.074,0.074
-0.18188800000000002,0.2,0.074,0.074,0.074
-0.18188400000000002,0.0,0.09,0.09,0.09
-0.18188000000000001,-0.4,0.078,0.078,0.078
-0.181876,-0.4,0.074,0.074,0.074
-0.181872,0.0,0.082,0.082,0.082
-0.181868,-0.2,0.074,0.074,0.074
-0.18186400000000003,-0.2,0.074,0.074,0.074
-0.18186000000000002,-0.2,0.078,0.078,0.078
-0.18185600000000002,-0.8,0.082,0.082,0.082
-0.181852,0.0,0.082,0.082,0.082
-0.181848,0.0,0.078,0.078,0.078
-0.181844,0.0,0.078,0.078,0.078
-0.18184,0.4,0.082,0.082,0.082
-0.181836,-0.4,0.09,0.09,0.09
-0.18183200000000002,-0.2,0.078,0.078,0.078
-0.18182800000000002,-0.2,0.082,0.082,0.082
-0.181824,0.0,0.09,0.09,0.09
-0.18182,-0.2,0.07,0.07,0.07
-0.181816,-0.2,0.078,0.078,0.078
-0.181812,-0.2,0.082,0.082,0.082
-0.18180800000000003,0.0,0.078,0.078,0.078
-0.18180400000000002,0.2,0.078,0.078,0.078
-0.18180000000000002,0.0,0.09,0.09,0.09
-0.181796,0.6000000000000001,0.08600000000000001,0.08600000000000001,0.08600000000000001
-0.181792,-0.4,0.074,0.074,0.074
-0.181788,0.2,0.082,0.082,0.082
-0.181784,-0.2,0.078,0.078,0.078
-0.18178,0.2,0.082,0.082,0.082
-0.18177600000000002,-0.4,0.08600000000000001,0.08600000000000001,0.08600000000000001
-0.18177200000000002,0.2,0.082,0.082,0.082
-0.181768,0.2,0.078,0.078,0.078
-0.181764,0.0,0.082,0.082,0.082
-0.18176,0.2,0.074,0.074,0.074
-0.181756,-0.2,0.078,0.078,0.078
-0.18175200000000002,-0.2,0.082,0.082,0.082
-0.18174800000000002,0.2,0.082,0.082,0.082
-0.18174400000000002,-0.2,0.074,0.074,0.074
-0.18174,-0.4,0.08600000000000001,0.08600000000000001,0.08600000000000001
-0.181736,-0.2,0.082,0.082,0.082
-0.181732,-0.2,0.078,0.078,0.078
-0.181728,0.0,0.078,0.078,0.078
-0.181724,-0.6000000000000001,0.08600000000000001,0.08600000000000001,0.08600000000000001
-0.18172000000000002,-0.4,0.078,0.078,0.078
-0.18171600000000002,0.0,0.098,0.098,0.098
-0.181712,-0.4,0.074,0.074,0.074
-0.181708,-0.4,0.08600000000000001,0.08600000000000001,0.08600000000000001
-0.181704,-0.6000000000000001,0.08600000000000001,0.08600000000000001,0.08600000000000001
-0.1817,-0.2,0.078,0.078,0.078
-0.18169600000000002,0.0,0.074,0.074,0.074
-0.18169200000000002,-0.2,0.09,0.09,0.09
-0.18168800000000002,0.0,0.078,0.078,0.078
-0.181684,0.0,0.082,0.082,0.082
-0.18168,-0.2,0.066,0.066,0.066
-0.181676,0.0,0.074,0.074,0.074
-0.181672,-0.2,0.08600000000000001,0.08600000000000001,0.08600000000000001
-0.18166800000000002,0.0,0.08600000000000001,0.08600000000000001,0.08600000000000001
-0.18166400000000002,-0.2,0.074,0.074,0.074
-0.18166000000000002,0.0,0.082,0.082,0.082
-0.181656,-0.2,0.078,0.078,0.078
-0.181652,0.2,0.07,0.07,0.07
-0.181648,-0.4,0.078,0.078,0.078
-0.181644,0.0,0.078,0.078,0.078
-0.18164000000000002,0.0,0.082,0.082,0.082
-0.18163600000000002,-0.4,0.08600000000000001,0.08600000000000001,0.08600000000000001
-0.18163200000000002,-0.2,0.082,0.082,0.082
-0.181628,0.0,0.074,0.074,0.074
-0.181624,-0.2,0.082,0.082,0.082
-0.18162,-0.2,0.078,0.078,0.078
-0.181616,-0.2,0.074,0.074,0.074
-0.18161200000000002,-0.2,0.078,0.078,0.078
-0.18160800000000002,0.2,0.082,0.082,0.082
-0.18160400000000002,-0.4,0.08600000000000001,0.08600000000000001,0.08600000000000001
-0.1816,0.0,0.082,0.082,0.082
-0.181596,0.0,0.074,0.074,0.074
-0.181592,-0.2,0.09,0.09,0.09
-0.18158800000000003,0.0,0.082,0.082,0.082
-0.18158400000000002,-0.2,0.078,0.078,0.078
-0.18158000000000002,0.0,0.074,0.074,0.074
-0.18157600000000002,0.0,0.074,0.074,0.074
-0.181572,0.0,0.08600000000000001,0.08600000000000001,0.08600000000000001
-0.181568,-0.2,0.082,0.082,0.082
-0.181564,-0.4,0.082,0.082,0.082
-0.18156,-0.2,0.082,0.082,0.082
-0.18155600000000002,-0.2,0.066,0.066,0.066
-0.18155200000000002,0.0,0.09,0.09,0.09
-0.18154800000000001,0.2,0.09,0.09,0.09
-0.181544,-0.2,0.08600000000000001,0.08600000000000001,0.08600000000000001
-0.18154,0.6000000000000001,0.08600000000000001,0.08600000000000001,0.08600000000000001
-0.181536,-0.2,0.08600000000000001,0.08600000000000001,0.08600000000000001
-0.18153200000000003,0.0,0.082,0.082,0.082
-0.18152800000000002,0.0,0.082,0.082,0.082
-0.18152400000000002,0.2,0.082,0.082,0.082
-0.18152000000000001,0.0,0.07,0.07,0.07
-0.181516,-0.2,0.082,0.082,0.082
-0.181512,-0.2,0.074,0.074,0.074
-0.181508,0.2,0.078,0.078,0.078
-0.181504,-0.4,0.078,0.078,0.078
-0.18150000000000002,-0.4,0.08600000000000001,0.08600000000000001,0.08600000000000001
-0.18149600000000002,0.0,0.082,0.082,0.082
-0.18149200000000001,0.0,0.078,0.078,0.078
-0.181488,-0.4,0.078,0.078,0.078
-0.181484,-0.4,0.062,0.062,0.062
-0.18148,0.2,0.08600000000000001,0.08600000000000001,0.08600000000000001
-0.18147600000000003,-0.2,0.082,0.082,0.082
-0.18147200000000002,-0.2,0.08600000000000001,0.08600000000000001,0.08600000000000001
-0.18146800000000002,0.2,0.078,0.078,0.078
-0.18146400000000001,-0.2,0.078,0.078,0.078
-0.18146,-0.4,0.074,0.074,0.074
-0.181456,0.2,0.074,0.074,0.074
-0.181452,-0.4,0.078,0.078,0.078
-0.181448,0.0,0.078,0.078,0.078
-0.18144400000000002,-0.4,0.082,0.082,0.082
-0.18144000000000002,-0.2,0.08600000000000001,0.08600000000000001,0.08600000000000001
-0.18143600000000001,-0.4,0.074,0.074,0.074
-0.181432,-0.4,0.08600000000000001,0.08600000000000001,0.08600000000000001
-0.181428,0.0,0.082,0.082,0.082
-0.181424,-0.4,0.078,0.078,0.078
-0.18142000000000003,0.0,0.078,0.078,0.078
-0.18141600000000002,-0.4,0.074,0.074,0.074
-0.18141200000000002,-0.4,0.082,0.082,0.082
-0.181408,0.2,0.08600000000000001,0.08600000000000001,0.08600000000000001
-0.181404,0.0,0.074,0.074,0.074
-0.1814,-0.2,0.078,0.078,0.078
-0.181396,-0.4,0.08600000000000001,0.08600000000000001,0.08600000000000001
-0.181392,0.2,0.09,0.09,0.09
-0.18138800000000002,-0.2,0.08600000000000001,0.08600000000000001,0.08600000000000001
-0.18138400000000002,-0.4,0.082,0.082,0.082
-0.18138,-0.4,0.074,0.074,0.074
-0.181376,0.4,0.082,0.082,0.082
-0.181372,-0.6000000000000001,0.082,0.082,0.082
-0.181368,-0.2,0.078,0.078,0.078
-0.18136400000000003,-0.2,0.08600000000000001,0.08600000000000001,0.08600000000000001
-0.18136000000000002,-0.2,0.074,0.074,0.074
-0.18135600000000002,0.0,0.082,0.082,0.082
-0.181352,-0.4,0.082,0.082,0.082
-0.181348,-0.2,0.08600000000000001,0.08600000000000001,0.08600000000000001
-0.181344,-0.2,0.09,0.09,0.09
-0.18134,-0.8,0.078,0.078,0.078
-0.181336,0.0,0.08600000000000001,0.08600000000000001,0.08600000000000001
-0.18133200000000002,-0.2,0.074,0.074,0.074
-0.18132800000000002,-0.2,0.082,0.082,0.082
-0.181324,0.4,0.078,0.078,0.078
-0.18132,-0.2,0.074,0.074,0.074
-0.181316,0.2,0.074,0.074,0.074
-0.181312,0.0,0.082,0.082,0.082
-0.18130800000000002,-0.4,0.078,0.078,0.078
-0.18130400000000002,0.0,0.082,0.082,0.082
-0.18130000000000002,-0.2,0.078,0.078,0.078
-0.181296,0.0,0.074,0.074,0.074
-0.181292,-0.2,0.078,0.078,0.078
-0.181288,0.0,0.074,0.074,0.074
-0.181284,-0.4,0.078,0.078,0.078
-0.18128,-0.2,0.078,0.078,0.078
-0.18127600000000002,0.0,0.08600000000000001,0.08600000000000001,0.08600000000000001
-0.18127200000000002,0.6000000000000001,0.074,0.074,0.074
-0.181268,-0.2,0.074,0.074,0.074
-0.181264,0.0,0.078,0.078,0.078
-0.18126,-0.2,0.082,0.082,0.082
-0.181256,0.0,0.082,0.082,0.082
-0.18125200000000002,-0.4,0.08600000000000001,0.08600000000000001,0.08600000000000001
-0.18124800000000002,0.0,0.074,0.074,0.074
-0.18124400000000002,0.0,0.082,0.082,0.082
-0.18124,0.4,0.082,0.082,0.082
-0.181236,-0.2,0.074,0.074,0.074
-0.181232,-0.4,0.078,0.078,0.078
-0.181228,-0.2,0.082,0.082,0.082
-0.18122400000000002,0.4,0.09,0.09,0.09
-0.18122000000000002,-0.2,0.074,0.074,0.074
-0.18121600000000002,-0.2,0.078,0.078,0.078
-0.181212,-0.2,0.078,0.078,0.078
-0.181208,0.0,0.078,0.078,0.078
-0.181204,-0.6000000000000001,0.078,0.078,0.078
-0.1812,-0.4,0.08600000000000001,0.08600000000000001,0.08600000000000001
-0.18119600000000002,-0.4,0.094,0.094,0.094
-0.18119200000000002,0.0,0.094,0.094,0.094
-0.18118800000000002,-0.2,0.082,0.082,0.082
-0.181184,0.0,0.08600000000000001,0.08600000000000001,0.08600000000000001
-0.18118,-0.2,0.082,0.082,0.082
-0.181176,0.0,0.082,0.082,0.082
-0.181172,-0.2,0.074,0.074,0.074
-0.18116800000000002,-0.4,0.074,0.074,0.074
-0.18116400000000002,-0.2,0.09,0.09,0.09
-0.18116000000000002,-0.2,0.082,0.082,0.082
-0.181156,-0.4,0.078,0.078,0.078
-0.181152,0.4,0.082,0.082,0.082
-0.181148,0.0,0.078,0.078,0.078
-0.18114400000000003,0.2,0.082,0.082,0.082
-0.18114000000000002,0.2,0.074,0.074,0.074
-0.18113600000000002,-0.4,0.08600000000000001,0.08600000000000001,0.08600000000000001
-0.18113200000000002,-0.2,0.078,0.078,0.078
-0.181128,-0.4,0.082,0.082,0.082
-0.181124,-0.4,0.09,0.09,0.09
-0.18112,0.0,0.082,0.082,0.082
-0.181116,-0.2,0.082,0.082,0.082
-0.18111200000000002,-0.2,0.078,0.078,0.078
-0.18110800000000002,-0.4,0.08600000000000001,0.08600000000000001,0.08600000000000001
-0.18110400000000001,-0.2,0.082,0.082,0.082
-0.1811,0.0,0.08600000000000001,0.08600000000000001,0.08600000000000001
-0.181096,-0.4,0.078,0.078,0.078
-0.181092,-0.4,0.078,0.078,0.078
-0.18108800000000003,-0.2,0.08600000000000001,0.08600000000000001,0.08600000000000001
-0.18108400000000002,0.0,0.078,0.078,0.078
-0.18108000000000002,0.4,0.09,0.09,0.09
-0.18107600000000001,-0.2,0.09,0.09,0.09
-0.181072,-0.2,0.08600000000000001,0.08600000000000001,0.08600000000000001
-0.181068,0.0,0.082,0.082,0.082
-0.181064,-0.2,0.078,0.078,0.078
-0.18106,-0.2,0.074,0.074,0.074
-0.18105600000000002,-0.2,0.082,0.082,0.082
-0.18105200000000002,-0.4,0.082,0.082,0.082
-0.18104800000000001,-0.2,0.08600000000000001,0.08600000000000001,0.08600000000000001
-0.181044,-0.2,0.078,0.078,0.078
-0.18104,-0.2,0.082,0.082,0.082
-0.181036,0.0,0.078,0.078,0.078
-0.18103200000000003,0.0,0.08600000000000001,0.08600000000000001,0.08600000000000001
-0.18102800000000002,-0.4,0.074,0.074,0.074
-0.18102400000000002,0.4,0.09,0.09,0.09
-0.18102000000000001,-0.6000000000000001,0.09,0.09,0.09
-0.181016,-0.4,0.078,0.078,0.078
-0.181012,0.0,0.08600000000000001,0.08600000000000001,0.08600000000000001
-0.181008,0.2,0.082,0.082,0.082
-0.181004,-0.6000000000000001,0.078,0.078,0.078
-0.18100000000000002,0.0,0.082,0.082,0.082
-0.18099600000000002,-0.4,0.08600000000000001,0.08600000000000001,0.08600000000000001
-0.18099200000000001,-0.2,0.074,0.074,0.074
-0.180988,-0.4,0.08600000000000001,0.08600000000000001,0.08600000000000001
-0.180984,0.2,0.08600000000000001,0.08600000000000001,0.08600000000000001
-0.18098,0.2,0.082,0.082,0.082
-0.18097600000000003,0.0,0.082,0.082,0.082
-0.18097200000000002,0.0,0.08600000000000001,0.08600000000000001,0.08600000000000001
-0.18096800000000002,-0.4,0.082,0.082,0.082
-0.180964,-0.2,0.094,0.094,0.094
-0.18096,-0.4,0.082,0.082,0.082
-0.180956,-0.2,0.074,0.074,0.074
-0.180952,-0.2,0.09,0.09,0.09
-0.180948,-0.4,0.074,0.074,0.074
-0.18094400000000002,-0.4,0.078,0.078,0.078
-0.18094000000000002,0.0,0.078,0.078,0.078
-0.180936,-0.2,0.078,0.078,0.078
-0.180932,-0.2,0.078,0.078,0.078
-0.180928,-0.2,0.08600000000000001,0.08600000000000001,0.08600000000000001
-0.180924,0.2,0.066,0.066,0.066
-0.18092000000000003,0.4,0.082,0.082,0.082
-0.18091600000000002,0.0,0.078,0.078,0.078
-0.18091200000000002,0.0,0.094,0.094,0.094
-0.180908,-0.4,0.082,0.082,0.082
-0.180904,0.0,0.074,0.074,0.074
-0.1809,0.0,0.082,0.082,0.082
-0.180896,0.0,0.074,0.074,0.074
-0.180892,0.2,0.09,0.09,0.09
-0.18088800000000002,0.2,0.078,0.078,0.078
-0.18088400000000002,-0.2,0.07,0.07,0.07
-0.18088,0.0,0.07,0.07,0.07
-0.180876,0.4,0.082,0.082,0.082
-0.180872,0.4,0.082,0.082,0.082
-0.180868,0.0,0.07,0.07,0.07
-0.18086400000000002,0.4,0.078,0.078,0.078
-0.18086000000000002,-0.2,0.09,0.09,0.09
-0.18085600000000002,-0.2,0.078,0.078,0.078
-0.180852,0.0,0.078,0.078,0.078
-0.180848,0.0,0.08600000000000001,0.08600000000000001,0.08600000000000001
-0.180844,-0.4,0.08600000000000001,0.08600000000000001,0.08600000000000001
-0.18084,-0.2,0.08600000000000001,0.08600000000000001,0.08600000000000001
-0.180836,-0.4,0.078,0.078,0.078
-0.18083200000000002,0.0,0.07,0.07,0.07
-0.18082800000000002,-0.4,0.074,0.074,0.074
-0.180824,-0.2,0.08600000000000001,0.08600000000000001,0.08600000000000001
-0.18082,0.0,0.082,0.082,0.082
-0.180816,-0.4,0.094,0.094,0.094
-0.180812,0.0,0.08600000000000001,0.08600000000000001,0.08600000000000001
-0.18080800000000002,0.2,0.078,0.078,0.078
-0.18080400000000002,-0.2,0.082,0.082,0.082
-0.18080000000000002,0.2,0.074,0.074,0.074
-0.180796,0.0,0.078,0.078,0.078
-0.180792,-0.4,0.078,0.078,0.078
-0.180788,-0.6000000000000001,0.078,0.078,0.078
-0.180784,0.0,0.082,0.082,0.082
-0.18078000000000002,0.0,0.074,0.074,0.074
-0.18077600000000002,0.0,0.082,0.082,0.082
-0.18077200000000002,0.0,0.082,0.082,0.082
-0.180768,0.0,0.078,0.078,0.078
-0.180764,-0.2,0.08600000000000001,0.08600000000000001,0.08600000000000001
-0.18076,-0.2,0.082,0.082,0.082
-0.180756,-0.6000000000000001,0.078,0.078,0.078
-0.18075200000000002,0.0,0.078,0.078,0.078
-0.18074800000000002,-0.2,0.078,0.078,0.078
-0.18074400000000002,-0.4,0.08600000000000001,0.08600000000000001,0.08600000000000001
-0.18074,0.0,0.078,0.078,0.078
-0.180736,-0.4,0.078,0.078,0.078
-0.180732,-0.2,0.08600000000000001,0.08600000000000001,0.08600000000000001
-0.180728,-0.2,0.08600000000000001,0.08600000000000001,0.08600000000000001
-0.18072400000000002,0.0,0.078,0.078,0.078
-0.18072000000000002,0.2,0.082,0.082,0.082
-0.18071600000000002,0.2,0.074,0.074,0.074
-0.180712,-0.4,0.074,0.074,0.074
-0.180708,0.0,0.074,0.074,0.074
-0.180704,-0.2,0.07,0.07,0.07
-0.18070000000000003,-0.4,0.074,0.074,0.074
-0.18069600000000002,-0.6000000000000001,0.066,0.066,0.066
-0.18069200000000002,0.0,0.08600000000000001,0.08600000000000001,0.08600000000000001
-0.18068800000000002,-0.6000000000000001,0.082,0.082,0.082
-0.180684,0.0,0.074,0.074,0.074
-0.18068,0.0,0.078,0.078,0.078
-0.180676,-0.4,0.082,0.082,0.082
-0.180672,0.0,0.074,0.074,0.074
-0.18066800000000002,0.0,0.074,0.074,0.074
-0.18066400000000002,-0.4,0.078,0.078,0.078
-0.18066000000000002,-0.2,0.074,0.074,0.074
-0.180656,-0.2,0.082,0.082,0.082
-0.180652,0.0,0.078,0.078,0.078
-0.180648,0.0,0.078,0.078,0.078
-0.18064400000000003,0.2,0.08600000000000001,0.08600000000000001,0.08600000000000001
-0.18064000000000002,-0.2,0.078,0.078,0.078
-0.18063600000000002,-0.4,0.078,0.078,0.078
-0.18063200000000001,-0.2,0.082,0.082,0.082
-0.180628,-0.2,0.082,0.082,0.082
-0.180624,-0.4,0.07,0.07,0.07
-0.18062,-0.4,0.08600000000000001,0.08600000000000001,0.08600000000000001
-0.180616,0.0,0.08600000000000001,0.08600000000000001,0.08600000000000001
-0.18061200000000002,0.2,0.082,0.082,0.082
-0.18060800000000002,-0.2,0.082,0.082,0.082
-0.18060400000000001,-0.2,0.078,0.078,0.078
-0.1806,-0.2,0.082,0.082,0.082
-0.180596,-0.2,0.078,0.078,0.078
-0.180592,-0.4,0.082,0.082,0.082
-0.18058800000000003,-0.2,0.09,0.09,0.09
-0.18058400000000002,0.2,0.08600000000000001,0.08600000000000001,0.08600000000000001
-0.18058000000000002,0.0,0.078,0.078,0.078
-0.18057600000000001,0.2,0.078,0.078,0.078
-0.180572,-0.2,0.078,0.078,0.078
-0.180568,-0.6000000000000001,0.078,0.078,0.078
-0.180564,0.0,0.074,0.074,0.074
-0.18056,0.0,0.082,0.082,0.082
-0.18055600000000002,0.0,0.078,0.078,0.078
-0.18055200000000002,-0.4,0.078,0.078,0.078
-0.18054800000000001,0.2,0.066,0.066,0.066
-0.180544,-0.2,0.078,0.078,0.078
-0.18054,0.0,0.082,0.082,0.082
-0.180536,-0.2,0.078,0.078,0.078
-0.18053200000000003,0.2,0.078,0.078,0.078
-0.18052800000000002,0.0,0.082,0.082,0.082
-0.18052400000000002,-0.2,0.08600000000000001,0.08600000000000001,0.08600000000000001
-0.18052,-0.2,0.082,0.082,0.082
-0.180516,0.0,0.094,0.094,0.094
-0.180512,-0.2,0.08600000000000001,0.08600000000000001,0.08600000000000001
-0.180508,-0.4,0.078,0.078,0.078
-0.180504,-0.2,0.074,0.074,0.074
-0.18050000000000002,-0.4,0.074,0.074,0.074
-0.18049600000000002,-0.4,0.094,0.094,0.094
-0.180492,-0.4,0.082,0.082,0.082
-0.180488,-0.4,0.078,0.078,0.078
-0.180484,-0.4,0.078,0.078,0.078
-0.18048,-0.2,0.078,0.078,0.078
-0.18047600000000003,0.4,0.082,0.082,0.082
-0.18047200000000002,0.2,0.082,0.082,0.082
-0.18046800000000002,-0.2,0.08600000000000001,0.08600000000000001,0.08600000000000001
-0.180464,0.4,0.082,0.082,0.082
-0.18046,-0.2,0.078,0.078,0.078
-0.180456,0.2,0.082,0.082,0.082
-0.180452,0.0,0.074,0.074,0.074
-0.180448,0.0,0.082,0.082,0.082
-0.18044400000000002,0.0,0.074,0.074,0.074
-0.18044000000000002,-0.2,0.074,0.074,0.074
-0.180436,-0.4,0.08600000000000001,0.08600000000000001,0.08600000000000001
-0.180432,-0.4,0.082,0.082,0.082
-0.180428,-0.2,0.078,0.078,0.078
-0.180424,-0.4,0.066,0.066,0.066
-0.18042000000000002,0.0,0.094,0.094,0.094
-0.18041600000000002,0.2,0.08600000000000001,0.08600000000000001,0.08600000000000001
-0.18041200000000002,-0.4,0.08600000000000001,0.08600000000000001,0.08600000000000001
-0.180408,-0.2,0.082,0.082,0.082
-0.180404,0.0,0.078,0.078,0.078
-0.1804,-0.2,0.082,0.082,0.082
-0.180396,0.4,0.08600000000000001,0.08600000000000001,0.08600000000000001
-0.180392,-0.4,0.082,0.082,0.082
-0.18038800000000002,-0.2,0.078,0.078,0.078
-0.18038400000000002,0.0,0.08600000000000001,0.08600000000000001,0.08600000000000001
-0.18038,-0.2,0.082,0.082,0.082
-0.180376,-0.2,0.066,0.066,0.066
-0.180372,0.0,0.082,0.082,0.082
-0.180368,-0.6000000000000001,0.082,0.082,0.082
-0.18036400000000002,0.2,0.08600000000000001,0.08600000000000001,0.08600000000000001
-0.18036000000000002,-0.2,0.074,0.074,0.074
-0.18035600000000002,-0.2,0.078,0.078,0.078
-0.180352,-0.2,0.082,0.082,0.082
-0.180348,-0.2,0.09,0.09,0.09
-0.180344,0.0,0.08600000000000001,0.08600000000000001,0.08600000000000001
-0.18034,-0.2,0.09,0.09,0.09
-0.18033600000000002,0.0,0.078,0.078,0.078
-0.18033200000000002,0.0,0.078,0.078,0.078
-0.18032800000000002,-0.6000000000000001,0.082,0.082,0.082
-0.180324,-0.4,0.074,0.074,0.074
-0.18032,-0.4,0.08600000000000001,0.08600000000000001,0.08600000000000001
-0.180316,-0.2,0.09,0.09,0.09
-0.180312,0.2,0.08600000000000001,0.08600000000000001,0.08600000000000001
-0.18030800000000002,-0.4,0.066,0.066,0.066
-0.18030400000000002,-0.4,0.08600000000000001,0.08600000000000001,0.08600000000000001
-0.18030000000000002,0.0,0.078,0.078,0.078
-0.180296,0.0,0.08600000000000001,0.08600000000000001,0.08600000000000001
-0.180292,-0.2,0.08600000000000001,0.08600000000000001,0.08600000000000001
-0.180288,0.0,0.082,0.082,0.082
-0.180284,0.0,0.078,0.078,0.078
-0.18028000000000002,-0.6000000000000001,0.082,0.082,0.082
-0.18027600000000002,0.0,0.074,0.074,0.074
-0.18027200000000002,0.0,0.082,0.082,0.082
-0.180268,0.0,0.09,0.09,0.09
-0.180264,-0.2,0.078,0.078,0.078
-0.18026,0.0,0.082,0.082,0.082
-0.18025600000000003,-0.4,0.078,0.078,0.078
-0.18025200000000002,0.4,0.08600000000000001,0.08600000000000001,0.08600000000000001
-0.18024800000000002,0.2,0.08600000000000001,0.08600000000000001,0.08600000000000001
-0.18024400000000002,0.0,0.07,0.07,0.07
-0.18024,-0.2,0.078,0.078,0.078
-0.180236,-0.4,0.08600000000000001,0.08600000000000001,0.08600000000000001
-0.180232,-0.2,0.078,0.078,0.078
-0.180228,-0.4,0.08600000000000001,0.08600000000000001,0.08600000000000001
-0.18022400000000002,-0.2,0.08600000000000001,0.08600000000000001,0.08600000000000001
-0.18022000000000002,-0.2,0.074,0.074,0.074
-0.18021600000000002,-0.2,0.074,0.074,0.074
-0.180212,0.0,0.08600000000000001,0.08600000000000001,0.08600000000000001
-0.180208,-0.2,0.074,0.074,0.074
-0.180204,0.0,0.078,0.078,0.078
-0.18020000000000003,0.0,0.09,0.09,0.09
-0.18019600000000002,-0.4,0.08600000000000001,0.08600000000000001,0.08600000000000001
-0.18019200000000002,-0.2,0.078,0.078,0.078
-0.18018800000000001,0.0,0.08600000000000001,0.08600000000000001,0.08600000000000001
-0.180184,0.0,0.082,0.082,0.082
-0.18018,0.0,0.08600000000000001,0.08600000000000001,0.08600000000000001
-0.180176,0.0,0.09,0.09,0.09
-0.180172,0.4,0.078,0.078,0.078
-0.18016800000000002,0.6000000000000001,0.08600000000000001,0.08600000000000001,0.08600000000000001
-0.18016400000000002,0.0,0.08600000000000001,0.08600000000000001,0.08600000000000001
-0.18016000000000001,-0.6000000000000001,0.08600000000000001,0.08600000000000001,0.08600000000000001
-0.180156,0.0,0.07,0.07,0.07
-0.180152,-0.2,0.078,0.078,0.078
-0.180148,-0.2,0.078,0.078,0.078
-0.18014400000000003,-0.2,0.08600000000000001,0.08600000000000001,0.08600000000000001
-0.18014000000000002,-0.6000000000000001,0.082,0.082,0.082
-0.18013600000000002,0.0,0.07,0.07,0.07
-0.18013200000000001,0.2,0.082,0.082,0.082
-0.180128,0.4,0.082,0.082,0.082
-0.180124,-0.2,0.074,0.074,0.074
-0.18012,0.0,0.08600000000000001,0.08600000000000001,0.08600000000000001
-0.180116,0.0,0.08600000000000001,0.08600000000000001,0.08600000000000001
-0.18011200000000002,0.0,0.08600000000000001,0.08600000000000001,0.08600000000000001
-0.18010800000000002,-0.2,0.082,0.082,0.082
-0.18010400000000001,-0.2,0.078,0.078,0.078
-0.1801,0.0,0.074,0.074,0.074
-0.180096,0.0,0.082,0.082,0.082
-0.180092,0.2,0.078,0.078,0.078
-0.18008800000000003,0.2,0.078,0.078,0.078
-0.18008400000000002,-0.2,0.074,0.074,0.074
-0.18008000000000002,-0.6000000000000001,0.082,0.082,0.082
-0.180076,0.0,0.078,0.078,0.078
-0.180072,0.4,0.08600000000000001,0.08600000000000001,0.08600000000000001
-0.180068,-0.2,0.074,0.074,0.074
-0.180064,0.0,0.078,0.078,0.078
-0.18006,0.2,0.066,0.066,0.066
-0.18005600000000002,-0.2,0.074,0.074,0.074
-0.18005200000000002,0.2,0.09,0.09,0.09
-0.180048,0.0,0.078,0.078,0.078
-0.180044,0.0,0.082,0.082,0.082
-0.18004,-0.2,0.078,0.078,0.078
-0.180036,0.2,0.082,0.082,0.082
-0.18003200000000003,-0.4,0.066,0.066,0.066
-0.18002800000000002,-0.2,0.074,0.074,0.074
-0.18002400000000002,-0.8,0.074,0.074,0.074
-0.18002,-0.4,0.082,0.082,0.082
-0.180016,-0.4,0.078,0.078,0.078
-0.180012,-0.4,0.078,0.078,0.078
-0.180008,0.0,0.078,0.078,0.078
-0.180004,-0.4,0.08600000000000001,0.08600000000000001,0.08600000000000001
-0.18000000000000002,-0.4,0.078,0.078,0.078
-0.17999600000000002,-0.2,0.074,0.074,0.074
-0.179992,0.2,0.078,0.078,0.078
-0.179988,0.2,0.074,0.074,0.074
-0.179984,0.0,0.082,0.082,0.082
-0.17998,-0.2,0.078,0.078,0.078
-0.17997600000000002,0.0,0.078,0.078,0.078
-0.17997200000000002,-0.4,0.09,0.09,0.09
-0.17996800000000002,0.2,0.08600000000000001,0.08600000000000001,0.08600000000000001
-0.179964,-0.2,0.074,0.074,0.074
-0.17996,-0.2,0.074,0.074,0.074
-0.179956,-0.2,0.08600000000000001,0.08600000000000001,0.08600000000000001
-0.179952,-0.4,0.082,0.082,0.082
-0.179948,0.0,0.08600000000000001,0.08600000000000001,0.08600000000000001
-0.17994400000000002,-0.4,0.07,0.07,0.07
-0.17994000000000002,0.0,0.082,0.082,0.082
-0.179936,-0.2,0.078,0.078,0.078
-0.179932,0.0,0.082,0.082,0.082
-0.179928,0.4,0.082,0.082,0.082
-0.179924,0.0,0.08600000000000001,0.08600000000000001,0.08600000000000001
-0.17992000000000002,0.0,0.078,0.078,0.078
-0.17991600000000002,-0.2,0.08600000000000001,0.08600000000000001,0.08600000000000001
-0.17991200000000002,0.0,0.082,0.082,0.082
-0.179908,-0.4,0.074,0.074,0.074
-0.179904,0.0,0.082,0.082,0.082
-0.1799,-0.2,0.078,0.078,0.078
-0.179896,0.4,0.09,0.09,0.09
-0.17989200000000002,0.0,0.078,0.078,0.078
-0.17988800000000002,0.0,0.082,0.082,0.082
-0.17988400000000002,-0.2,0.082,0.082,0.082
-0.17988,0.2,0.094,0.094,0.094
-0.179876,-0.6000000000000001,0.078,0.078,0.078
-0.179872,0.0,0.074,0.074,0.074
-0.179868,-0.2,0.082,0.082,0.082
-0.17986400000000002,-0.6000000000000001,0.09,0.09,0.09
-0.17986000000000002,0.0,0.08600000000000001,0.08600000000000001,0.08600000000000001
-0.17985600000000002,-0.2,0.078,0.078,0.078
-0.179852,0.0,0.078,0.078,0.078
-0.179848,-0.2,0.08600000000000001,0.08600000000000001,0.08600000000000001
-0.179844,0.0,0.09,0.09,0.09
-0.17984,-0.4,0.074,0.074,0.074
-0.17983600000000002,-0.4,0.08600000000000001,0.08600000000000001,0.08600000000000001
-0.17983200000000002,-0.2,0.078,0.078,0.078
-0.17982800000000002,0.2,0.082,0.082,0.082
-0.179824,0.2,0.078,0.078,0.078
-0.17982,-0.2,0.082,0.082,0.082
-0.179816,0.0,0.07,0.07,0.07
-0.17981200000000003,-0.6000000000000001,0.082,0.082,0.082
-0.17980800000000002,-0.2,0.082,0.082,0.082
-0.17980400000000002,0.2,0.078,0.078,0.078
-0.17980000000000002,-0.6000000000000001,0.08600000000000001,0.08600000000000001,0.08600000000000001
-0.179796,-0.2,0.082,0.082,0.082
-0.179792,-0.2,0.07,0.07,0.07
-0.179788,-0.4,0.07,0.07,0.07
-0.179784,-0.2,0.078,0.078,0.078
-0.17978000000000002,-0.4,0.08600000000000001,0.08600000000000001,0.08600000000000001
-0.17977600000000002,-0.4,0.08600000000000001,0.08600000000000001,0.08600000000000001
-0.17977200000000002,0.0,0.08600000000000001,0.08600000000000001,0.08600000000000001
-0.179768,0.0,0.078,0.078,0.078
-0.179764,-0.4,0.09,0.09,0.09
-0.17976,-0.2,0.08600000000000001,0.08600000000000001,0.08600000000000001
-0.17975600000000003,-0.2,0.082,0.082,0.082
-0.17975200000000002,-0.2,0.09,0.09,0.09
-0.17974800000000002,-0.6000000000000001,0.08600000000000001,0.08600000000000001,0.08600000000000001
-0.17974400000000001,-0.2,0.082,0.082,0.082
-0.17974,-0.4,0.07,0.07,0.07
-0.179736,0.0,0.08600000000000001,0.08600000000000001,0.08600000000000001
-0.179732,0.2,0.078,0.078,0.078
-0.179728,0.0,0.074,0.074,0.074
-0.17972400000000002,0.0,0.082,0.082,0.082
-0.17972000000000002,-0.2,0.08600000000000001,0.08600000000000001,0.08600000000000001
-0.17971600000000001,-0.4,0.08600000000000001,0.08600000000000001,0.08600000000000001
-0.179712,-0.2,0.08600000000000001,0.08600000000000001,0.08600000000000001
-0.179708,-0.4,0.08600000000000001,0.08600000000000001,0.08600000000000001
-0.179704,-0.2,0.07,0.07,0.07
-0.17970000000000003,0.0,0.078,0.078,0.078
-0.17969600000000002,-0.4,0.078,0.078,0.078
-0.17969200000000002,-0.2,0.078,0.078,0.078
-0.17968800000000001,0.0,0.08600000000000001,0.08600000000000001,0.08600000000000001
-0.179684,-0.2,0.08600000000000001,0.08600000000000001,0.08600000000000001
-0.17968,0.2,0.078,0.078,0.078
-0.179676,-0.4,0.09,0.09,0.09
-0.179672,0.0,0.082,0.082,0.082
-0.17966800000000002,-0.2,0.082,0.082,0.082
-0.17966400000000002,-0.4,0.08600000000000001,0.08600000000000001,0.08600000000000001
-0.17966000000000001,-0.4,0.066,0.066,0.066
-0.179656,-0.2,0.082,0.082,0.082
-0.179652,0.0,0.074,0.074,0.074
-0.179648,0.0,0.08600000000000001,0.08600000000000001,0.08600000000000001
-0.17964400000000003,0.2,0.082,0.082,0.082
-0.17964000000000002,-0.2,0.082,0.082,0.082
-0.17963600000000002,-0.2,0.082,0.082,0.082
-0.17963200000000001,0.0,0.078,0.078,0.078
-0.179628,0.2,0.078,0.078,0.078
-0.179624,-0.2,0.078,0.078,0.078
-0.17962,-0.2,0.074,0.074,0.074
-0.179616,-0.2,0.082,0.082,0.082
-0.17961200000000002,-0.2,0.082,0.082,0.082
-0.17960800000000002,-0.2,0.07,0.07,0.07
-0.179604,0.2,0.078,0.078,0.078
-0.1796,-0.2,0.09,0.09,0.09
-0.179596,-0.2,0.094,0.094,0.094
-0.179592,0.0,0.074,0.074,0.074
-0.17958800000000003,0.2,0.09,0.09,0.09
-0.17958400000000002,0.0,0.08600000000000001,0.08600000000000001,0.08600000000000001
-0.17958000000000002,-0.4,0.082,0.082,0.082
-0.179576,-0.2,0.078,0.078,0.078
-0.179572,0.0,0.078,0.078,0.078
-0.179568,-0.2,0.078,0.078,0.078
-0.179564,-0.2,0.078,0.078,0.078
-0.17956,-0.2,0.094,0.094,0.094
-0.17955600000000002,-0.6000000000000001,0.08600000000000001,0.08600000000000001,0.08600000000000001
-0.17955200000000002,-0.2,0.066,0.066,0.066
-0.179548,-0.4,0.074,0.074,0.074
-0.179544,0.0,0.074,0.074,0.074
-0.17954,0.0,0.08600000000000001,0.08600000000000001,0.08600000000000001
-0.179536,-0.4,0.08600000000000001,0.08600000000000001,0.08600000000000001
-0.17953200000000002,-0.4,0.074,0.074,0.074
-0.17952800000000002,-0.2,0.082,0.082,0.082
-0.17952400000000002,-0.2,0.078,0.078,0.078
-0.17952,-0.4,0.07,0.07,0.07
-0.179516,-0.6000000000000001,0.082,0.082,0.082
-0.179512,-0.2,0.078,0.078,0.078
-0.179508,0.0,0.08600000000000001,0.08600000000000001,0.08600000000000001
-0.179504,-0.4,0.074,0.074,0.074
-0.17950000000000002,-0.2,0.078,0.078,0.078
-0.17949600000000002,-0.6000000000000001,0.078,0.078,0.078
-0.179492,-0.4,0.082,0.082,0.082
-0.179488,0.0,0.078,0.078,0.078
-0.179484,0.0,0.082,0.082,0.082
-0.17948,-0.4,0.08600000000000001,0.08600000000000001,0.08600000000000001
-0.17947600000000002,0.0,0.08600000000000001,0.08600000000000001,0.08600000000000001
-0.17947200000000002,0.0,0.09,0.09,0.09
-0.17946800000000002,0.0,0.082,0.082,0.082
-0.179464,0.0,0.082,0.082,0.082
-0.17946,0.0,0.08600000000000001,0.08600000000000001,0.08600000000000001
-0.179456,0.0,0.08600000000000001,0.08600000000000001,0.08600000000000001
-0.179452,-0.6000000000000001,0.074,0.074,0.074
-0.17944800000000002,-0.2,0.078,0.078,0.078
-0.17944400000000002,-0.6000000000000001,0.074,0.074,0.074
-0.17944000000000002,-0.2,0.08600000000000001,0.08600000000000001,0.08600000000000001
-0.179436,0.0,0.074,0.074,0.074
-0.179432,0.2,0.078,0.078,0.078
-0.179428,-0.2,0.08600000000000001,0.08600000000000001,0.08600000000000001
-0.179424,-0.4,0.074,0.074,0.074
-0.17942000000000002,-0.4,0.074,0.074,0.074
-0.17941600000000002,0.0,0.078,0.078,0.078
-0.17941200000000002,0.2,0.08600000000000001,0.08600000000000001,0.08600000000000001
-0.179408,0.0,0.078,0.078,0.078
-0.179404,0.0,0.066,0.066,0.066
-0.1794,0.0,0.078,0.078,0.078
-0.179396,0.0,0.078,0.078,0.078
-0.17939200000000002,0.2,0.074,0.074,0.074
-0.17938800000000002,0.2,0.09,0.09,0.09
-0.17938400000000002,-0.2,0.074,0.074,0.074
-0.17938,-0.2,0.074,0.074,0.074
-0.179376,-0.2,0.08600000000000001,0.08600000000000001,0.08600000000000001
-0.179372,-0.2,0.08600000000000001,0.08600000000000001,0.08600000000000001
-0.17936800000000003,0.0,0.09,0.09,0.09
-0.17936400000000002,0.0,0.082,0.082,0.082
-0.17936000000000002,0.0,0.078,0.078,0.078
-0.17935600000000002,0.0,0.07,0.07,0.07
-0.179352,0.0,0.074,0.074,0.074
-0.179348,-0.2,0.078,0.078,0.078
-0.179344,0.0,0.07,0.07,0.07
-0.17934,0.2,0.094,0.094,0.094
-0.17933600000000002,0.0,0.082,0.082,0.082
-0.17933200000000002,0.0,0.074,0.074,0.074
-0.17932800000000002,0.2,0.078,0.078,0.078
-0.179324,0.4,0.082,0.082,0.082
-0.17932,-0.4,0.082,0.082,0.082
-0.179316,-0.2,0.066,0.066,0.066
-0.17931200000000003,-0.2,0.078,0.078,0.078
-0.17930800000000002,-0.2,0.08600000000000001,0.08600000000000001,0.08600000000000001
-0.17930400000000002,0.0,0.09,0.09,0.09
-0.17930000000000001,0.0,0.082,0.082,0.082
-0.179296,-0.2,0.078,0.078,0.078
-0.179292,0.0,0.08600000000000001,0.08600000000000001,0.08600000000000001
-0.179288,-0.6000000000000001,0.08600000000000001,0.08600000000000001,0.08600000000000001
-0.179284,-0.4,0.074,0.074,0.074
-0.17928000000000002,0.0,0.078,0.078,0.078
-0.17927600000000002,0.0,0.09,0.09,0.09
-0.17927200000000001,-0.4,0.094,0.094,0.094
-0.179268,-0.2,0.08600000000000001,0.08600000000000001,0.08600000000000001
-0.179264,-0.4,0.082,0.082,0.082
-0.17926,0.0,0.082,0.082,0.082
-0.17925600000000003,-0.4,0.078,0.078,0.078
-0.17925200000000002,0.4,0.09,0.09,0.09
-0.17924800000000002,-0.2,0.074,0.074,0.074
-0.17924400000000001,-0.2,0.08600000000000001,0.08600000000000001,0.08600000000000001
-0.17924,0.2,0.082,0.082,0.082
-0.179236,-0.2,0.078,0.078,0.078
-0.179232,-0.4,0.074,0.074,0.074
-0.179228,0.2,0.082,0.082,0.082
-0.17922400000000002,-0.4,0.078,0.078,0.078
-0.17922000000000002,-0.2,0.08600000000000001,0.08600000000000001,0.08600000000000001
-0.17921600000000001,0.0,0.098,0.098,0.098
-0.179212,0.0,0.074,0.074,0.074
-0.179208,-0.2,0.08600000000000001,0.08600000000000001,0.08600000000000001
-0.179204,-0.2,0.082,0.082,0.082
-0.17920000000000003,0.2,0.082,0.082,0.082
-0.17919600000000002,-0.2,0.074,0.074,0.074
-0.17919200000000002,-0.2,0.074,0.074,0.074
-0.17918800000000001,0.0,0.08600000000000001,0.08600000000000001,0.08600000000000001
-0.179184,0.2,0.082,0.082,0.082
-0.17918,0.2,0.09,0.09,0.09
-0.179176,-0.4,0.066,0.066,0.066
-0.179172,-0.2,0.082,0.082,0.082
-0.17916800000000002,0.0,0.074,0.074,0.074
-0.17916400000000002,0.0,0.094,0.094,0.094
-0.17916,-0.2,0.078,0.078,0.078
-0.179156,-0.2,0.082,0.082,0.082
-0.179152,-0.2,0.082,0.082,0.082
-0.179148,-0.2,0.082,0.082,0.082
-0.17914400000000003,0.0,0.094,0.094,0.094
-0.17914000000000002,-0.4,0.082,0.082,0.082
-0.17913600000000002,-0.4,0.078,0.078,0.078
-0.179132,-0.2,0.08600000000000001,0.08600000000000001,0.08600000000000001
-0.179128,0.2,0.082,0.082,0.082
-0.179124,-0.4,0.07,0.07,0.07
-0.17912,-0.2,0.078,0.078,0.078
-0.179116,0.0,0.082,0.082,0.082
-0.17911200000000002,-0.6000000000000001,0.08600000000000001,0.08600000000000001,0.08600000000000001
-0.17910800000000002,0.2,0.082,0.082,0.082
-0.179104,0.4,0.08600000000000001,0.08600000000000001,0.08600000000000001
-0.1791,0.2,0.082,0.082,0.082
-0.179096,-0.2,0.08600000000000001,0.08600000000000001,0.08600000000000001
-0.179092,-0.4,0.078,0.078,0.078
-0.17908800000000002,0.6000000000000001,0.078,0.078,0.078
-0.17908400000000002,-0.4,0.078,0.078,0.078
-0.17908000000000002,-0.2,0.082,0.082,0.082
-0.179076,-0.2,0.09,0.09,0.09
-0.179072,-0.4,0.078,0.078,0.078
-0.179068,0.4,0.074,0.074,0.074
-0.179064,-0.2,0.09,0.09,0.09
-0.17906,0.2,0.08600000000000001,0.08600000000000001,0.08600000000000001
-0.17905600000000002,-0.2,0.078,0.078,0.078
-0.17905200000000002,0.0,0.078,0.078,0.078
-0.179048,0.0,0.07,0.07,0.07
-0.179044,0.0,0.082,0.082,0.082
-0.17904,0.0,0.082,0.082,0.082
-0.179036,-0.2,0.082,0.082,0.082
-0.17903200000000002,-0.6000000000000001,0.082,0.082,0.082
-0.17902800000000002,-0.6000000000000001,0.082,0.082,0.082
-0.17902400000000002,0.0,0.082,0.082,0.082
-0.17902,-0.4,0.074,0.074,0.074
-0.179016,0.0,0.082,0.082,0.082
-0.179012,-0.2,0.082,0.082,0.082
-0.179008,0.0,0.07,0.07,0.07
-0.179004,0.2,0.074,0.074,0.074
-0.17900000000000002,0.0,0.066,0.066,0.066
-0.17899600000000002,-0.2,0.078,0.078,0.078
-0.178992,-0.2,0.082,0.082,0.082
-0.178988,0.0,0.08600000000000001,0.08600000000000001,0.08600000000000001
-0.178984,0.4,0.074,0.074,0.074
-0.17898,-0.4,0.09,0.09,0.09
-0.17897600000000002,0.2,0.08600000000000001,0.08600000000000001,0.08600000000000001
-0.17897200000000002,-0.2,0.07,0.07,0.07
-0.17896800000000002,0.0,0.082,0.082,0.082
-0.178964,-0.4,0.082,0.082,0.082
-0.17896,-0.4,0.078,0.078,0.078
-0.178956,0.0,0.08600000000000001,0.08600000000000001,0.08600000000000001
-0.178952,0.0,0.082,0.082,0.082
-0.17894800000000002,0.2,0.082,0.082,0.082
-0.17894400000000002,0.0,0.08600000000000001,0.08600000000000001,0.08600000000000001
-0.17894000000000002,0.0,0.082,0.082,0.082
-0.178936,0.0,0.078,0.078,0.078
-0.178932,0.0,0.082,0.082,0.082
-0.178928,0.0,0.078,0.078,0.078
-0.17892400000000003,-0.2,0.078,0.078,0.078
-0.17892000000000002,-0.4,0.07,0.07,0.07
-0.17891600000000002,-0.2,0.09,0.09,0.09
-0.17891200000000002,-0.4,0.074,0.074,0.074
-0.178908,0.0,0.082,0.082,0.082
-0.178904,-0.4,0.08600000000000001,0.08600000000000001,0.08600000000000001
-0.1789,-0.2,0.082,0.082,0.082
-0.178896,0.0,0.082,0.082,0.082
-0.17889200000000002,-0.2,0.09,0.09,0.09
-0.17888800000000002,-0.2,0.07,0.07,0.07
-0.17888400000000002,-0.4,0.09,0.09,0.09
-0.17888,0.0,0.074,0.074,0.074
-0.178876,-0.4,0.08600000000000001,0.08600000000000001,0.08600000000000001
-0.178872,0.0,0.08600000000000001,0.08600000000000001,0.08600000000000001
-0.17886800000000003,0.2,0.082,0.082,0.082
-0.17886400000000002,-0.4,0.074,0.074,0.074
-0.17886000000000002,-0.4,0.078,0.078,0.078
-0.17885600000000001,0.0,0.082,0.082,0.082
-0.178852,-0.2,0.074,0.074,0.074
-0.178848,-0.6000000000000001,0.078,0.078,0.078
-0.178844,-0.4,0.066,0.066,0.066
-0.17884,0.0,0.078,0.078,0.078
-0.17883600000000002,-0.2,0.08600000000000001,0.08600000000000001,0.08600000000000001
-0.17883200000000002,-0.2,0.082,0.082,0.082
-0.17882800000000001,-0.2,0.08600000000000001,0.08600000000000001,0.08600000000000001
-0.178824,-0.2,0.082,0.082,0.082
-0.17882,0.0,0.082,0.082,0.082
-0.178816,-0.6000000000000001,0.082,0.082,0.082
-0.17881200000000003,-0.2,0.08600000000000001,0.08600000000000001,0.08600000000000001
-0.17880800000000002,-0.6000000000000001,0.082,0.082,0.082
-0.17880400000000002,-0.4,0.082,0.082,0.082
-0.17880000000000001,0.0,0.074,0.074,0.074
-0.178796,-0.4,0.08600000000000001,0.08600000000000001,0.08600000000000001
-0.178792,-0.4,0.078,0.078,0.078
-0.178788,-0.4,0.094,0.094,0.094
-0.178784,0.4,0.078,0.078,0.078
-0.17878000000000002,-0.4,0.09,0.09,0.09
-0.17877600000000002,0.0,0.08600000000000001,0.08600000000000001,0.08600000000000001
-0.17877200000000001,-0.2,0.082,0.082,0.082
-0.178768,-0.4,0.066,0.066,0.066
-0.178764,-0.2,0.08600000000000001,0.08600000000000001,0.08600000000000001
-0.17876,-0.2,0.08600000000000001,0.08600000000000001,0.08600000000000001
-0.17875600000000003,-0.2,0.074,0.074,0.074
-0.17875200000000002,-0.4,0.07,0.07,0.07
-0.17874800000000002,-0.2,0.074,0.074,0.074
-0.17874400000000001,-0.4,0.078,0.078,0.078
-0.17874,0.0,0.082,0.082,0.082
-0.178736,0.2,0.07,0.07,0.07
-0.178732,0.2,0.09,0.09,0.09
-0.178728,-0.4,0.082,0.082,0.082
-0.17872400000000002,-0.2,0.078,0.078,0.078
-0.17872000000000002,0.0,0.08600000000000001,0.08600000000000001,0.08600000000000001
-0.178716,0.2,0.074,0.074,0.074
-0.178712,0.2,0.08600000000000001,0.08600000000000001,0.08600000000000001
-0.178708,0.0,0.082,0.082,0.082
-0.178704,0.0,0.078,0.078,0.078
-0.17870000000000003,0.0,0.082,0.082,0.082
-0.17869600000000002,-0.4,0.078,0.078,0.078
-0.17869200000000002,0.0,0.08600000000000001,0.08600000000000001,0.08600000000000001
-0.178688,-0.2,0.082,0.082,0.082
-0.178684,-0.2,0.082,0.082,0.082
-0.17868,0.2,0.08600000000000001,0.08600000000000001,0.08600000000000001
-0.178676,-0.2,0.078,0.078,0.078
-0.178672,-0.2,0.09,0.09,0.09
-0.17866800000000002,0.0,0.082,0.082,0.082
-0.17866400000000002,-0.2,0.082,0.082,0.082
-0.17866,0.0,0.082,0.082,0.082
-0.178656,0.0,0.074,0.074,0.074
-0.178652,0.0,0.08600000000000001,0.08600000000000001,0.08600000000000001
-0.178648,0.0,0.09,0.09,0.09
-0.17864400000000002,0.4,0.082,0.082,0.082
-0.17864000000000002,0.0,0.08600000000000001,0.08600000000000001,0.08600000000000001
-0.17863600000000002,-0.2,0.074,0.074,0.074
-0.178632,0.0,0.082,0.082,0.082
-0.178628,-0.2,0.082,0.082,0.082
-0.178624,0.4,0.078,0.078,0.078
-0.17862,0.0,0.08600000000000001,0.08600000000000001,0.08600000000000001
-0.178616,0.0,0.082,0.082,0.082
-0.17861200000000002,0.0,0.082,0.082,0.082
-0.17860800000000002,-0.4,0.066,0.066,0.066
-0.178604,-0.2,0.074,0.074,0.074
-0.1786,0.2,0.08600000000000001,0.08600000000000001,0.08600000000000001
-0.178596,0.0,0.082,0.082,0.082
-0.178592,-0.4,0.078,0.078,0.078
-0.17858800000000002,-0.2,0.08600000000000001,0.08600000000000001,0.08600000000000001
-0.17858400000000002,-0.4,0.094,0.094,0.094
-0.17858000000000002,-0.2,0.082,0.082,0.082
-0.178576,0.0,0.074,0.074,0.074
-0.178572,0.0,0.08600000000000001,0.08600000000000001,0.08600000000000001
-0.178568,-0.4,0.08600000000000001,0.08600000000000001,0.08600000000000001
-0.178564,-0.4,0.082,0.082,0.082
-0.17856,0.0,0.082,0.082,0.082
-0.17855600000000002,0.0,0.08600000000000001,0.08600000000000001,0.08600000000000001
-0.17855200000000002,-0.2,0.09,0.09,0.09
-0.178548,0.0,0.08600000000000001,0.08600000000000001,0.08600000000000001
-0.178544,-0.2,0.082,0.082,0.082
-0.17854,-0.2,0.08600000000000001,0.08600000000000001,0.08600000000000001
-0.178536,-0.2,0.07,0.07,0.07
-0.17853200000000002,-0.2,0.078,0.078,0.078
-0.17852800000000002,-0.4,0.082,0.082,0.082
-0.17852400000000002,0.2,0.066,0.066,0.066
-0.17852,-0.2,0.082,0.082,0.082
-0.178516,-0.2,0.078,0.078,0.078
-0.178512,0.2,0.078,0.078,0.078
-0.178508,0.0,0.082,0.082,0.082
-0.17850400000000002,0.2,0.078,0.078,0.078
-0.17850000000000002,0.2,0.08600000000000001,0.08600000000000001,0.08600000000000001
-0.17849600000000002,-0.2,0.078,0.078,0.078
-0.178492,0.0,0.074,0.074,0.074
-0.178488,-0.2,0.082,0.082,0.082
-0.178484,-0.2,0.082,0.082,0.082
-0.17848000000000003,0.0,0.082,0.082,0.082
-0.17847600000000002,-0.2,0.08600000000000001,0.08600000000000001,0.08600000000000001
-0.17847200000000002,-0.4,0.08600000000000001,0.08600000000000001,0.08600000000000001
-0.17846800000000002,-0.4,0.082,0.082,0.082
-0.178464,0.0,0.094,0.094,0.094
-0.17846,-0.4,0.08600000000000001,0.08600000000000001,0.08600000000000001
-0.178456,-0.2,0.082,0.082,0.082
-0.178452,-0.4,0.07,0.07,0.07
-0.17844800000000002,-0.2,0.08600000000000001,0.08600000000000001,0.08600000000000001
-0.17844400000000002,-0.4,0.082,0.082,0.082
-0.17844000000000002,0.2,0.082,0.082,0.082
-0.178436,0.0,0.078,0.078,0.078
-0.178432,-0.2,0.074,0.074,0.074
-0.178428,0.0,0.08600000000000001,0.08600000000000001,0.08600000000000001
-0.17842400000000003,0.0,0.074,0.074,0.074
-0.17842000000000002,0.2,0.078,0.078,0.078
-0.17841600000000002,-0.2,0.09,0.09,0.09
-0.17841200000000002,0.0,0.078,0.078,0.078
-0.178408,-0.2,0.074,0.074,0.074
-0.178404,-0.4,0.08600000000000001,0.08600000000000001,0.08600000000000001
-0.1784,0.2,0.07,0.07,0.07
-0.178396,-0.4,0.078,0.078,0.078
-0.17839200000000002,-0.2,0.082,0.082,0.082
-0.17838800000000002,-0.2,0.078,0.078,0.078
-0.17838400000000001,-0.2,0.074,0.074,0.074
-0.17838,-0.2,0.082,0.082,0.082
-0.178376,-0.2,0.08600000000000001,0.08600000000000001,0.08600000000000001
-0.178372,0.0,0.078,0.078,0.078
-0.17836800000000003,0.0,0.078,0.078,0.078
-0.17836400000000002,-0.2,0.078,0.078,0.078
-0.17836000000000002,0.0,0.082,0.082,0.082
-0.17835600000000001,-0.2,0.078,0.078,0.078
-0.178352,0.0,0.082,0.082,0.082
-0.178348,0.2,0.078,0.078,0.078
-0.178344,-0.6000000000000001,0.078,0.078,0.078
-0.17834,-0.4,0.078,0.078,0.078
-0.17833600000000002,0.4,0.08600000000000001,0.08600000000000001,0.08600000000000001
-0.17833200000000002,0.0,0.07,0.07,0.07
-0.17832800000000001,-0.2,0.074,0.074,0.074
-0.178324,0.2,0.082,0.082,0.082
-0.17832,0.0,0.08600000000000001,0.08600000000000001,0.08600000000000001
-0.178316,-0.4,0.078,0.078,0.078
-0.17831200000000003,-0.4,0.082,0.082,0.082
-0.17830800000000002,-0.2,0.074,0.074,0.074
-0.17830400000000002,0.0,0.078,0.078,0.078
-0.17830000000000001,0.0,0.074,0.074,0.074
-0.178296,0.0,0.078,0.078,0.078
-0.178292,0.0,0.078,0.078,0.078
-0.178288,0.0,0.074,0.074,0.074
-0.178284,-0.2,0.082,0.082,0.082
-0.17828000000000002,-0.2,0.08600000000000001,0.08600000000000001,0.08600000000000001
-0.17827600000000002,-0.4,0.07,0.07,0.07
-0.178272,0.2,0.082,0.082,0.082
-0.178268,-0.2,0.08600000000000001,0.08600000000000001,0.08600000000000001
-0.178264,-0.2,0.078,0.078,0.078
-0.17826,-0.2,0.082,0.082,0.082
-0.17825600000000003,-0.4,0.082,0.082,0.082
-0.17825200000000002,-0.4,0.082,0.082,0.082
-0.17824800000000002,0.0,0.094,0.094,0.094
-0.178244,-0.4,0.08600000000000001,0.08600000000000001,0.08600000000000001
-0.17824,-0.4,0.078,0.078,0.078
-0.178236,-0.2,0.07,0.07,0.07
-0.178232,-0.2,0.074,0.074,0.074
-0.178228,-0.2,0.08600000000000001,0.08600000000000001,0.08600000000000001
-0.17822400000000002,0.2,0.078,0.078,0.078
-0.17822000000000002,-0.4,0.08600000000000001,0.08600000000000001,0.08600000000000001
-0.178216,-0.6000000000000001,0.078,0.078,0.078
-0.178212,-0.2,0.078,0.078,0.078
-0.178208,0.0,0.078,0.078,0.078
-0.178204,0.0,0.08600000000000001,0.08600000000000001,0.08600000000000001
-0.17820000000000003,-0.2,0.082,0.082,0.082
-0.17819600000000002,-0.2,0.082,0.082,0.082
-0.17819200000000002,-0.6000000000000001,0.074,0.074,0.074
-0.178188,0.0,0.078,0.078,0.078
-0.178184,0.2,0.078,0.078,0.078
-0.17818,-0.6000000000000001,0.082,0.082,0.082
-0.178176,-0.4,0.082,0.082,0.082
-0.178172,-0.4,0.078,0.078,0.078
-0.17816800000000002,-0.4,0.082,0.082,0.082
-0.17816400000000002,0.0,0.078,0.078,0.078
-0.17816,-0.4,0.09,0.09,0.09
-0.178156,-0.2,0.078,0.078,0.078
-0.178152,-0.4,0.074,0.074,0.074
-0.178148,-0.2,0.074,0.074,0.074
-0.17814400000000002,0.2,0.08600000000000001,0.08600000000000001,0.08600000000000001
-0.17814000000000002,-0.2,0.07,0.07,0.07
-0.17813600000000002,0.0,0.078,0.078,0.078
-0.178132,-0.4,0.08600000000000001,0.08600000000000001,0.08600000000000001
-0.178128,-0.2,0.082,0.082,0.082
-0.178124,-0.2,0.08600000000000001,0.08600000000000001,0.08600000000000001
-0.17812,-0.2,0.09,0.09,0.09
-0.178116,-0.2,0.074,0.074,0.074
-0.17811200000000002,-0.2,0.09,0.09,0.09
-0.17810800000000002,-0.4,0.09,0.09,0.09
-0.178104,-0.2,0.08600000000000001,0.08600000000000001,0.08600000000000001
-0.1781,0.0,0.082,0.082,0.082
-0.178096,-0.4,0.074,0.074,0.074
-0.178092,0.0,0.078,0.078,0.078
-0.17808800000000002,-0.2,0.094,0.094,0.094
-0.17808400000000002,-0.2,0.082,0.082,0.082
-0.17808000000000002,-0.2,0.078,0.078,0.078
-0.178076,0.0,0.08600000000000001,0.08600000000000001,0.08600000000000001
-0.178072,0.2,0.078,0.078,0.078
-0.178068,0.0,0.082,0.082,0.082
-0.178064,0.0,0.082,0.082,0.082
-0.17806000000000002,-0.4,0.082,0.082,0.082
-0.17805600000000002,-0.2,0.09,0.09,0.09
-0.17805200000000002,-0.2,0.082,0.082,0.082
-0.178048,0.0,0.074,0.074,0.074
-0.178044,0.0,0.074,0.074,0.074
-0.17804,-0.2,0.08600000000000001,0.08600000000000001,0.08600000000000001
-0.17803600000000003,-0.2,0.09,0.09,0.09
-0.17803200000000002,-0.6000000000000001,0.08600000000000001,0.08600000000000001,0.08600000000000001
-0.17802800000000002,0.4,0.074,0.074,0.074
-0.17802400000000002,-0.2,0.08600000000000001,0.08600000000000001,0.08600000000000001
-0.17802,-0.6000000000000001,0.078,0.078,0.078
-0.178016,-0.2,0.094,0.094,0.094
-0.178012,0.0,0.082,0.082,0.082
-0.178008,0.0,0.08600000000000001,0.08600000000000001,0.08600000000000001
-0.17800400000000002,0.0,0.078,0.078,0.078
-0.17800000000000002,0.2,0.074,0.074,0.074
-0.17799600000000002,-0.2,0.09,0.09,0.09
-0.177992,-0.4,0.07,0.07,0.07
-0.177988,-0.4,0.08600000000000001,0.08600000000000001,0.08600000000000001
-0.177984,-0.6000000000000001,0.078,0.078,0.078
-0.17798000000000003,0.0,0.09,0.09,0.09
-0.17797600000000002,0.2,0.082,0.082,0.082
-0.17797200000000002,-0.4,0.09,0.09,0.09
-0.17796800000000002,-0.6000000000000001,0.08600000000000001,0.08600000000000001,0.08600000000000001
-0.177964,-0.2,0.08600000000000001,0.08600000000000001,0.08600000000000001
-0.17796,-0.2,0.082,0.082,0.082
-0.177956,-0.4,0.074,0.074,0.074
-0.177952,0.0,0.074,0.074,0.074
-0.17794800000000002,-0.2,0.08600000000000001,0.08600000000000001,0.08600000000000001
-0.17794400000000002,0.0,0.078,0.078,0.078
-0.17794000000000001,-0.2,0.094,0.094,0.094
-0.177936,0.4,0.09,0.09,0.09
-0.177932,-0.4,0.074,0.074,0.074
-0.177928,-0.4,0.08600000000000001,0.08600000000000001,0.08600000000000001
-0.17792400000000003,-0.2,0.078,0.078,0.078
-0.17792000000000002,0.0,0.078,0.078,0.078
-0.17791600000000002,-0.2,0.074,0.074,0.074
-0.17791200000000001,0.0,0.074,0.074,0.074
-0.177908,-0.2,0.074,0.074,0.074
-0.177904,0.0,0.082,0.082,0.082
-0.1779,0.0,0.078,0.078,0.078
-0.177896,-0.4,0.082,0.082,0.082
-0.17789200000000002,-0.2,0.078,0.078,0.078
-0.17788800000000002,-0.2,0.09,0.09,0.09
-0.17788400000000001,0.2,0.08600000000000001,0.08600000000000001,0.08600000000000001
-0.17788,-0.2,0.082,0.082,0.082
-0.177876,-0.4,0.078,0.078,0.078
-0.177872,0.0,0.082,0.082,0.082
-0.17786800000000003,-0.2,0.078,0.078,0.078
-0.17786400000000002,-0.2,0.078,0.078,0.078
-0.17786000000000002,-0.2,0.078,0.078,0.078
-0.17785600000000001,0.4,0.09,0.09,0.09
-0.177852,0.0,0.082,0.082,0.082
-0.177848,-0.2,0.078,0.078,0.078
-0.177844,0.0,0.078,0.078,0.078
-0.17784,0.0,0.09,0.09,0.09
-0.17783600000000002,-0.2,0.09,0.09,0.09
-0.17783200000000002,0.4,0.094,0.094,0.094
-0.177828,0.0,0.082,0.082,0.082
-0.177824,-0.2,0.082,0.082,0.082
-0.17782,0.0,0.082,0.082,0.082
-0.177816,-0.2,0.078,0.078,0.078
-0.17781200000000003,-0.2,0.08600000000000001,0.08600000000000001,0.08600000000000001
-0.17780800000000002,-0.8,0.09,0.09,0.09
-0.17780400000000002,-0.2,0.082,0.082,0.082
-0.1778,-0.6000000000000001,0.082,0.082,0.082
-0.177796,0.2,0.082,0.082,0.082
-0.177792,-0.4,0.082,0.082,0.082
-0.177788,0.0,0.08600000000000001,0.08600000000000001,0.08600000000000001
-0.177784,-0.2,0.078,0.078,0.078
-0.17778000000000002,-0.2,0.078,0.078,0.078
-0.17777600000000002,-0.4,0.078,0.078,0.078
-0.177772,0.4,0.078,0.078,0.078
-0.177768,0.0,0.08600000000000001,0.08600000000000001,0.08600000000000001
-0.177764,-0.2,0.078,0.078,0.078
-0.17776,-0.2,0.082,0.082,0.082
-0.17775600000000003,-0.2,0.082,0.082,0.082
-0.17775200000000002,0.4,0.074,0.074,0.074
-0.17774800000000002,0.0,0.082,0.082,0.082
-0.177744,0.0,0.07,0.07,0.07
-0.17774,-0.4,0.074,0.074,0.074
-0.177736,-0.4,0.094,0.094,0.094
-0.177732,-0.4,0.074,0.074,0.074
-0.177728,-0.4,0.082,0.082,0.082
-0.17772400000000002,-0.2,0.082,0.082,0.082
-0.17772000000000002,-0.6000000000000001,0.074,0.074,0.074
-0.177716,0.0,0.08600000000000001,0.08600000000000001,0.08600000000000001
-0.177712,-0.2,0.082,0.082,0.082
-0.177708,0.0,0.078,0.078,0.078
-0.177704,-0.2,0.078,0.078,0.078
-0.17770000000000002,0.0,0.074,0.074,0.074
-0.17769600000000002,-0.2,0.078,0.078,0.078
-0.17769200000000002,-0.2,0.082,0.082,0.082
-0.177688,0.2,0.078,0.078,0.078
-0.177684,-0.2,0.082,0.082,0.082
-0.17768,-0.2,0.082,0.082,0.082
-0.177676,-0.2,0.08600000000000001,0.08600000000000001,0.08600000000000001
-0.177672,0.0,0.07,0.07,0.07
-0.17766800000000002,0.0,0.08600000000000001,0.08600000000000001,0.08600000000000001
-0.17766400000000002,0.0,0.078,0.078,0.078
-0.17766,-0.2,0.078,0.078,0.078
-0.177656,0.0,0.074,0.074,0.074
-0.177652,0.2,0.074,0.074,0.074
-0.177648,-0.4,0.082,0.082,0.082
-0.17764400000000002,-0.4,0.082,0.082,0.082
-0.17764000000000002,0.2,0.078,0.078,0.078
-0.17763600000000002,-0.2,0.07,0.07,0.07
-0.177632,-0.2,0.074,0.074,0.074
-0.177628,-0.2,0.082,0.082,0.082
-0.177624,0.0,0.08600000000000001,0.08600000000000001,0.08600000000000001
-0.17762,0.0,0.08600000000000001,0.08600000000000001,0.08600000000000001
-0.17761600000000002,0.0,0.07,0.07,0.07
-0.17761200000000002,0.0,0.074,0.074,0.074
-0.17760800000000002,0.0,0.08600000000000001,0.08600000000000001,0.08600000000000001
-0.177604,-0.2,0.09,0.09,0.09
-0.1776,-0.2,0.078,0.078,0.078
-0.177596,0.0,0.09,0.09,0.09
-0.17759200000000003,0.4,0.08600000000000001,0.08600000000000001,0.08600000000000001
-0.17758800000000002,-0.2,0.078,0.078,0.078
-0.17758400000000002,-0.4,0.082,0.082,0.082
-0.17758000000000002,-0.2,0.082,0.082,0.082
-0.177576,0.2,0.078,0.078,0.078
-0.177572,0.0,0.078,0.078,0.078
-0.177568,0.0,0.09,0.09,0.09
-0.177564,0.0,0.078,0.078,0.078
-0.17756000000000002,-0.2,0.082,0.082,0.082
-0.17755600000000002,0.0,0.094,0.094,0.094
-0.17755200000000002,0.4,0.082,0.082,0.082
-0.177548,0.0,0.074,0.074,0.074
-0.177544,0.0,0.082,0.082,0.082
-0.17754,0.2,0.074,0.074,0.074
-0.17753600000000003,-0.2,0.078,0.078,0.078
-0.17753200000000002,0.0,0.074,0.074,0.074
-0.17752800000000002,0.2,0.078,0.078,0.078
-0.17752400000000002,0.0,0.09,0.09,0.09
-0.17752,0.0,0.08600000000000001,0.08600000000000001,0.08600000000000001
-0.177516,0.2,0.08600000000000001,0.08600000000000001,0.08600000000000001
-0.177512,-0.4,0.078,0.078,0.078
-0.177508,-0.4,0.066,0.066,0.066
-0.17750400000000002,-0.4,0.078,0.078,0.078
-0.17750000000000002,0.2,0.078,0.078,0.078
-0.17749600000000001,0.2,0.078,0.078,0.078
-0.177492,0.0,0.082,0.082,0.082
-0.177488,0.2,0.08600000000000001,0.08600000000000001,0.08600000000000001
-0.177484,0.0,0.082,0.082,0.082
-0.17748000000000003,0.0,0.09,0.09,0.09
-0.17747600000000002,0.0,0.074,0.074,0.074
-0.17747200000000002,-0.4,0.09,0.09,0.09
-0.17746800000000001,0.0,0.09,0.09,0.09
-0.177464,0.0,0.082,0.082,0.082
-0.17746,-0.4,0.082,0.082,0.082
-0.177456,0.0,0.094,0.094,0.094
-0.177452,0.0,0.078,0.078,0.078
-0.17744800000000002,0.0,0.08600000000000001,0.08600000000000001,0.08600000000000001
-0.17744400000000002,0.2,0.08600000000000001,0.08600000000000001,0.08600000000000001
-0.17744000000000001,-0.4,0.078,0.078,0.078
-0.177436,-0.4,0.082,0.082,0.082
-0.177432,0.2,0.074,0.074,0.074
-0.177428,-0.4,0.082,0.082,0.082
-0.17742400000000003,-0.2,0.078,0.078,0.078
-0.17742000000000002,0.0,0.078,0.078,0.078
-0.17741600000000002,-0.4,0.08600000000000001,0.08600000000000001,0.08600000000000001
-0.17741200000000001,-0.2,0.082,0.082,0.082
-0.177408,0.0,0.078,0.078,0.078
-0.177404,0.2,0.074,0.074,0.074
-0.1774,0.0,0.082,0.082,0.082
-0.177396,-0.8,0.078,0.078,0.078
-0.17739200000000002,-0.2,0.082,0.082,0.082
-0.17738800000000002,0.0,0.074,0.074,0.074
-0.17738400000000001,-0.4,0.094,0.094,0.094
-0.17738,0.0,0.082,0.082,0.082
-0.177376,-0.4,0.078,0.078,0.078
-0.177372,-0.2,0.08600000000000001,0.08600000000000001,0.08600000000000001
-0.17736800000000003,-0.4,0.074,0.074,0.074
-0.17736400000000002,-0.2,0.082,0.082,0.082
-0.17736000000000002,-0.2,0.078,0.078,0.078
-0.177356,0.2,0.07,0.07,0.07
-0.177352,-0.2,0.082,0.082,0.082
-0.177348,0.2,0.074,0.074,0.074
-0.177344,0.0,0.078,0.078,0.078
-0.17734,-0.2,0.074,0.074,0.074
-0.17733600000000002,-0.2,0.074,0.074,0.074
-0.17733200000000002,-0.4,0.082,0.082,0.082
-0.177328,-0.2,0.078,0.078,0.078
-0.177324,-0.2,0.08600000000000001,0.08600000000000001,0.08600000000000001
-0.17732,-0.2,0.074,0.074,0.074
-0.177316,0.2,0.08600000000000001,0.08600000000000001,0.08600000000000001
-0.17731200000000003,-0.4,0.082,0.082,0.082
-0.17730800000000002,0.2,0.07,0.07,0.07
-0.17730400000000002,-0.2,0.074,0.074,0.074
-0.1773,-0.4,0.078,0.078,0.078
-0.177296,-0.4,0.078,0.078,0.078
-0.177292,0.0,0.078,0.078,0.078
-0.177288,-0.2,0.074,0.074,0.074
-0.177284,0.2,0.08600000000000001,0.08600000000000001,0.08600000000000001
-0.17728000000000002,0.0,0.078,0.078,0.078
-0.17727600000000002,-0.4,0.08600000000000001,0.08600000000000001,0.08600000000000001
-0.177272,-0.2,0.078,0.078,0.078
-0.177268,-0.4,0.078,0.078,0.078
-0.177264,-0.6000000000000001,0.07,0.07,0.07
-0.17726,-0.2,0.082,0.082,0.082
-0.17725600000000002,-0.4,0.074,0.074,0.074
-0.17725200000000002,-0.2,0.078,0.078,0.078
-0.17724800000000002,0.0,0.078,0.078,0.078
-0.177244,-0.2,0.082,0.082,0.082
-0.17724,0.0,0.07,0.07,0.07
-0.177236,-0.4,0.082,0.082,0.082
-0.177232,0.0,0.08600000000000001,0.08600000000000001,0.08600000000000001
-0.177228,-0.2,0.08600000000000001,0.08600000000000001,0.08600000000000001
-0.17722400000000002,0.0,0.074,0.074,0.074
-0.17722000000000002,-0.4,0.078,0.078,0.078
-0.177216,0.0,0.082,0.082,0.082
-0.177212,-0.2,0.08600000000000001,0.08600000000000001,0.08600000000000001
-0.177208,0.2,0.074,0.074,0.074
-0.177204,0.0,0.08600000000000001,0.08600000000000001,0.08600000000000001
-0.17720000000000002,0.0,0.09,0.09,0.09
-0.17719600000000002,-0.2,0.094,0.094,0.094
-0.17719200000000002,-0.4,0.08600000000000001,0.08600000000000001,0.08600000000000001
-0.177188,-0.2,0.09,0.09,0.09
-0.177184,0.0,0.09,0.09,0.09
-0.17718,-0.2,0.09,0.09,0.09
-0.177176,0.0,0.09,0.09,0.09
-0.17717200000000002,0.0,0.074,0.074,0.074
-0.17716800000000002,-0.2,0.074,0.074,0.074
-0.17716400000000002,-0.6000000000000001,0.082,0.082,0.082
-0.17716,0.0,0.07,0.07,0.07
-0.177156,0.0,0.08600000000000001,0.08600000000000001,0.08600000000000001
-0.177152,0.0,0.08600000000000001,0.08600000000000001,0.08600000000000001
-0.17714800000000003,-0.2,0.082,0.082,0.082
-0.17714400000000002,0.2,0.08600000000000001,0.08600000000000001,0.08600000000000001
-0.17714000000000002,-0.6000000000000001,0.07,0.07,0.07
-0.17713600000000002,-0.2,0.074,0.074,0.074
-0.177132,0.0,0.082,0.082,0.082
-0.177128,0.0,0.082,0.082,0.082
-0.177124,0.0,0.08600000000000001,0.08600000000000001,0.08600000000000001
-0.17712,-0.2,0.082,0.082,0.082
-0.17711600000000002,-0.2,0.08600000000000001,0.08600000000000001,0.08600000000000001
-0.17711200000000002,0.2,0.082,0.082,0.082
-0.17710800000000002,-0.2,0.082,0.082,0.082
-0.177104,-0.4,0.078,0.078,0.078
-0.1771,-0.4,0.082,0.082,0.082
-0.177096,0.0,0.082,0.082,0.082
-0.17709200000000003,-0.6000000000000001,0.094,0.094,0.094
-0.17708800000000002,0.2,0.082,0.082,0.082
-0.17708400000000002,-0.2,0.07,0.07,0.07
-0.17708000000000002,0.2,0.08600000000000001,0.08600000000000001,0.08600000000000001
-0.177076,-0.2,0.074,0.074,0.074
-0.177072,-0.4,0.08600000000000001,0.08600000000000001,0.08600000000000001
-0.177068,-0.4,0.078,0.078,0.078
-0.177064,0.0,0.074,0.074,0.074
-0.17706000000000002,-0.4,0.082,0.082,0.082
-0.17705600000000002,-0.2,0.08600000000000001,0.08600000000000001,0.08600000000000001
-0.17705200000000001,-0.2,0.078,0.078,0.078
-0.177048,-0.2,0.066,0.066,0.066
-0.177044,-0.4,0.078,0.078,0.078
-0.17704,-0.2,0.082,0.082,0.082
-0.17703600000000003,-0.4,0.082,0.082,0.082
-0.17703200000000002,0.0,0.07,0.07,0.07
-0.17702800000000002,0.0,0.082,0.082,0.082
-0.17702400000000001,-0.6000000000000001,0.074,0.074,0.074
-0.17702,-0.2,0.082,0.082,0.082
-0.177016,0.2,0.08600000000000001,0.08600000000000001,0.08600000000000001
-0.177012,-0.6000000000000001,0.074,0.074,0.074
-0.177008,0.2,0.07,0.07,0.07
-0.17700400000000002,0.0,0.082,0.082,0.082
-0.17700000000000002,0.2,0.078,0.078,0.078
-0.17699600000000001,0.2,0.082,0.082,0.082
-0.176992,-0.4,0.078,0.078,0.078
-0.176988,0.0,0.074,0.074,0.074
-0.176984,0.0,0.078,0.078,0.078
-0.17698000000000003,0.2,0.082,0.082,0.082
-0.17697600000000002,-0.2,0.08600000000000001,0.08600000000000001,0.08600000000000001
-0.17697200000000002,-0.2,0.08600000000000001,0.08600000000000001,0.08600000000000001
-0.17696800000000001,0.2,0.078,0.078,0.078
-0.176964,-0.6000000000000001,0.082,0.082,0.082
-0.17696,-0.2,0.082,0.082,0.082
-0.176956,-0.2,0.08600000000000001,0.08600000000000001,0.08600000000000001
-0.176952,0.0,0.082,0.082,0.082
-0.17694800000000002,0.2,0.082,0.082,0.082
-0.17694400000000002,-0.2,0.08600000000000001,0.08600000000000001,0.08600000000000001
-0.17694000000000001,0.0,0.078,0.078,0.078
-0.176936,-0.4,0.082,0.082,0.082
-0.176932,-0.2,0.082,0.082,0.082
-0.176928,-0.2,0.062,0.062,0.062
-0.17692400000000003,0.0,0.074,0.074,0.074
-0.17692000000000002,0.4,0.07,0.07,0.07
-0.17691600000000002,0.0,0.074,0.074,0.074
-0.176912,-0.2,0.078,0.078,0.078
-0.176908,-0.2,0.082,0.082,0.082
-0.176904,-0.2,0.082,0.082,0.082
-0.1769,-0.2,0.078,0.078,0.078
-0.176896,-0.2,0.082,0.082,0.082
-0.17689200000000002,-0.4,0.074,0.074,0.074
-0.17688800000000002,-0.2,0.08600000000000001,0.08600000000000001,0.08600000000000001
-0.176884,-0.2,0.08600000000000001,0.08600000000000001,0.08600000000000001
-0.17688,-0.2,0.082,0.082,0.082
-0.176876,0.4,0.08600000000000001,0.08600000000000001,0.08600000000000001
-0.176872,-0.2,0.078,0.078,0.078
-0.17686800000000003,0.2,0.082,0.082,0.082
-0.17686400000000002,0.0,0.082,0.082,0.082
-0.17686000000000002,-0.2,0.09,0.09,0.09
-0.176856,0.0,0.07,0.07,0.07
-0.176852,-0.4,0.08600000000000001,0.08600000000000001,0.08600000000000001
-0.176848,0.6000000000000001,0.082,0.082,0.082
-0.176844,0.0,0.066,0.066,0.066
-0.17684,-0.2,0.078,0.078,0.078
-0.17683600000000002,0.0,0.09,0.09,0.09
-0.17683200000000002,0.0,0.074,0.074,0.074
-0.176828,0.2,0.082,0.082,0.082
-0.176824,0.2,0.082,0.082,0.082
-0.17682,-0.2,0.082,0.082,0.082
-0.176816,0.0,0.074,0.074,0.074
-0.17681200000000002,-0.2,0.074,0.074,0.074
-0.17680800000000002,-0.2,0.07,0.07,0.07
-0.17680400000000002,0.2,0.094,0.094,0.094
-0.1768,0.4,0.082,0.082,0.082
-0.176796,-0.2,0.082,0.082,0.082
-0.176792,-0.2,0.078,0.078,0.078
-0.176788,0.0,0.07,0.07,0.07
-0.176784,0.2,0.08600000000000001,0.08600000000000001,0.08600000000000001
-0.17678000000000002,0.0,0.08600000000000001,0.08600000000000001,0.08600000000000001
-0.17677600000000002,0.0,0.074,0.074,0.074
-0.176772,-0.4,0.082,0.082,0.082
-0.176768,0.4,0.082,0.082,0.082
-0.176764,0.2,0.066,0.066,0.066
-0.17676,-0.4,0.08600000000000001,0.08600000000000001,0.08600000000000001
-0.17675600000000002,0.2,0.07,0.07,0.07
-0.17675200000000002,-0.4,0.078,0.078,0.078
-0.17674800000000002,0.0,0.078,0.078,0.078
-0.176744,0.4,0.078,0.078,0.078
-0.17674,-0.2,0.066,0.066,0.066
-0.176736,-0.2,0.078,0.078,0.078
-0.176732,0.2,0.082,0.082,0.082
-0.17672800000000002,0.0,0.082,0.082,0.082
-0.17672400000000002,0.4,0.082,0.082,0.082
-0.17672000000000002,0.0,0.074,0.074,0.074
-0.176716,0.4,0.078,0.078,0.078
-0.176712,0.2,0.074,0.074,0.074
-0.176708,-0.2,0.07,0.07,0.07
-0.17670400000000003,-0.2,0.07,0.07,0.07
-0.17670000000000002,-0.2,0.082,0.082,0.082
-0.17669600000000002,-0.6000000000000001,0.074,0.074,0.074
-0.17669200000000002,0.0,0.082,0.082,0.082
-0.176688,-0.2,0.09,0.09,0.09
-0.176684,-0.2,0.074,0.074,0.074
-0.17668,-0.2,0.07,0.07,0.07
-0.176676,-0.2,0.094,0.094,0.094
-0.17667200000000002,-0.4,0.082,0.082,0.082
-0.17666800000000002,-0.2,0.09,0.09,0.09
-0.17666400000000002,0.0,0.082,0.082,0.082
-0.17666,-0.2,0.07,0.07,0.07
-0.176656,-0.4,0.078,0.078,0.078
-0.176652,0.0,0.08600000000000001,0.08600000000000001,0.08600000000000001
-0.17664800000000003,0.0,0.078,0.078,0.078
-0.17664400000000002,-0.2,0.082,0.082,0.082
-0.17664000000000002,-0.2,0.08600000000000001,0.08600000000000001,0.08600000000000001
-0.17663600000000002,-0.2,0.074,0.074,0.074
-0.176632,-0.6000000000000001,0.08600000000000001,0.08600000000000001,0.08600000000000001
-0.176628,-0.6000000000000001,0.082,0.082,0.082
-0.176624,-0.2,0.094,0.094,0.094
-0.17662,-0.2,0.082,0.082,0.082
-0.17661600000000002,0.0,0.09,0.09,0.09
-0.17661200000000002,-0.2,0.082,0.082,0.082
-0.17660800000000001,-0.2,0.074,0.074,0.074
-0.176604,0.2,0.074,0.074,0.074
-0.1766,-0.6000000000000001,0.09,0.09,0.09
-0.176596,0.0,0.082,0.082,0.082
-0.17659200000000003,-0.2,0.078,0.078,0.078
-0.17658800000000002,0.0,0.082,0.082,0.082
-0.17658400000000002,0.0,0.08600000000000001,0.08600000000000001,0.08600000000000001
-0.17658000000000001,-0.4,0.078,0.078,0.078
-0.176576,-0.2,0.074,0.074,0.074
-0.176572,-0.2,0.08600000000000001,0.08600000000000001,0.08600000000000001
-0.176568,-0.2,0.08600000000000001,0.08600000000000001,0.08600000000000001
-0.176564,0.2,0.078,0.078,0.078
-0.17656000000000002,0.0,0.078,0.078,0.078
-0.17655600000000002,-0.2,0.082,0.082,0.082
-0.17655200000000001,-0.2,0.08600000000000001,0.08600000000000001,0.08600000000000001
-0.176548,-0.4,0.078,0.078,0.078
-0.176544,0.0,0.074,0.074,0.074
-0.17654,-0.2,0.078,0.078,0.078
-0.17653600000000003,0.0,0.08600000000000001,0.08600000000000001,0.08600000000000001
-0.17653200000000002,-0.4,0.082,0.082,0.082
-0.17652800000000002,-0.2,0.082,0.082,0.082
-0.17652400000000001,-0.6000000000000001,0.08600000000000001,0.08600000000000001,0.08600000000000001
-0.17652,-0.2,0.074,0.074,0.074
-0.176516,-0.2,0.082,0.082,0.082
-0.176512,-0.2,0.082,0.082,0.082
-0.176508,-0.4,0.082,0.082,0.082
-0.17650400000000002,-0.2,0.094,0.094,0.094
-0.17650000000000002,0.0,0.074,0.074,0.074
-0.17649600000000001,0.0,0.082,0.082,0.082
-0.176492,0.2,0.074,0.074,0.074
-0.176488,-0.4,0.074,0.074,0.074
-0.176484,0.0,0.08600000000000001,0.08600000000000001,0.08600000000000001
-0.17648000000000003,-0.6000000000000001,0.08600000000000001,0.08600000000000001,0.08600000000000001
-0.17647600000000002,-0.6000000000000001,0.078,0.078,0.078
-0.17647200000000002,-0.2,0.078,0.078,0.078
-0.176468,-0.2,0.08600000000000001,0.08600000000000001,0.08600000000000001
-0.176464,-0.4,0.08600000000000001,0.08600000000000001,0.08600000000000001
-0.17646,-0.4,0.074,0.074,0.074
-0.176456,0.0,0.078,0.078,0.078
-0.176452,-0.4,0.074,0.074,0.074
-0.17644800000000002,0.0,0.082,0.082,0.082
-0.17644400000000002,-0.4,0.094,0.094,0.094
-0.17644,-0.4,0.07,0.07,0.07
-0.176436,0.0,0.078,0.078,0.078
-0.176432,-0.4,0.074,0.074,0.074
-0.176428,-0.2,0.082,0.082,0.082
-0.17642400000000003,0.0,0.082,0.082,0.082
-0.17642000000000002,0.0,0.07,0.07,0.07
-0.17641600000000002,-0.4,0.074,0.074,0.074
-0.176412,0.0,0.082,0.082,0.082
-0.176408,-0.2,0.078,0.078,0.078
-0.176404,0.0,0.082,0.082,0.082
-0.1764,-0.2,0.082,0.082,0.082
-0.176396,-0.2,0.074,0.074,0.074
-0.17639200000000002,0.0,0.066,0.066,0.066
-0.17638800000000002,0.0,0.082,0.082,0.082
-0.176384,0.0,0.074,0.074,0.074
-0.17638,0.2,0.08600000000000001,0.08600000000000001,0.08600000000000001
-0.176376,0.4,0.082,0.082,0.082
-0.176372,0.0,0.082,0.082,0.082
-0.17636800000000002,-0.4,0.08600000000000001,0.08600000000000001,0.08600000000000001
-0.17636400000000002,-0.2,0.078,0.078,0.078
-0.17636000000000002,-0.2,0.09,0.09,0.09
-0.176356,-0.2,0.07,0.07,0.07
-0.176352,-0.2,0.08600000000000001,0.08600000000000001,0.08600000000000001
-0.176348,0.2,0.08600000000000001,0.08600000000000001,0.08600000000000001
-0.176344,-0.2,0.082,0.082,0.082
-0.17634,-0.4,0.078,0.078,0.078
-0.17633600000000002,0.0,0.082,0.082,0.082
-0.17633200000000002,-0.2,0.09,0.09,0.09
-0.176328,0.2,0.082,0.082,0.082
-0.176324,0.4,0.078,0.078,0.078
-0.17632,0.0,0.08600000000000001,0.08600000000000001,0.08600000000000001
-0.176316,0.2,0.078,0.078,0.078
-0.17631200000000002,0.2,0.082,0.082,0.082
-0.17630800000000002,-0.4,0.078,0.078,0.078
-0.17630400000000002,0.0,0.078,0.078,0.078
-0.1763,0.0,0.082,0.082,0.082
-0.176296,0.0,0.08600000000000001,0.08600000000000001,0.08600000000000001
-0.176292,0.0,0.074,0.074,0.074
-0.176288,-0.2,0.08600000000000001,0.08600000000000001,0.08600000000000001
-0.17628400000000002,0.0,0.082,0.082,0.082
-0.17628000000000002,-0.4,0.074,0.074,0.074
-0.17627600000000002,0.2,0.082,0.082,0.082
-0.176272,0.0,0.078,0.078,0.078
-0.176268,-0.6000000000000001,0.082,0.082,0.082
-0.176264,-0.2,0.08600000000000001,0.08600000000000001,0.08600000000000001
-0.17626000000000003,0.0,0.08600000000000001,0.08600000000000001,0.08600000000000001
-0.17625600000000002,0.0,0.078,0.078,0.078
-0.17625200000000002,0.0,0.082,0.082,0.082
-0.17624800000000002,-0.2,0.074,0.074,0.074
-0.176244,0.4,0.078,0.078,0.078
-0.17624,-0.2,0.082,0.082,0.082
-0.176236,0.0,0.08600000000000001,0.08600000000000001,0.08600000000000001
-0.176232,-0.6000000000000001,0.08600000000000001,0.08600000000000001,0.08600000000000001
-0.17622800000000002,0.0,0.078,0.078,0.078
-0.17622400000000002,0.0,0.09,0.09,0.09
-0.17622000000000002,-0.4,0.082,0.082,0.082
-0.176216,0.0,0.074,0.074,0.074
-0.176212,-0.4,0.082,0.082,0.082
-0.176208,0.0,0.08600000000000001,0.08600000000000001,0.08600000000000001
-0.17620400000000003,-0.4,0.074,0.074,0.074
-0.17620000000000002,-0.2,0.082,0.082,0.082
-0.17619600000000002,-0.2,0.08600000000000001,0.08600000000000001,0.08600000000000001
-0.17619200000000002,-0.2,0.08600000000000001,0.08600000000000001,0.08600000000000001
-0.176188,0.0,0.09,0.09,0.09
-0.176184,0.2,0.082,0.082,0.082
-0.17618,-0.2,0.082,0.082,0.082
-0.176176,-0.2,0.082,0.082,0.082
-0.17617200000000002,-0.4,0.082,0.082,0.082
-0.17616800000000002,0.4,0.082,0.082,0.082
-0.17616400000000002,-0.4,0.08600000000000001,0.08600000000000001,0.08600000000000001
-0.17616,0.2,0.078,0.078,0.078
-0.176156,0.0,0.09,0.09,0.09
-0.176152,0.0,0.08600000000000001,0.08600000000000001,0.08600000000000001
-0.17614800000000003,0.0,0.074,0.074,0.074
-0.17614400000000002,-0.2,0.08600000000000001,0.08600000000000001,0.08600000000000001
-0.17614000000000002,-0.4,0.078,0.078,0.078
-0.17613600000000001,-0.4,0.082,0.082,0.082
-0.176132,-0.2,0.08600000000000001,0.08600000000000001,0.08600000000000001
-0.176128,0.2,0.08600000000000001,0.08600000000000001,0.08600000000000001
-0.176124,-0.6000000000000001,0.082,0.082,0.082
-0.17612,-0.2,0.078,0.078,0.078
-0.17611600000000002,0.0,0.078,0.078,0.078
-0.17611200000000002,-0.4,0.074,0.074,0.074
-0.17610800000000001,-0.2,0.078,0.078,0.078
-0.176104,-0.2,0.066,0.066,0.066
-0.1761,-0.2,0.082,0.082,0.082
-0.176096,-0.2,0.082,0.082,0.082
-0.17609200000000003,-0.2,0.078,0.078,0.078
-0.17608800000000002,-0.2,0.082,0.082,0.082
-0.17608400000000002,-0.2,0.078,0.078,0.078
-0.17608000000000001,-0.2,0.09,0.09,0.09
-0.176076,-0.2,0.08600000000000001,0.08600000000000001,0.08600000000000001
-0.176072,-0.2,0.09,0.09,0.09
-0.176068,-0.6000000000000001,0.082,0.082,0.082
-0.176064,0.0,0.082,0.082,0.082
-0.17606000000000002,0.0,0.082,0.082,0.082
-0.17605600000000002,-0.6000000000000001,0.094,0.094,0.094
-0.17605200000000001,-0.2,0.078,0.078,0.078
-0.176048,0.2,0.082,0.082,0.082
-0.176044,-0.2,0.082,0.082,0.082
-0.17604,0.0,0.074,0.074,0.074
-0.17603600000000003,0.0,0.082,0.082,0.082
-0.17603200000000002,-0.2,0.08600000000000001,0.08600000000000001,0.08600000000000001
-0.17602800000000002,0.0,0.08600000000000001,0.08600000000000001,0.08600000000000001
-0.176024,0.4,0.066,0.066,0.066
-0.17602,-0.4,0.09,0.09,0.09
-0.176016,0.2,0.074,0.074,0.074
-0.176012,-0.2,0.082,0.082,0.082
-0.176008,-0.2,0.09,0.09,0.09
-0.17600400000000002,-0.2,0.078,0.078,0.078
-0.17600000000000002,-0.2,0.078,0.078,0.078
-0.175996,-0.2,0.08600000000000001,0.08600000000000001,0.08600000000000001
-0.175992,0.0,0.07,0.07,0.07
-0.175988,-0.6000000000000001,0.078,0.078,0.078
-0.175984,-0.2,0.078,0.078,0.078
-0.17598000000000003,-0.2,0.078,0.078,0.078
-0.17597600000000002,0.0,0.08600000000000001,0.08600000000000001,0.08600000000000001
-0.17597200000000002,-0.2,0.08600000000000001,0.08600000000000001,0.08600000000000001
-0.175968,-0.4,0.082,0.082,0.082
-0.175964,-0.4,0.074,0.074,0.074
-0.17596,-0.6000000000000001,0.078,0.078,0.078
-0.175956,0.0,0.08600000000000001,0.08600000000000001,0.08600000000000001
-0.175952,0.2,0.08600000000000001,0.08600000000000001,0.08600000000000001
-0.17594800000000002,-0.2,0.082,0.082,0.082
-0.17594400000000002,-0.4,0.09,0.09,0.09
-0.17594,-0.2,0.09,0.09,0.09
-0.175936,0.0,0.08600000000000001,0.08600000000000001,0.08600000000000001
-0.175932,0.0,0.074,0.074,0.074
-0.175928,0.0,0.074,0.074,0.074
-0.17592400000000002,-0.2,0.082,0.082,0.082
-0.17592000000000002,0.2,0.07,0.07,0.07
-0.17591600000000002,0.0,0.078,0.078,0.078
-0.175912,0.0,0.078,0.078,0.078
-0.175908,0.0,0.066,0.066,0.066
-0.175904,-0.4,0.078,0.078,0.078
-0.1759,-0.4,0.074,0.074,0.074
-0.175896,0.2,0.09,0.09,0.09
-0.17589200000000002,0.0,0.10200000000000001,0.10200000000000001,0.10200000000000001
-0.17588800000000002,-0.4,0.07,0.07,0.07
-0.175884,-0.2,0.082,0.082,0.082
-0.17588,0.2,0.08600000000000001,0.08600000000000001,0.08600000000000001
-0.175876,0.2,0.082,0.082,0.082
-0.175872,-0.6000000000000001,0.094,0.094,0.094
-0.17586800000000002,-0.2,0.094,0.094,0.094
-0.17586400000000002,0.4,0.078,0.078,0.078
-0.17586000000000002,-0.4,0.082,0.082,0.082
-0.175856,0.0,0.08600000000000001,0.08600000000000001,0.08600000000000001
-0.175852,0.0,0.078,0.078,0.078
-0.175848,0.0,0.08600000000000001,0.08600000000000001,0.08600000000000001
-0.175844,0.0,0.082,0.082,0.082
-0.17584000000000002,0.0,0.078,0.078,0.078
-0.17583600000000002,-0.2,0.08600000000000001,0.08600000000000001,0.08600000000000001
-0.17583200000000002,0.0,0.08600000000000001,0.08600000000000001,0.08600000000000001
-0.175828,-0.4,0.078,0.078,0.078
-0.175824,0.4,0.08600000000000001,0.08600000000000001,0.08600000000000001
-0.17582,-0.2,0.08600000000000001,0.08600000000000001,0.08600000000000001
-0.175816,-0.2,0.094,0.094,0.094
-0.17581200000000002,0.2,0.074,0.074,0.074
-0.17580800000000002,0.0,0.082,0.082,0.082
-0.17580400000000002,-0.2,0.082,0.082,0.082
-0.1758,0.0,0.08600000000000001,0.08600000000000001,0.08600000000000001
-0.175796,-0.2,0.074,0.074,0.074
-0.175792,0.0,0.078,0.078,0.078
-0.175788,0.0,0.078,0.078,0.078
-0.17578400000000002,-0.2,0.082,0.082,0.082
-0.17578000000000002,-0.2,0.082,0.082,0.082
-0.17577600000000002,0.2,0.078,0.078,0.078
-0.175772,-0.2,0.078,0.078,0.078
-0.175768,-0.4,0.08600000000000001,0.08600000000000001,0.08600000000000001
-0.175764,-0.2,0.078,0.078,0.078
-0.17576000000000003,0.0,0.08600000000000001,0.08600000000000001,0.08600000000000001
-0.17575600000000002,-0.2,0.08600000000000001,0.08600000000000001,0.08600000000000001
-0.17575200000000002,-0.4,0.07,0.07,0.07
-0.17574800000000002,0.0,0.07,0.07,0.07
-0.175744,-0.2,0.082,0.082,0.082
-0.17574,-0.2,0.07,0.07,0.07
-0.175736,0.0,0.082,0.082,0.082
-0.175732,0.0,0.078,0.078,0.078
-0.17572800000000002,0.0,0.094,0.094,0.094
-0.17572400000000002,-0.2,0.078,0.078,0.078
-0.17572000000000002,-0.2,0.08600000000000001,0.08600000000000001,0.08600000000000001
-0.175716,0.0,0.08600000000000001,0.08600000000000001,0.08600000000000001
-0.175712,0.0,0.08600000000000001,0.08600000000000001,0.08600000000000001
-0.175708,-0.2,0.082,0.082,0.082
-0.17570400000000003,-0.4,0.074,0.074,0.074
-0.17570000000000002,-0.2,0.078,0.078,0.078
-0.17569600000000002,-0.4,0.082,0.082,0.082
-0.17569200000000001,0.0,0.074,0.074,0.074
-0.175688,-0.6000000000000001,0.08600000000000001,0.08600000000000001,0.08600000000000001
-0.175684,0.4,0.082,0.082,0.082
-0.17568,-0.4,0.07,0.07,0.07
-0.175676,-0.2,0.082,0.082,0.082
-0.17567200000000002,-0.4,0.08600000000000001,0.08600000000000001,0.08600000000000001
-0.17566800000000002,-0.4,0.066,0.066,0.066
-0.17566400000000001,0.0,0.078,0.078,0.078
-0.17566,-0.2,0.082,0.082,0.082
-0.175656,0.2,0.082,0.082,0.082
-0.175652,-0.2,0.078,0.078,0.078
-0.17564800000000003,0.0,0.08600000000000001,0.08600000000000001,0.08600000000000001
-0.17564400000000002,0.2,0.07,0.07,0.07
-0.17564000000000002,0.2,0.082,0.082,0.082
-0.17563600000000001,-0.6000000000000001,0.08600000000000001,0.08600000000000001,0.08600000000000001
-0.175632,0.0,0.078,0.078,0.078
-0.175628,-0.2,0.082,0.082,0.082
-0.175624,-0.6000000000000001,0.074,0.074,0.074
-0.17562,-0.2,0.078,0.078,0.078
-0.17561600000000002,0.0,0.078,0.078,0.078
-0.17561200000000002,-0.2,0.09,0.09,0.09
-0.17560800000000001,-0.2,0.078,0.078,0.078
-0.175604,-0.8,0.08600000000000001,0.08600000000000001,0.08600000000000001
-0.1756,0.0,0.07,0.07,0.07
-0.175596,0.0,0.078,0.078,0.078
-0.17559200000000003,-0.4,0.074,0.074,0.074
-0.17558800000000002,0.0,0.08600000000000001,0.08600000000000001,0.08600000000000001
-0.17558400000000002,-0.2,0.08600000000000001,0.08600000000000001,0.08600000000000001
-0.17558,-0.2,0.074,0.074,0.074
-0.175576,0.2,0.074,0.074,0.074
-0.175572,0.0,0.078,0.078,0.078
-0.175568,-0.2,0.082,0.082,0.082
-0.175564,-0.4,0.078,0.078,0.078
-0.17556000000000002,-0.4,0.074,0.074,0.074
-0.17555600000000002,-0.4,0.078,0.078,0.078
-0.175552,0.0,0.09,0.09,0.09
-0.175548,-0.2,0.082,0.082,0.082
-0.175544,-0.2,0.09,0.09,0.09
-0.17554,-0.2,0.08600000000000001,0.08600000000000001,0.08600000000000001
-0.17553600000000003,-0.2,0.094,0.094,0.094
-0.17553200000000002,-0.4,0.08600000000000001,0.08600000000000001,0.08600000000000001
-0.17552800000000002,0.0,0.082,0.082,0.082
-0.175524,0.2,0.082,0.082,0.082
-0.17552,0.0,0.08600000000000001,0.08600000000000001,0.08600000000000001
-0.175516,-0.2,0.078,0.078,0.078
-0.175512,0.4,0.082,0.082,0.082
-0.175508,0.0,0.074,0.074,0.074
-0.17550400000000002,0.0,0.082,0.082,0.082
-0.17550000000000002,-0.4,0.078,0.078,0.078
-0.175496,-0.2,0.078,0.078,0.078
-0.175492,0.0,0.07,0.07,0.07
-0.175488,-0.2,0.08600000000000001,0.08600000000000001,0.08600000000000001
-0.175484,-0.4,0.082,0.082,0.082
-0.17548000000000002,-0.4,0.09,0.09,0.09
-0.17547600000000002,-0.2,0.082,0.082,0.082
-0.17547200000000002,0.0,0.078,0.078,0.078
-0.175468,0.2,0.082,0.082,0.082
-0.175464,-0.6000000000000001,0.078,0.078,0.078
-0.17546,-0.2,0.07,0.07,0.07
-0.175456,-0.2,0.082,0.082,0.082
-0.175452,0.0,0.078,0.078,0.078
-0.17544800000000002,0.4,0.082,0.082,0.082
-0.17544400000000002,0.0,0.09,0.09,0.09
-0.17544,0.0,0.08600000000000001,0.08600000000000001,0.08600000000000001
-0.175436,-0.6000000000000001,0.078,0.078,0.078
-0.175432,-0.2,0.074,0.074,0.074
-0.175428,0.0,0.082,0.082,0.082
-0.17542400000000002,-0.2,0.078,0.078,0.078
-0.17542000000000002,0.0,0.09,0.09,0.09
-0.17541600000000002,0.0,0.078,0.078,0.078
-0.175412,0.2,0.074,0.074,0.074
-0.175408,0.0,0.078,0.078,0.078
-0.175404,0.2,0.078,0.078,0.078
-0.1754,-0.2,0.078,0.078,0.078
-0.17539600000000002,-0.2,0.08600000000000001,0.08600000000000001,0.08600000000000001
-0.17539200000000002,-0.8,0.082,0.082,0.082
-0.17538800000000002,0.2,0.074,0.074,0.074
-0.175384,-0.4,0.09,0.09,0.09
-0.17538,0.0,0.074,0.074,0.074
-0.175376,-0.4,0.09,0.09,0.09
-0.175372,0.0,0.078,0.078,0.078
-0.17536800000000002,0.2,0.078,0.078,0.078
-0.17536400000000002,-0.2,0.074,0.074,0.074
-0.17536000000000002,-0.2,0.082,0.082,0.082
-0.175356,0.0,0.09,0.09,0.09
-0.175352,0.0,0.082,0.082,0.082
-0.175348,0.2,0.082,0.082,0.082
-0.175344,-0.2,0.082,0.082,0.082
-0.17534000000000002,-0.2,0.078,0.078,0.078
-0.17533600000000002,0.0,0.074,0.074,0.074
-0.17533200000000002,-0.2,0.082,0.082,0.082
-0.175328,0.0,0.078,0.078,0.078
-0.175324,-0.4,0.082,0.082,0.082
-0.17532,-0.2,0.082,0.082,0.082
-0.17531600000000003,0.0,0.078,0.078,0.078
-0.17531200000000002,-0.4,0.082,0.082,0.082
-0.17530800000000002,0.0,0.08600000000000001,0.08600000000000001,0.08600000000000001
-0.17530400000000002,-0.4,0.078,0.078,0.078
-0.1753,-0.2,0.09,0.09,0.09
-0.175296,0.0,0.082,0.082,0.082
-0.175292,0.0,0.082,0.082,0.082
-0.175288,-0.4,0.078,0.078,0.078
-0.17528400000000002,0.0,0.082,0.082,0.082
-0.17528000000000002,0.0,0.082,0.082,0.082
-0.17527600000000002,-0.2,0.078,0.078,0.078
-0.175272,-0.2,0.09,0.09,0.09
-0.175268,0.0,0.09,0.09,0.09
-0.175264,-0.2,0.078,0.078,0.078
-0.17526000000000003,-0.4,0.078,0.078,0.078
-0.17525600000000002,-0.4,0.078,0.078,0.078
-0.17525200000000002,-0.2,0.078,0.078,0.078
-0.17524800000000001,0.2,0.08600000000000001,0.08600000000000001,0.08600000000000001
-0.175244,-0.2,0.08600000000000001,0.08600000000000001,0.08600000000000001
-0.17524,0.0,0.074,0.074,0.074
-0.175236,0.0,0.07,0.07,0.07
-0.175232,0.0,0.082,0.082,0.082
-0.17522800000000002,-0.2,0.082,0.082,0.082
-0.17522400000000002,-0.2,0.082,0.082,0.082
-0.17522000000000001,-0.2,0.078,0.078,0.078
-0.175216,0.0,0.08600000000000001,0.08600000000000001,0.08600000000000001
-0.175212,0.2,0.078,0.078,0.078
-0.175208,0.0,0.082,0.082,0.082
-0.17520400000000003,0.0,0.078,0.078,0.078
-0.17520000000000002,0.2,0.082,0.082,0.082
-0.17519600000000002,0.0,0.09,0.09,0.09
-0.17519200000000001,0.0,0.078,0.078,0.078
-0.175188,-0.2,0.078,0.078,0.078
-0.175184,-0.2,0.078,0.078,0.078
-0.17518,-0.4,0.078,0.078,0.078
-0.175176,-0.4,0.082,0.082,0.082
-0.17517200000000002,-0.2,0.08600000000000001,0.08600000000000001,0.08600000000000001
-0.17516800000000002,0.0,0.074,0.074,0.074
-0.17516400000000001,-0.2,0.074,0.074,0.074
-0.17516,-0.4,0.078,0.078,0.078
-0.175156,0.2,0.082,0.082,0.082
-0.175152,-0.4,0.078,0.078,0.078
-0.17514800000000003,0.0,0.082,0.082,0.082
-0.17514400000000002,-0.2,0.08600000000000001,0.08600000000000001,0.08600000000000001
-0.17514000000000002,0.2,0.082,0.082,0.082
-0.17513600000000001,0.0,0.082,0.082,0.082
-0.175132,0.2,0.094,0.094,0.094
-0.175128,0.2,0.082,0.082,0.082
-0.175124,-0.2,0.08600000000000001,0.08600000000000001,0.08600000000000001
-0.17512,-0.2,0.082,0.082,0.082
-0.17511600000000002,-0.6000000000000001,0.08600000000000001,0.08600000000000001,0.08600000000000001
-0.17511200000000002,-0.2,0.078,0.078,0.078
-0.175108,-0.2,0.082,0.082,0.082
-0.175104,0.0,0.078,0.078,0.078
-0.1751,0.2,0.074,0.074,0.074
-0.175096,0.0,0.082,0.082,0.082
-0.17509200000000003,0.2,0.078,0.078,0.078
-0.17508800000000002,-0.2,0.082,0.082,0.082
-0.17508400000000002,0.2,0.074,0.074,0.074
-0.17508,-0.4,0.082,0.082,0.082
-0.175076,-0.4,0.066,0.066,0.066
-0.175072,0.8,0.082,0.082,0.082
-0.175068,-0.4,0.078,0.078,0.078
-0.175064,-0.4,0.08600000000000001,0.08600000000000001,0.08600000000000001
-0.17506000000000002,-0.2,0.082,0.082,0.082
-0.17505600000000002,-0.2,0.08600000000000001,0.08600000000000001,0.08600000000000001
-0.175052,-0.2,0.074,0.074,0.074
-0.175048,0.0,0.07,0.07,0.07
-0.175044,-0.4,0.078,0.078,0.078
-0.17504,-0.2,0.078,0.078,0.078
-0.17503600000000002,-0.6000000000000001,0.074,0.074,0.074
-0.17503200000000002,0.0,0.082,0.082,0.082
-0.17502800000000002,0.0,0.078,0.078,0.078
-0.175024,0.0,0.082,0.082,0.082
-0.17502,-0.2,0.08600000000000001,0.08600000000000001,0.08600000000000001
-0.175016,0.4,0.078,0.078,0.078
-0.175012,-0.2,0.078,0.078,0.078
-0.175008,-0.4,0.082,0.082,0.082
-0.17500400000000002,0.0,0.082,0.082,0.082
-0.17500000000000002,-0.2,0.078,0.078,0.078
-0.174996,0.0,0.082,0.082,0.082
-0.174992,-0.4,0.078,0.078,0.078
-0.174988,0.0,0.09,0.09,0.09
-0.174984,-0.4,0.08600000000000001,0.08600000000000001,0.08600000000000001
-0.17498000000000002,0.2,0.074,0.074,0.074
-0.17497600000000002,-0.2,0.066,0.066,0.066
-0.17497200000000002,-0.6000000000000001,0.078,0.078,0.078
-0.174968,-0.2,0.094,0.094,0.094
-0.174964,-0.4,0.082,0.082,0.082
-0.17496,-0.2,0.078,0.078,0.078
-0.174956,0.0,0.082,0.082,0.082
-0.17495200000000002,-0.2,0.078,0.078,0.078
-0.17494800000000002,-0.2,0.078,0.078,0.078
-0.17494400000000002,0.2,0.082,0.082,0.082
-0.17494,-0.2,0.082,0.082,0.082
-0.174936,-0.2,0.078,0.078,0.078
-0.174932,-0.2,0.08600000000000001,0.08600000000000001,0.08600000000000001
-0.174928,0.2,0.082,0.082,0.082
-0.17492400000000002,0.0,0.078,0.078,0.078
-0.17492000000000002,0.0,0.082,0.082,0.082
-0.17491600000000002,0.0,0.078,0.078,0.078
-0.174912,-0.6000000000000001,0.074,0.074,0.074
-0.174908,-0.2,0.082,0.082,0.082
-0.174904,-0.2,0.07,0.07,0.07
-0.1749,0.0,0.09,0.09,0.09
-0.17489600000000002,0.2,0.08600000000000001,0.08600000000000001,0.08600000000000001
-0.17489200000000002,0.0,0.082,0.082,0.082
-0.17488800000000002,0.2,0.078,0.078,0.078
-0.174884,0.0,0.08600000000000001,0.08600000000000001,0.08600000000000001
-0.17488,0.0,0.07,0.07,0.07
-0.174876,0.0,0.078,0.078,0.078
-0.17487200000000003,-0.4,0.074,0.074,0.074
-0.17486800000000002,0.0,0.078,0.078,0.078
-0.17486400000000002,0.2,0.09,0.09,0.09
-0.17486000000000002,-0.4,0.082,0.082,0.082
-0.174856,-0.2,0.082,0.082,0.082
-0.174852,0.4,0.082,0.082,0.082
-0.174848,-0.2,0.08600000000000001,0.08600000000000001,0.08600000000000001
-0.174844,0.4,0.08600000000000001,0.08600000000000001,0.08600000000000001
-0.17484000000000002,-0.2,0.082,0.082,0.082
-0.17483600000000002,-0.2,0.08600000000000001,0.08600000000000001,0.08600000000000001
-0.17483200000000002,-0.2,0.074,0.074,0.074
-0.174828,0.0,0.082,0.082,0.082
-0.174824,0.0,0.082,0.082,0.082
-0.17482,0.2,0.074,0.074,0.074
-0.17481600000000003,0.0,0.074,0.074,0.074
-0.17481200000000002,0.2,0.078,0.078,0.078
-0.17480800000000002,0.0,0.078,0.078,0.078
-0.17480400000000001,-0.2,0.078,0.078,0.078
-0.1748,-0.4,0.078,0.078,0.078
-0.174796,-0.8,0.074,0.074,0.074
-0.174792,-0.2,0.078,0.078,0.078
-0.174788,0.0,0.082,0.082,0.082
-0.17478400000000002,-0.2,0.09,0.09,0.09
-0.17478000000000002,-0.2,0.082,0.082,0.082
-0.17477600000000001,-0.2,0.078,0.078,0.078
-0.174772,0.2,0.07,0.07,0.07
-0.174768,0.0,0.082,0.082,0.082
-0.174764,0.0,0.074,0.074,0.074
-0.17476000000000003,-0.4,0.078,0.078,0.078
-0.17475600000000002,-0.4,0.078,0.078,0.078
-0.17475200000000002,0.0,0.09,0.09,0.09
-0.17474800000000001,-0.6000000000000001,0.07,0.07,0.07
-0.174744,-0.4,0.094,0.094,0.094
-0.17474,-0.2,0.078,0.078,0.078
-0.174736,0.0,0.078,0.078,0.078
-0.174732,-0.2,0.08600000000000001,0.08600000000000001,0.08600000000000001
-0.17472800000000002,-0.4,0.074,0.074,0.074
-0.17472400000000002,0.0,0.074,0.074,0.074
-0.17472000000000001,-0.6000000000000001,0.078,0.078,0.078
-0.174716,0.2,0.074,0.074,0.074
-0.174712,-0.2,0.074,0.074,0.074
-0.174708,-0.2,0.08600000000000001,0.08600000000000001,0.08600000000000001
-0.17470400000000003,0.0,0.074,0.074,0.074
-0.17470000000000002,0.2,0.08600000000000001,0.08600000000000001,0.08600000000000001
-0.17469600000000002,0.0,0.082,0.082,0.082
-0.17469200000000001,-0.6000000000000001,0.078,0.078,0.078
-0.174688,0.0,0.074,0.074,0.074
-0.174684,-0.2,0.08600000000000001,0.08600000000000001,0.08600000000000001
-0.17468,0.0,0.082,0.082,0.082
-0.174676,-0.2,0.082,0.082,0.082
-0.17467200000000002,0.0,0.078,0.078,0.078
-0.17466800000000002,0.0,0.074,0.074,0.074
-0.174664,0.0,0.08600000000000001,0.08600000000000001,0.08600000000000001
-0.17466,-0.4,0.078,0.078,0.078
-0.174656,0.0,0.078,0.078,0.078
-0.174652,-0.4,0.066,0.066,0.066
-0.17464800000000003,-0.2,0.078,0.078,0.078
-0.17464400000000002,-0.2,0.09,0.09,0.09
-0.17464000000000002,0.0,0.074,0.074,0.074
-0.174636,-0.2,0.078,0.078,0.078
-0.174632,-0.4,0.08600000000000001,0.08600000000000001,0.08600000000000001
-0.174628,-0.4,0.066,0.066,0.066
-0.174624,-0.4,0.074,0.074,0.074
-0.17462,-0.2,0.08600000000000001,0.08600000000000001,0.08600000000000001
-0.17461600000000002,0.0,0.082,0.082,0.082
-0.17461200000000002,-0.2,0.074,0.074,0.074
-0.174608,0.0,0.074,0.074,0.074
-0.174604,-0.2,0.07,0.07,0.07
-0.1746,-0.2,0.09,0.09,0.09
-0.174596,0.2,0.082,0.082,0.082
-0.17459200000000002,-0.2,0.07,0.07,0.07
-0.17458800000000002,0.2,0.082,0.082,0.082
-0.17458400000000002,0.0,0.09,0.09,0.09
-0.17458,0.4,0.098,0.098,0.098
-0.174576,-0.2,0.082,0.082,0.082
-0.174572,0.0,0.074,0.074,0.074
-0.174568,0.4,0.074,0.074,0.074
-0.174564,0.0,0.082,0.082,0.082
-0.17456000000000002,0.0,0.074,0.074,0.074
-0.17455600000000002,-0.2,0.07,0.07,0.07
-0.174552,-0.6000000000000001,0.082,0.082,0.082
-0.174548,-0.2,0.082,0.082,0.082
-0.174544,0.0,0.082,0.082,0.082
-0.17454,0.0,0.08600000000000001,0.08600000000000001,0.08600000000000001
-0.17453600000000002,0.0,0.08600000000000001,0.08600000000000001,0.08600000000000001
-0.17453200000000002,-0.2,0.078,0.078,0.078
-0.17452800000000002,-0.2,0.08600000000000001,0.08600000000000001,0.08600000000000001
-0.174524,0.2,0.09,0.09,0.09
-0.17452,0.2,0.09,0.09,0.09
-0.174516,-0.2,0.08600000000000001,0.08600000000000001,0.08600000000000001
-0.174512,-0.2,0.078,0.078,0.078
-0.17450800000000002,-0.2,0.082,0.082,0.082
-0.17450400000000002,0.0,0.074,0.074,0.074
-0.17450000000000002,-0.2,0.078,0.078,0.078
-0.174496,-0.4,0.078,0.078,0.078
-0.174492,0.4,0.074,0.074,0.074
-0.174488,-0.2,0.074,0.074,0.074
-0.174484,-0.2,0.074,0.074,0.074
-0.17448000000000002,-0.2,0.08600000000000001,0.08600000000000001,0.08600000000000001
-0.17447600000000002,0.0,0.082,0.082,0.082
-0.17447200000000002,0.2,0.078,0.078,0.078
-0.174468,-0.4,0.078,0.078,0.078
-0.174464,0.0,0.078,0.078,0.078
-0.17446,-0.2,0.09,0.09,0.09
-0.174456,0.0,0.066,0.066,0.066
-0.17445200000000002,-0.2,0.07,0.07,0.07
-0.17444800000000002,-0.2,0.082,0.082,0.082
-0.17444400000000002,-0.4,0.082,0.082,0.082
-0.17444,-0.8,0.074,0.074,0.074
-0.174436,-0.6000000000000001,0.082,0.082,0.082
-0.174432,0.2,0.08600000000000001,0.08600000000000001,0.08600000000000001
-0.17442800000000003,-0.4,0.09,0.09,0.09
-0.17442400000000002,-0.2,0.074,0.074,0.074
-0.17442000000000002,-0.2,0.078,0.078,0.078
-0.17441600000000002,0.2,0.09,0.09,0.09
-0.174412,-0.2,0.082,0.082,0.082
-0.174408,-0.2,0.08600000000000001,0.08600000000000001,0.08600000000000001
-0.174404,-0.2,0.08600000000000001,0.08600000000000001,0.08600000000000001
-0.1744,-0.2,0.082,0.082,0.082
-0.17439600000000002,0.0,0.082,0.082,0.082
-0.17439200000000002,0.4,0.082,0.082,0.082
-0.17438800000000002,-0.2,0.08600000000000001,0.08600000000000001,0.08600000000000001
-0.174384,-0.2,0.078,0.078,0.078
-0.17438,0.0,0.08600000000000001,0.08600000000000001,0.08600000000000001
-0.174376,0.0,0.082,0.082,0.082
-0.17437200000000003,0.2,0.078,0.078,0.078
-0.17436800000000002,0.0,0.074,0.074,0.074
-0.17436400000000002,0.2,0.082,0.082,0.082
-0.17436000000000001,-0.6000000000000001,0.078,0.078,0.078
-0.174356,-0.2,0.082,0.082,0.082
-0.174352,0.0,0.08600000000000001,0.08600000000000001,0.08600000000000001
-0.174348,-0.4,0.078,0.078,0.078
-0.174344,0.0,0.054,0.054,0.054
-0.17434000000000002,-0.2,0.09,0.09,0.09
-0.17433600000000002,0.0,0.078,0.078,0.078
-0.17433200000000001,0.0,0.08600000000000001,0.08600000000000001,0.08600000000000001
-0.174328,-0.4,0.082,0.082,0.082
-0.174324,0.0,0.082,0.082,0.082
-0.17432,0.2,0.078,0.078,0.078
-0.17431600000000003,-0.2,0.074,0.074,0.074
-0.17431200000000002,-0.4,0.082,0.082,0.082
-0.17430800000000002,0.0,0.078,0.078,0.078
-0.17430400000000001,-0.4,0.07,0.07,0.07
-0.1743,0.0,0.074,0.074,0.074
-0.174296,0.0,0.082,0.082,0.082
-0.174292,-0.4,0.078,0.078,0.078
-0.174288,-0.2,0.082,0.082,0.082
-0.17428400000000002,-0.2,0.078,0.078,0.078
-0.17428000000000002,-0.4,0.078,0.078,0.078
-0.17427600000000001,-0.4,0.09,0.09,0.09
-0.174272,-0.2,0.094,0.094,0.094
-0.174268,-0.2,0.07,0.07,0.07
-0.174264,-0.2,0.07,0.07,0.07
-0.17426000000000003,0.0,0.082,0.082,0.082
-0.17425600000000002,0.6000000000000001,0.082,0.082,0.082
-0.17425200000000002,-0.2,0.078,0.078,0.078
-0.17424800000000001,0.0,0.08600000000000001,0.08600000000000001,0.08600000000000001
-0.174244,0.0,0.074,0.074,0.074
-0.17424,-0.2,0.08600000000000001,0.08600000000000001,0.08600000000000001
-0.174236,-0.2,0.074,0.074,0.074
-0.174232,0.0,0.078,0.078,0.078
-0.17422800000000002,0.2,0.09,0.09,0.09
-0.17422400000000002,0.2,0.082,0.082,0.082
-0.17422,0.0,0.078,0.078,0.078
-0.174216,0.2,0.074,0.074,0.074
-0.174212,-0.4,0.082,0.082,0.082
-0.174208,0.0,0.082,0.082,0.082
-0.17420400000000003,0.0,0.08600000000000001,0.08600000000000001,0.08600000000000001
-0.17420000000000002,0.4,0.074,0.074,0.074
-0.17419600000000002,0.4,0.09,0.09,0.09
-0.174192,-0.4,0.078,0.078,0.078
-0.174188,-0.4,0.08600000000000001,0.08600000000000001,0.08600000000000001
-0.174184,-0.2,0.07,0.07,0.07
-0.17418,-0.2,0.082,0.082,0.082
-0.174176,0.0,0.08600000000000001,0.08600000000000001,0.08600000000000001
-0.17417200000000002,-0.2,0.078,0.078,0.078
-0.17416800000000002,-0.2,0.074,0.074,0.074
-0.174164,0.0,0.082,0.082,0.082
-0.17416,-0.2,0.082,0.082,0.082
-0.174156,0.0,0.078,0.078,0.078
-0.174152,0.0,0.078,0.078,0.078
-0.17414800000000003,0.0,0.074,0.074,0.074
-0.17414400000000002,-0.2,0.08600000000000001,0.08600000000000001,0.08600000000000001
-0.17414000000000002,-0.2,0.078,0.078,0.078
-0.174136,-0.2,0.074,0.074,0.074
-0.174132,0.2,0.074,0.074,0.074
-0.174128,0.0,0.082,0.082,0.082
-0.174124,0.2,0.074,0.074,0.074
-0.17412,-0.8,0.078,0.078,0.078
-0.17411600000000002,0.2,0.078,0.078,0.078
-0.17411200000000002,0.2,0.078,0.078,0.078
-0.174108,-0.2,0.074,0.074,0.074
-0.174104,-0.2,0.078,0.078,0.078
-0.1741,0.0,0.07,0.07,0.07
-0.174096,0.0,0.082,0.082,0.082
-0.17409200000000002,-0.2,0.078,0.078,0.078
-0.17408800000000002,-0.2,0.074,0.074,0.074
-0.17408400000000002,-0.4,0.07,0.07,0.07
-0.17408,-0.4,0.082,0.082,0.082
-0.174076,-0.4,0.078,0.078,0.078
-0.174072,-0.4,0.078,0.078,0.078
-0.174068,0.0,0.074,0.074,0.074
-0.17406400000000002,-0.2,0.08600000000000001,0.08600000000000001,0.08600000000000001
-0.17406000000000002,-0.2,0.078,0.078,0.078
-0.17405600000000002,0.0,0.078,0.078,0.078
-0.174052,0.0,0.078,0.078,0.078
-0.174048,-0.2,0.07,0.07,0.07
-0.174044,-0.2,0.078,0.078,0.078
-0.17404,-0.2,0.078,0.078,0.078
-0.17403600000000002,-0.2,0.082,0.082,0.082
-0.17403200000000002,-0.4,0.082,0.082,0.082
-0.17402800000000002,0.2,0.082,0.082,0.082
-0.174024,-0.2,0.082,0.082,0.082
-0.17402,-0.2,0.08600000000000001,0.08600000000000001,0.08600000000000001
-0.174016,-0.4,0.066,0.066,0.066
-0.174012,-0.2,0.082,0.082,0.082
-0.17400800000000002,-0.2,0.08600000000000001,0.08600000000000001,0.08600000000000001
-0.17400400000000002,0.0,0.066,0.066,0.066
-0.17400000000000002,0.4,0.08600000000000001,0.08600000000000001,0.08600000000000001
-0.173996,0.0,0.078,0.078,0.078
-0.173992,-0.2,0.082,0.082,0.082
-0.173988,-0.2,0.078,0.078,0.078
-0.17398400000000003,-0.2,0.078,0.078,0.078
-0.17398000000000002,-0.2,0.082,0.082,0.082
-0.17397600000000002,-0.2,0.082,0.082,0.082
-0.17397200000000002,0.0,0.078,0.078,0.078
-0.173968,-0.6000000000000001,0.082,0.082,0.082
-0.173964,0.0,0.078,0.078,0.078
-0.17396,0.2,0.074,0.074,0.074
-0.173956,-0.6000000000000001,0.09,0.09,0.09
-0.17395200000000002,-0.2,0.074,0.074,0.074
-0.17394800000000002,0.2,0.082,0.082,0.082
-0.17394400000000002,0.0,0.082,0.082,0.082
-0.17394,0.0,0.078,0.078,0.078
-0.173936,0.0,0.09,0.09,0.09
-0.173932,-0.2,0.08600000000000001,0.08600000000000001,0.08600000000000001
-0.17392800000000003,-0.2,0.078,0.078,0.078
-0.17392400000000002,-0.2,0.082,0.082,0.082
-0.17392000000000002,-0.2,0.082,0.082,0.082
-0.17391600000000002,-0.6000000000000001,0.08600000000000001,0.08600000000000001,0.08600000000000001
-0.173912,0.0,0.08600000000000001,0.08600000000000001,0.08600000000000001
-0.173908,-0.2,0.078,0.078,0.078
-0.173904,-0.2,0.094,0.094,0.094
-0.1739,-0.2,0.094,0.094,0.094
-0.17389600000000002,-0.2,0.082,0.082,0.082
-0.17389200000000002,0.0,0.082,0.082,0.082
-0.17388800000000001,0.0,0.078,0.078,0.078
-0.173884,-0.2,0.09,0.09,0.09
-0.17388,-0.4,0.082,0.082,0.082
-0.173876,0.0,0.082,0.082,0.082
-0.17387200000000003,-0.2,0.078,0.078,0.078
-0.17386800000000002,-0.4,0.078,0.078,0.078
-0.17386400000000002,-0.2,0.074,0.074,0.074
-0.17386000000000001,-0.2,0.078,0.078,0.078
-0.173856,0.0,0.078,0.078,0.078
-0.173852,-0.4,0.082,0.082,0.082
-0.173848,-0.2,0.08600000000000001,0.08600000000000001,0.08600000000000001
-0.173844,-0.4,0.082,0.082,0.082
-0.17384000000000002,-0.4,0.082,0.082,0.082
-0.17383600000000002,-0.2,0.078,0.078,0.078
-0.17383200000000001,-0.6000000000000001,0.078,0.078,0.078
-0.173828,-0.2,0.074,0.074,0.074
-0.173824,0.4,0.08600000000000001,0.08600000000000001,0.08600000000000001
-0.17382,0.2,0.074,0.074,0.074
-0.17381600000000003,-0.2,0.08600000000000001,0.08600000000000001,0.08600000000000001
-0.17381200000000002,-0.2,0.078,0.078,0.078
-0.17380800000000002,-0.2,0.08600000000000001,0.08600000000000001,0.08600000000000001
-0.17380400000000001,-0.2,0.094,0.094,0.094
-0.1738,0.4,0.074,0.074,0.074
-0.173796,0.0,0.082,0.082,0.082
-0.173792,0.0,0.074,0.074,0.074
-0.173788,0.0,0.082,0.082,0.082
-0.17378400000000002,-0.2,0.074,0.074,0.074
-0.17378000000000002,0.0,0.082,0.082,0.082
-0.173776,-0.6000000000000001,0.078,0.078,0.078
-0.173772,-0.2,0.074,0.074,0.074
-0.173768,-0.4,0.074,0.074,0.074
-0.173764,-0.2,0.082,0.082,0.082
-0.17376000000000003,-0.2,0.082,0.082,0.082
-0.17375600000000002,-0.2,0.08600000000000001,0.08600000000000001,0.08600000000000001
-0.17375200000000002,0.0,0.078,0.078,0.078
-0.173748,0.0,0.082,0.082,0.082
-0.173744,-0.4,0.082,0.082,0.082
-0.17374,-0.6000000000000001,0.082,0.082,0.082
-0.173736,0.0,0.074,0.074,0.074
-0.173732,-0.2,0.074,0.074,0.074
-0.17372800000000002,-0.4,0.078,0.078,0.078
-0.17372400000000002,-0.2,0.078,0.078,0.078
-0.17372,-0.6000000000000001,0.08600000000000001,0.08600000000000001,0.08600000000000001
-0.173716,-0.4,0.082,0.082,0.082
-0.173712,-0.2,0.078,0.078,0.078
-0.173708,0.0,0.08600000000000001,0.08600000000000001,0.08600000000000001
-0.17370400000000003,-0.6000000000000001,0.074,0.074,0.074
-0.17370000000000002,-0.4,0.078,0.078,0.078
-0.17369600000000002,-0.2,0.09,0.09,0.09
-0.173692,-0.4,0.082,0.082,0.082
-0.173688,0.0,0.08600000000000001,0.08600000000000001,0.08600000000000001
-0.173684,0.4,0.07,0.07,0.07
-0.17368,0.0,0.078,0.078,0.078
-0.173676,-0.2,0.09,0.09,0.09
-0.17367200000000002,0.0,0.08600000000000001,0.08600000000000001,0.08600000000000001
-0.17366800000000002,0.0,0.08600000000000001,0.08600000000000001,0.08600000000000001
-0.173664,-0.4,0.078,0.078,0.078
-0.17366,-0.2,0.082,0.082,0.082
-0.173656,0.2,0.066,0.066,0.066
-0.173652,0.4,0.082,0.082,0.082
-0.17364800000000002,-0.2,0.08600000000000001,0.08600000000000001,0.08600000000000001
-0.17364400000000002,-0.4,0.082,0.082,0.082
-0.17364000000000002,-0.4,0.082,0.082,0.082
-0.173636,-0.2,0.082,0.082,0.082
-0.173632,0.0,0.082,0.082,0.082
-0.173628,0.2,0.09,0.09,0.09
-0.173624,0.0,0.082,0.082,0.082
-0.17362000000000002,-0.2,0.09,0.09,0.09
-0.17361600000000002,-0.2,0.082,0.082,0.082
-0.17361200000000002,0.0,0.074,0.074,0.074
-0.173608,0.0,0.082,0.082,0.082
-0.173604,-0.4,0.07,0.07,0.07
-0.1736,0.2,0.094,0.094,0.094
-0.173596,0.0,0.08600000000000001,0.08600000000000001,0.08600000000000001
-0.17359200000000002,-0.4,0.074,0.074,0.074
-0.17358800000000002,-0.8,0.074,0.074,0.074
-0.17358400000000002,0.0,0.082,0.082,0.082
-0.17358,0.0,0.082,0.082,0.082
-0.173576,-0.2,0.08600000000000001,0.08600000000000001,0.08600000000000001
-0.173572,-0.2,0.078,0.078,0.078
-0.173568,-0.2,0.09,0.09,0.09
-0.17356400000000002,-0.2,0.078,0.078,0.078
-0.17356000000000002,0.0,0.078,0.078,0.078
-0.17355600000000002,-0.6000000000000001,0.078,0.078,0.078
-0.173552,-0.2,0.082,0.082,0.082
-0.173548,0.0,0.082,0.082,0.082
-0.173544,0.6000000000000001,0.07,0.07,0.07
-0.17354000000000003,0.0,0.078,0.078,0.078
-0.17353600000000002,-0.4,0.082,0.082,0.082
-0.17353200000000002,0.0,0.078,0.078,0.078
-0.17352800000000002,-0.6000000000000001,0.082,0.082,0.082
-0.173524,-0.4,0.078,0.078,0.078
-0.17352,-0.2,0.082,0.082,0.082
-0.173516,-0.2,0.078,0.078,0.078
-0.173512,-0.2,0.082,0.082,0.082
-0.17350800000000002,-0.2,0.08600000000000001,0.08600000000000001,0.08600000000000001
-0.17350400000000002,0.2,0.082,0.082,0.082
-0.17350000000000002,-0.2,0.082,0.082,0.082
-0.173496,-0.4,0.078,0.078,0.078
-0.173492,-0.2,0.09,0.09,0.09
-0.173488,-0.2,0.074,0.074,0.074
-0.17348400000000003,-0.2,0.078,0.078,0.078
-0.17348000000000002,-0.2,0.078,0.078,0.078
-0.17347600000000002,0.0,0.08600000000000001,0.08600000000000001,0.08600000000000001
-0.17347200000000002,-0.2,0.08600000000000001,0.08600000000000001,0.08600000000000001
-0.173468,0.0,0.074,0.074,0.074
-0.173464,-0.4,0.078,0.078,0.078
-0.17346,0.0,0.078,0.078,0.078
-0.173456,0.6000000000000001,0.08600000000000001,0.08600000000000001,0.08600000000000001
-0.17345200000000002,0.4,0.082,0.082,0.082
-0.17344800000000002,0.2,0.074,0.074,0.074
-0.17344400000000001,0.2,0.074,0.074,0.074
-0.17344,-0.4,0.082,0.082,0.082
-0.173436,-0.2,0.08600000000000001,0.08600000000000001,0.08600000000000001
-0.173432,-0.2,0.07,0.07,0.07
-0.17342800000000003,0.2,0.082,0.082,0.082
-0.17342400000000002,0.0,0.082,0.082,0.082
-0.17342000000000002,-0.2,0.078,0.078,0.078
-0.17341600000000001,0.0,0.074,0.074,0.074
-0.173412,-0.2,0.074,0.074,0.074
-0.173408,-0.6000000000000001,0.09,0.09,0.09
-0.173404,0.4,0.082,0.082,0.082
-0.1734,-0.4,0.078,0.078,0.078
-0.17339600000000002,-0.2,0.078,0.078,0.078
-0.17339200000000002,0.0,0.074,0.074,0.074
-0.17338800000000001,-0.2,0.078,0.078,0.078
-0.173384,0.0,0.074,0.074,0.074
-0.17338,-0.2,0.082,0.082,0.082
-0.173376,0.0,0.082,0.082,0.082
-0.17337200000000003,-0.4,0.08600000000000001,0.08600000000000001,0.08600000000000001
-0.17336800000000002,-0.2,0.074,0.074,0.074
-0.17336400000000002,-0.2,0.074,0.074,0.074
-0.17336000000000001,-0.2,0.078,0.078,0.078
-0.173356,0.0,0.08600000000000001,0.08600000000000001,0.08600000000000001
-0.173352,-0.2,0.078,0.078,0.078
-0.173348,-0.4,0.074,0.074,0.074
-0.173344,0.0,0.082,0.082,0.082
-0.17334000000000002,-0.2,0.08600000000000001,0.08600000000000001,0.08600000000000001
-0.17333600000000002,0.0,0.078,0.078,0.078
-0.173332,0.4,0.078,0.078,0.078
-0.173328,-0.2,0.078,0.078,0.078
-0.173324,-0.4,0.08600000000000001,0.08600000000000001,0.08600000000000001
-0.17332,-0.2,0.078,0.078,0.078
-0.17331600000000003,0.0,0.078,0.078,0.078
-0.17331200000000002,0.0,0.074,0.074,0.074
-0.17330800000000002,0.0,0.078,0.078,0.078
-0.173304,0.0,0.07,0.07,0.07
-0.1733,-0.4,0.078,0.078,0.078
-0.173296,0.0,0.082,0.082,0.082
-0.173292,-0.4,0.082,0.082,0.082
-0.173288,-0.2,0.082,0.082,0.082
-0.17328400000000002,0.2,0.078,0.078,0.078
-0.17328000000000002,0.0,0.082,0.082,0.082
-0.173276,-0.2,0.08600000000000001,0.08600000000000001,0.08600000000000001
-0.173272,-0.2,0.078,0.078,0.078
-0.173268,-0.2,0.066,0.066,0.066
-0.173264,0.2,0.08600000000000001,0.08600000000000001,0.08600000000000001
-0.17326000000000003,-0.4,0.078,0.078,0.078
-0.17325600000000002,-0.2,0.074,0.074,0.074
-0.17325200000000002,0.2,0.082,0.082,0.082
-0.173248,-0.4,0.082,0.082,0.082
-0.173244,-0.4,0.082,0.082,0.082
-0.17324,0.0,0.074,0.074,0.074
-0.173236,-0.4,0.08600000000000001,0.08600000000000001,0.08600000000000001
-0.173232,-0.2,0.074,0.074,0.074
-0.17322800000000002,-0.2,0.074,0.074,0.074
-0.17322400000000002,0.2,0.082,0.082,0.082
-0.17322,0.0,0.066,0.066,0.066
-0.173216,-0.2,0.082,0.082,0.082
-0.173212,0.2,0.078,0.078,0.078
-0.173208,-0.4,0.07,0.07,0.07
-0.17320400000000002,-0.2,0.074,0.074,0.074
-0.17320000000000002,0.0,0.074,0.074,0.074
-0.17319600000000002,0.2,0.082,0.082,0.082
-0.173192,-0.2,0.08600000000000001,0.08600000000000001,0.08600000000000001
-0.173188,-0.4,0.074,0.074,0.074
-0.173184,0.2,0.078,0.078,0.078
-0.17318,0.2,0.08600000000000001,0.08600000000000001,0.08600000000000001
-0.17317600000000002,0.0,0.082,0.082,0.082
-0.17317200000000002,-0.2,0.082,0.082,0.082
-0.17316800000000002,-0.6000000000000001,0.07,0.07,0.07
-0.173164,-0.2,0.078,0.078,0.078
-0.17316,-0.2,0.082,0.082,0.082
-0.173156,0.0,0.082,0.082,0.082
-0.173152,-0.4,0.074,0.074,0.074
-0.17314800000000002,-0.2,0.09,0.09,0.09
-0.17314400000000002,-0.2,0.082,0.082,0.082
-0.17314000000000002,0.0,0.078,0.078,0.078
-0.173136,0.0,0.09,0.09,0.09
-0.173132,-0.2,0.082,0.082,0.082
-0.173128,0.0,0.07,0.07,0.07
-0.173124,-0.2,0.08600000000000001,0.08600000000000001,0.08600000000000001
-0.17312000000000002,-0.4,0.094,0.094,0.094
-0.17311600000000002,-0.2,0.082,0.082,0.082
-0.17311200000000002,-0.6000000000000001,0.078,0.078,0.078
-0.173108,-0.2,0.082,0.082,0.082
-0.173104,-0.2,0.08600000000000001,0.08600000000000001,0.08600000000000001
-0.1731,-0.4,0.082,0.082,0.082
-0.17309600000000003,-0.2,0.074,0.074,0.074
-0.17309200000000002,-0.2,0.074,0.074,0.074
-0.17308800000000002,0.4,0.08600000000000001,0.08600000000000001,0.08600000000000001
-0.17308400000000002,-0.4,0.082,0.082,0.082
-0.17308,-0.2,0.078,0.078,0.078
-0.173076,-0.2,0.082,0.082,0.082
-0.173072,-0.4,0.082,0.082,0.082
-0.173068,-0.2,0.074,0.074,0.074
-0.17306400000000002,-0.2,0.08600000000000001,0.08600000000000001,0.08600000000000001
-0.17306000000000002,0.0,0.074,0.074,0.074
-0.17305600000000002,-0.2,0.082,0.082,0.082
-0.173052,-0.2,0.082,0.082,0.082
-0.173048,-0.2,0.062,0.062,0.062
-0.173044,-0.2,0.082,0.082,0.082
-0.17304000000000003,0.0,0.09,0.09,0.09
-0.17303600000000002,-0.4,0.082,0.082,0.082
-0.17303200000000002,-0.4,0.082,0.082,0.082
-0.17302800000000002,-0.2,0.082,0.082,0.082
-0.173024,0.0,0.07,0.07,0.07
-0.17302,0.0,0.082,0.082,0.082
-0.173016,-0.4,0.078,0.078,0.078
-0.173012,0.0,0.078,0.078,0.078
-0.17300800000000002,-0.2,0.078,0.078,0.078
-0.17300400000000002,0.0,0.082,0.082,0.082
-0.17300000000000001,-0.4,0.078,0.078,0.078
-0.172996,-0.4,0.074,0.074,0.074
-0.172992,0.2,0.08600000000000001,0.08600000000000001,0.08600000000000001
-0.172988,0.0,0.082,0.082,0.082
-0.17298400000000003,-0.2,0.078,0.078,0.078
-0.17298000000000002,-0.4,0.08600000000000001,0.08600000000000001,0.08600000000000001
-0.17297600000000002,0.0,0.082,0.082,0.082
-0.17297200000000001,-0.4,0.082,0.082,0.082
-0.172968,-0.2,0.078,0.078,0.078
-0.172964,0.0,0.094,0.094,0.094
-0.17296,-0.2,0.082,0.082,0.082
-0.172956,0.0,0.074,0.074,0.074
-0.17295200000000002,-0.2,0.078,0.078,0.078
-0.17294800000000002,0.2,0.07,0.07,0.07
-0.17294400000000001,-0.4,0.082,0.082,0.082
-0.17294,-0.2,0.074,0.074,0.074
-0.172936,0.0,0.082,0.082,0.082
-0.172932,-0.2,0.078,0.078,0.078
-0.17292800000000003,-0.2,0.078,0.078,0.078
-0.17292400000000002,0.0,0.074,0.074,0.074
-0.17292000000000002,-0.4,0.078,0.078,0.078
-0.17291600000000001,-0.4,0.078,0.078,0.078
-0.172912,-0.4,0.08600000000000001,0.08600000000000001,0.08600000000000001
-0.172908,0.2,0.078,0.078,0.078
-0.172904,0.0,0.074,0.074,0.074
-0.1729,0.0,0.08600000000000001,0.08600000000000001,0.08600000000000001
-0.17289600000000002,-0.2,0.074,0.074,0.074
-0.17289200000000002,-0.4,0.08600000000000001,0.08600000000000001,0.08600000000000001
-0.17288800000000001,0.2,0.078,0.078,0.078
-0.172884,-0.4,0.082,0.082,0.082
-0.17288,-0.2,0.074,0.074,0.074
-0.172876,-0.2,0.07,0.07,0.07
-0.17287200000000003,-0.2,0.08600000000000001,0.08600000000000001,0.08600000000000001
-0.17286800000000002,0.0,0.082,0.082,0.082
-0.17286400000000002,0.0,0.078,0.078,0.078
-0.17286,0.0,0.082,0.082,0.082
-0.172856,0.0,0.078,0.078,0.078
-0.172852,0.0,0.09,0.09,0.09
-0.172848,0.0,0.078,0.078,0.078
-0.172844,-0.2,0.082,0.082,0.082
-0.17284000000000002,0.0,0.09,0.09,0.09
-0.17283600000000002,0.0,0.082,0.082,0.082
-0.172832,-0.4,0.074,0.074,0.074
-0.172828,-0.6000000000000001,0.074,0.074,0.074
-0.172824,0.0,0.078,0.078,0.078
-0.17282,-0.4,0.078,0.078,0.078
-0.17281600000000003,-0.6000000000000001,0.078,0.078,0.078
-0.17281200000000002,-0.2,0.078,0.078,0.078
-0.17280800000000002,-0.2,0.078,0.078,0.078
-0.172804,-0.6000000000000001,0.074,0.074,0.074
-0.1728,-0.2,0.09,0.09,0.09
-0.172796,0.2,0.078,0.078,0.078
-0.172792,-0.2,0.074,0.074,0.074
-0.172788,-0.2,0.078,0.078,0.078
-0.17278400000000002,-0.2,0.08600000000000001,0.08600000000000001,0.08600000000000001
-0.17278000000000002,0.0,0.078,0.078,0.078
-0.172776,-0.2,0.08600000000000001,0.08600000000000001,0.08600000000000001
-0.172772,0.0,0.08600000000000001,0.08600000000000001,0.08600000000000001
-0.172768,-0.2,0.078,0.078,0.078
-0.172764,-0.4,0.074,0.074,0.074
-0.17276000000000002,-0.2,0.078,0.078,0.078
-0.17275600000000002,-0.2,0.078,0.078,0.078
-0.17275200000000002,0.2,0.074,0.074,0.074
-0.172748,-0.4,0.078,0.078,0.078
-0.172744,0.0,0.08600000000000001,0.08600000000000001,0.08600000000000001
-0.17274,0.0,0.082,0.082,0.082
-0.172736,-0.4,0.082,0.082,0.082
-0.17273200000000002,0.0,0.082,0.082,0.082
-0.17272800000000002,-0.2,0.082,0.082,0.082
-0.17272400000000002,-0.4,0.074,0.074,0.074
-0.17272,-0.2,0.078,0.078,0.078
-0.172716,-0.2,0.074,0.074,0.074
-0.172712,0.2,0.082,0.082,0.082
-0.172708,0.2,0.08600000000000001,0.08600000000000001,0.08600000000000001
-0.17270400000000002,0.0,0.074,0.074,0.074
-0.17270000000000002,0.0,0.082,0.082,0.082
-0.17269600000000002,-0.4,0.082,0.082,0.082
-0.172692,0.2,0.082,0.082,0.082
-0.172688,-0.2,0.082,0.082,0.082
-0.172684,0.0,0.08600000000000001,0.08600000000000001,0.08600000000000001
-0.17268,-0.2,0.078,0.078,0.078
-0.17267600000000002,-0.2,0.078,0.078,0.078
-0.17267200000000002,-0.4,0.08600000000000001,0.08600000000000001,0.08600000000000001
-0.17266800000000002,0.2,0.07,0.07,0.07
-0.172664,0.0,0.082,0.082,0.082
-0.17266,-0.2,0.08600000000000001,0.08600000000000001,0.08600000000000001
-0.172656,-0.2,0.074,0.074,0.074
-0.17265200000000003,-0.4,0.082,0.082,0.082
-0.17264800000000002,-0.2,0.082,0.082,0.082
-0.17264400000000002,0.0,0.082,0.082,0.082
-0.17264000000000002,-0.2,0.082,0.082,0.082
-0.172636,-0.2,0.078,0.078,0.078
-0.172632,0.2,0.082,0.082,0.082
-0.172628,-0.2,0.094,0.094,0.094
-0.172624,-0.6000000000000001,0.078,0.078,0.078
-0.17262000000000002,0.0,0.074,0.074,0.074
-0.17261600000000002,-0.4,0.082,0.082,0.082
-0.17261200000000002,0.2,0.074,0.074,0.074
-0.172608,-0.2,0.09,0.09,0.09
-0.172604,-0.2,0.082,0.082,0.082
-0.1726,-0.4,0.078,0.078,0.078
-0.17259600000000003,-0.2,0.08600000000000001,0.08600000000000001,0.08600000000000001
-0.17259200000000002,-0.2,0.082,0.082,0.082
-0.17258800000000002,0.2,0.074,0.074,0.074
-0.17258400000000002,-0.2,0.074,0.074,0.074
-0.17258,-0.2,0.082,0.082,0.082
-0.172576,0.0,0.074,0.074,0.074
-0.172572,-0.2,0.074,0.074,0.074
-0.172568,0.0,0.08600000000000001,0.08600000000000001,0.08600000000000001
-0.17256400000000002,-0.4,0.078,0.078,0.078
-0.17256000000000002,0.2,0.082,0.082,0.082
-0.17255600000000001,0.0,0.08600000000000001,0.08600000000000001,0.08600000000000001
-0.172552,-0.4,0.08600000000000001,0.08600000000000001,0.08600000000000001
-0.172548,-0.2,0.078,0.078,0.078
-0.172544,0.2,0.078,0.078,0.078
-0.17254000000000003,-0.4,0.082,0.082,0.082
-0.17253600000000002,-0.2,0.078,0.078,0.078
-0.17253200000000002,0.0,0.082,0.082,0.082
-0.17252800000000001,-0.4,0.074,0.074,0.074
-0.172524,-0.2,0.074,0.074,0.074
-0.17252,-0.6000000000000001,0.082,0.082,0.082
-0.172516,-0.2,0.078,0.078,0.078
-0.172512,0.2,0.082,0.082,0.082
-0.17250800000000002,0.2,0.08600000000000001,0.08600000000000001,0.08600000000000001
-0.17250400000000002,-0.2,0.078,0.078,0.078
-0.17250000000000001,-0.2,0.074,0.074,0.074
-0.172496,0.0,0.08600000000000001,0.08600000000000001,0.08600000000000001
-0.172492,0.0,0.08600000000000001,0.08600000000000001,0.08600000000000001
-0.172488,0.2,0.07,0.07,0.07
-0.17248400000000003,-0.2,0.082,0.082,0.082
-0.17248000000000002,-0.2,0.082,0.082,0.082
-0.17247600000000002,-0.2,0.082,0.082,0.082
-0.17247200000000001,0.0,0.082,0.082,0.082
-0.172468,-0.2,0.08600000000000001,0.08600000000000001,0.08600000000000001
-0.172464,-0.4,0.082,0.082,0.082
-0.17246,-0.2,0.07,0.07,0.07
-0.172456,0.0,0.082,0.082,0.082
-0.17245200000000002,0.0,0.078,0.078,0.078
-0.17244800000000002,-0.2,0.078,0.078,0.078
-0.17244400000000001,0.0,0.074,0.074,0.074
-0.17244,-0.2,0.08600000000000001,0.08600000000000001,0.08600000000000001
-0.172436,0.0,0.094,0.094,0.094
-0.172432,0.0,0.074,0.074,0.074
-0.17242800000000003,-0.4,0.082,0.082,0.082
-0.17242400000000002,0.2,0.07,0.07,0.07
-0.17242000000000002,0.0,0.08600000000000001,0.08600000000000001,0.08600000000000001
-0.172416,-0.2,0.082,0.082,0.082
-0.172412,0.0,0.074,0.074,0.074
-0.172408,0.2,0.07,0.07,0.07
-0.172404,-0.4,0.078,0.078,0.078
-0.1724,0.0,0.082,0.082,0.082
-0.17239600000000002,0.0,0.08600000000000001,0.08600000000000001,0.08600000000000001
-0.17239200000000002,0.0,0.074,0.074,0.074
-0.172388,0.0,0.078,0.078,0.078
-0.172384,-0.6000000000000001,0.078,0.078,0.078
-0.17238,-0.8,0.082,0.082,0.082
-0.172376,0.0,0.066,0.066,0.066
-0.17237200000000003,-0.2,0.08600000000000001,0.08600000000000001,0.08600000000000001
-0.17236800000000002,-0.2,0.074,0.074,0.074
-0.17236400000000002,0.0,0.082,0.082,0.082
-0.17236,0.4,0.08600000000000001,0.08600000000000001,0.08600000000000001
-0.172356,-0.4,0.08600000000000001,0.08600000000000001,0.08600000000000001
-0.172352,0.4,0.082,0.082,0.082
-0.172348,-0.6000000000000001,0.082,0.082,0.082
-0.172344,-0.2,0.09,0.09,0.09
-0.17234000000000002,-0.2,0.08600000000000001,0.08600000000000001,0.08600000000000001
-0.17233600000000002,-0.4,0.082,0.082,0.082
-0.172332,-0.2,0.07,0.07,0.07
-0.172328,0.0,0.078,0.078,0.078
-0.172324,-0.2,0.082,0.082,0.082
-0.17232,-0.6000000000000001,0.074,0.074,0.074
-0.17231600000000002,-0.4,0.082,0.082,0.082
-0.17231200000000002,0.2,0.082,0.082,0.082
-0.17230800000000002,-0.6000000000000001,0.08600000000000001,0.08600000000000001,0.08600000000000001
-0.172304,0.2,0.082,0.082,0.082
-0.1723,0.0,0.082,0.082,0.082
-0.172296,0.0,0.07,0.07,0.07
-0.172292,-0.4,0.078,0.078,0.078
-0.17228800000000002,-0.2,0.078,0.078,0.078
-0.17228400000000002,-0.2,0.074,0.074,0.074
-0.17228000000000002,0.0,0.078,0.078,0.078
-0.172276,-0.2,0.074,0.074,0.074
-0.172272,-0.4,0.074,0.074,0.074
-0.172268,-0.4,0.09,0.09,0.09
-0.172264,-0.4,0.082,0.082,0.082
-0.17226000000000002,-0.2,0.08600000000000001,0.08600000000000001,0.08600000000000001
-0.17225600000000002,0.2,0.08600000000000001,0.08600000000000001,0.08600000000000001
-0.17225200000000002,0.2,0.074,0.074,0.074
-0.172248,-0.4,0.078,0.078,0.078
-0.172244,0.0,0.082,0.082,0.082
-0.17224,0.2,0.082,0.082,0.082
-0.172236,-0.2,0.09,0.09,0.09
-0.17223200000000002,0.0,0.08600000000000001,0.08600000000000001,0.08600000000000001
-0.17222800000000002,0.4,0.08600000000000001,0.08600000000000001,0.08600000000000001
-0.17222400000000002,-0.4,0.082,0.082,0.082
-0.17222,-0.6000000000000001,0.082,0.082,0.082
-0.172216,-0.2,0.078,0.078,0.078
-0.172212,0.4,0.082,0.082,0.082
-0.17220800000000003,-0.2,0.078,0.078,0.078
-0.17220400000000002,0.0,0.08600000000000001,0.08600000000000001,0.08600000000000001
-0.17220000000000002,-0.2,0.078,0.078,0.078
-0.17219600000000002,-0.2,0.082,0.082,0.082
-0.172192,0.2,0.078,0.078,0.078
-0.172188,-0.4,0.08600000000000001,0.08600000000000001,0.08600000000000001
-0.172184,0.0,0.082,0.082,0.082
-0.17218,0.2,0.08600000000000001,0.08600000000000001,0.08600000000000001
-0.17217600000000002,0.2,0.082,0.082,0.082
-0.17217200000000002,0.0,0.078,0.078,0.078
-0.17216800000000002,-0.2,0.074,0.074,0.074
-0.172164,0.2,0.078,0.078,0.078
-0.17216,0.0,0.078,0.078,0.078
-0.172156,-0.2,0.074,0.074,0.074
-0.17215200000000003,-0.2,0.078,0.078,0.078
-0.17214800000000002,-0.4,0.082,0.082,0.082
-0.17214400000000002,-0.4,0.078,0.078,0.078
-0.17214000000000002,-0.4,0.082,0.082,0.082
-0.172136,0.0,0.082,0.082,0.082
-0.172132,0.0,0.078,0.078,0.078
-0.172128,-0.2,0.078,0.078,0.078
-0.172124,0.0,0.078,0.078,0.078
-0.17212000000000002,0.4,0.078,0.078,0.078
-0.17211600000000002,0.0,0.078,0.078,0.078
-0.17211200000000001,-0.2,0.074,0.074,0.074
-0.172108,0.2,0.078,0.078,0.078
-0.172104,-0.4,0.094,0.094,0.094
-0.1721,-0.6000000000000001,0.074,0.074,0.074
-0.17209600000000003,-0.2,0.078,0.078,0.078
-0.17209200000000002,-0.2,0.082,0.082,0.082
-0.17208800000000002,-0.2,0.082,0.082,0.082
-0.17208400000000001,0.0,0.082,0.082,0.082
-0.17208,-0.6000000000000001,0.08600000000000001,0.08600000000000001,0.08600000000000001
-0.172076,0.2,0.08600000000000001,0.08600000000000001,0.08600000000000001
-0.172072,-0.8,0.08600000000000001,0.08600000000000001,0.08600000000000001
-0.172068,0.0,0.082,0.082,0.082
-0.17206400000000002,-0.4,0.08600000000000001,0.08600000000000001,0.08600000000000001
-0.17206000000000002,-0.2,0.078,0.078,0.078
-0.17205600000000001,-0.4,0.09,0.09,0.09
-0.172052,0.0,0.074,0.074,0.074
-0.172048,-0.2,0.074,0.074,0.074
-0.172044,0.0,0.074,0.074,0.074
-0.17204000000000003,-0.2,0.078,0.078,0.078
-0.17203600000000002,0.0,0.082,0.082,0.082
-0.17203200000000002,0.0,0.08600000000000001,0.08600000000000001,0.08600000000000001
-0.17202800000000001,0.0,0.078,0.078,0.078
-0.172024,-0.2,0.082,0.082,0.082
-0.17202,0.2,0.07,0.07,0.07
-0.172016,-0.6000000000000001,0.09,0.09,0.09
-0.172012,0.0,0.074,0.074,0.074
-0.17200800000000002,0.0,0.082,0.082,0.082
-0.17200400000000002,-0.2,0.078,0.078,0.078
-0.17200000000000001,-0.2,0.082,0.082,0.082
-0.171996,0.0,0.078,0.078,0.078
-0.171992,0.0,0.07,0.07,0.07
-0.171988,-0.2,0.078,0.078,0.078
-0.17198400000000003,-0.2,0.07,0.07,0.07
-0.17198000000000002,-0.2,0.082,0.082,0.082
-0.17197600000000002,-0.2,0.082,0.082,0.082
-0.171972,-0.6000000000000001,0.09,0.09,0.09
-0.171968,-0.2,0.082,0.082,0.082
-0.171964,0.2,0.078,0.078,0.078
-0.17196,-0.2,0.082,0.082,0.082
-0.171956,-0.2,0.07,0.07,0.07
-0.17195200000000002,-0.2,0.082,0.082,0.082
-0.17194800000000002,0.2,0.082,0.082,0.082
-0.171944,-0.6000000000000001,0.08600000000000001,0.08600000000000001,0.08600000000000001
-0.17194,-0.2,0.078,0.078,0.078
-0.171936,0.2,0.08600000000000001,0.08600000000000001,0.08600000000000001
-0.171932,0.0,0.082,0.082,0.082
-0.17192800000000003,0.0,0.078,0.078,0.078
-0.17192400000000002,-0.2,0.082,0.082,0.082
-0.17192000000000002,0.0,0.078,0.078,0.078
-0.171916,0.2,0.07,0.07,0.07
-0.171912,0.2,0.08600000000000001,0.08600000000000001,0.08600000000000001
-0.171908,0.2,0.074,0.074,0.074
-0.171904,-0.2,0.074,0.074,0.074
-0.1719,-0.2,0.074,0.074,0.074
-0.17189600000000002,-0.2,0.082,0.082,0.082
-0.17189200000000002,0.0,0.08600000000000001,0.08600000000000001,0.08600000000000001
-0.171888,0.0,0.078,0.078,0.078
-0.171884,-0.2,0.078,0.078,0.078
-0.17188,-0.4,0.082,0.082,0.082
-0.171876,-0.4,0.074,0.074,0.074
-0.17187200000000002,0.0,0.078,0.078,0.078
-0.17186800000000002,0.0,0.094,0.094,0.094
-0.17186400000000002,-0.4,0.078,0.078,0.078
-0.17186,0.0,0.082,0.082,0.082
-0.171856,-0.2,0.078,0.078,0.078
-0.171852,0.0,0.07,0.07,0.07
-0.171848,0.0,0.09,0.09,0.09
-0.17184400000000002,-0.2,0.07,0.07,0.07
-0.17184000000000002,0.2,0.082,0.082,0.082
-0.17183600000000002,-0.6000000000000001,0.082,0.082,0.082
-0.171832,0.0,0.078,0.078,0.078
-0.171828,-0.6000000000000001,0.08600000000000001,0.08600000000000001,0.08600000000000001
-0.171824,0.0,0.078,0.078,0.078
-0.17182,-0.2,0.082,0.082,0.082
-0.17181600000000002,0.4,0.082,0.082,0.082
-0.17181200000000002,0.2,0.082,0.082,0.082
-0.17180800000000002,-0.4,0.074,0.074,0.074
-0.171804,0.2,0.082,0.082,0.082
-0.1718,-0.2,0.082,0.082,0.082
-0.171796,-0.2,0.08600000000000001,0.08600000000000001,0.08600000000000001
-0.171792,-0.2,0.078,0.078,0.078
-0.17178800000000002,-0.2,0.078,0.078,0.078
-0.17178400000000002,0.2,0.08600000000000001,0.08600000000000001,0.08600000000000001
-0.17178000000000002,0.0,0.078,0.078,0.078
-0.171776,0.0,0.078,0.078,0.078
-0.171772,-0.6000000000000001,0.082,0.082,0.082
-0.171768,-0.2,0.074,0.074,0.074
-0.17176400000000003,-0.2,0.08600000000000001,0.08600000000000001,0.08600000000000001
-0.17176000000000002,0.0,0.078,0.078,0.078
-0.17175600000000002,0.0,0.082,0.082,0.082
-0.17175200000000002,-0.2,0.078,0.078,0.078
-0.171748,0.0,0.082,0.082,0.082
-0.171744,-0.4,0.074,0.074,0.074
-0.17174,-0.2,0.078,0.078,0.078
-0.171736,0.4,0.074,0.074,0.074
-0.17173200000000002,-0.4,0.074,0.074,0.074
-0.17172800000000002,0.0,0.094,0.094,0.094
-0.17172400000000002,0.0,0.078,0.078,0.078
-0.17172,0.2,0.078,0.078,0.078
-0.171716,0.0,0.09,0.09,0.09
-0.171712,0.0,0.07,0.07,0.07
-0.17170800000000003,0.0,0.078,0.078,0.078
-0.17170400000000002,0.2,0.08600000000000001,0.08600000000000001,0.08600000000000001
-0.17170000000000002,0.0,0.082,0.082,0.082
-0.17169600000000002,-0.2,0.08600000000000001,0.08600000000000001,0.08600000000000001
-0.171692,0.0,0.07,0.07,0.07
-0.171688,-0.2,0.074,0.074,0.074
-0.171684,0.0,0.07,0.07,0.07
-0.17168,-0.2,0.078,0.078,0.078
-0.17167600000000002,0.2,0.08600000000000001,0.08600000000000001,0.08600000000000001
-0.17167200000000002,-0.6000000000000001,0.074,0.074,0.074
-0.17166800000000002,0.0,0.08600000000000001,0.08600000000000001,0.08600000000000001
-0.171664,0.0,0.082,0.082,0.082
-0.17166,-0.4,0.082,0.082,0.082
-0.171656,-0.2,0.074,0.074,0.074
-0.17165200000000003,-0.2,0.078,0.078,0.078
-0.17164800000000002,-0.2,0.078,0.078,0.078
-0.17164400000000002,0.0,0.078,0.078,0.078
-0.17164000000000001,-0.4,0.078,0.078,0.078
-0.171636,-0.2,0.08600000000000001,0.08600000000000001,0.08600000000000001
-0.171632,0.2,0.09,0.09,0.09
-0.171628,-0.4,0.078,0.078,0.078
-0.171624,-0.2,0.09,0.09,0.09
-0.17162000000000002,0.0,0.082,0.082,0.082
-0.17161600000000002,0.2,0.074,0.074,0.074
-0.17161200000000001,0.4,0.078,0.078,0.078
-0.171608,-0.4,0.08600000000000001,0.08600000000000001,0.08600000000000001
-0.171604,0.0,0.078,0.078,0.078
-0.1716,0.0,0.078,0.078,0.078
-0.17159600000000003,-0.6000000000000001,0.07,0.07,0.07
-0.17159200000000002,0.4,0.074,0.074,0.074
-0.17158800000000002,0.0,0.074,0.074,0.074
-0.17158400000000001,-0.4,0.08600000000000001,0.08600000000000001,0.08600000000000001
-0.17158,-0.2,0.09,0.09,0.09
-0.171576,-0.2,0.078,0.078,0.078
-0.171572,-0.2,0.078,0.078,0.078
-0.171568,0.0,0.078,0.078,0.078
-0.17156400000000002,0.2,0.09,0.09,0.09
-0.17156000000000002,-0.2,0.082,0.082,0.082
-0.17155600000000001,0.0,0.082,0.082,0.082
-0.171552,0.0,0.09,0.09,0.09
-0.171548,0.0,0.094,0.094,0.094
-0.171544,-0.4,0.082,0.082,0.082
-0.17154000000000003,-0.2,0.082,0.082,0.082
-0.17153600000000002,-0.6000000000000001,0.074,0.074,0.074
-0.17153200000000002,0.2,0.08600000000000001,0.08600000000000001,0.08600000000000001
-0.171528,0.0,0.08600000000000001,0.08600000000000001,0.08600000000000001
-0.171524,0.0,0.08600000000000001,0.08600000000000001,0.08600000000000001
-0.17152,-0.2,0.082,0.082,0.082
-0.171516,-0.4,0.08600000000000001,0.08600000000000001,0.08600000000000001
-0.171512,0.0,0.074,0.074,0.074
-0.17150800000000002,0.2,0.08600000000000001,0.08600000000000001,0.08600000000000001
-0.17150400000000002,0.0,0.074,0.074,0.074
-0.1715,-0.2,0.09,0.09,0.09
-0.171496,-0.2,0.082,0.082,0.082
-0.171492,-0.4,0.094,0.094,0.094
-0.171488,0.0,0.08600000000000001,0.08600000000000001,0.08600000000000001
-0.17148400000000003,-0.2,0.08600000000000001,0.08600000000000001,0.08600000000000001
-0.17148000000000002,-0.2,0.082,0.082,0.082
-0.17147600000000002,-0.2,0.082,0.082,0.082
-0.171472,-0.4,0.066,0.066,0.066
-0.171468,0.0,0.082,0.082,0.082
-0.171464,-0.4,0.07,0.07,0.07
-0.17146,0.0,0.08600000000000001,0.08600000000000001,0.08600000000000001
-0.171456,-0.4,0.094,0.094,0.094
-0.17145200000000002,0.2,0.082,0.082,0.082
-0.17144800000000002,0.2,0.09,0.09,0.09
-0.171444,-0.4,0.074,0.074,0.074
-0.17144,-0.2,0.07,0.07,0.07
-0.171436,-0.2,0.082,0.082,0.082
-0.171432,0.0,0.08600000000000001,0.08600000000000001,0.08600000000000001
-0.17142800000000002,0.2,0.08600000000000001,0.08600000000000001,0.08600000000000001
-0.17142400000000002,-0.2,0.082,0.082,0.082
-0.17142000000000002,-0.2,0.08600000000000001,0.08600000000000001,0.08600000000000001
-0.171416,-0.6000000000000001,0.078,0.078,0.078
-0.171412,-0.4,0.07,0.07,0.07
-0.171408,0.2,0.082,0.082,0.082
-0.171404,0.0,0.082,0.082,0.082
-0.1714,0.0,0.082,0.082,0.082
-0.17139600000000002,0.2,0.078,0.078,0.078
-0.17139200000000002,0.0,0.074,0.074,0.074
-0.171388,-0.2,0.082,0.082,0.082
-0.171384,-0.2,0.082,0.082,0.082
-0.17138,0.0,0.066,0.066,0.066
-0.171376,-0.2,0.078,0.078,0.078
-0.17137200000000002,-0.2,0.08600000000000001,0.08600000000000001,0.08600000000000001
-0.17136800000000002,-0.4,0.08600000000000001,0.08600000000000001,0.08600000000000001
-0.17136400000000002,-0.2,0.082,0.082,0.082
-0.17136,0.0,0.082,0.082,0.082
-0.171356,0.0,0.078,0.078,0.078
-0.171352,0.0,0.08600000000000001,0.08600000000000001,0.08600000000000001
-0.171348,-0.4,0.078,0.078,0.078
-0.17134400000000002,-0.2,0.082,0.082,0.082
-0.17134000000000002,0.0,0.082,0.082,0.082
-0.17133600000000002,0.0,0.082,0.082,0.082
-0.171332,0.2,0.09,0.09,0.09
-0.171328,-0.2,0.09,0.09,0.09
-0.171324,0.0,0.08600000000000001,0.08600000000000001,0.08600000000000001
-0.17132000000000003,-0.6000000000000001,0.078,0.078,0.078
-0.17131600000000002,0.0,0.08600000000000001,0.08600000000000001,0.08600000000000001
-0.17131200000000002,0.2,0.082,0.082,0.082
-0.17130800000000002,-0.2,0.07,0.07,0.07
-0.171304,-0.2,0.078,0.078,0.078
-0.1713,-0.2,0.082,0.082,0.082
-0.171296,-0.2,0.082,0.082,0.082
-0.171292,0.0,0.082,0.082,0.082
-0.17128800000000002,0.0,0.078,0.078,0.078
-0.17128400000000002,-0.2,0.08600000000000001,0.08600000000000001,0.08600000000000001
-0.17128000000000002,-0.4,0.082,0.082,0.082
-0.171276,-0.4,0.078,0.078,0.078
-0.171272,-0.2,0.082,0.082,0.082
-0.171268,-0.4,0.082,0.082,0.082
-0.17126400000000003,0.6000000000000001,0.078,0.078,0.078
-0.17126000000000002,-0.6000000000000001,0.078,0.078,0.078
-0.17125600000000002,0.0,0.09,0.09,0.09
-0.17125200000000002,-0.2,0.078,0.078,0.078
-0.171248,0.0,0.078,0.078,0.078
-0.171244,0.2,0.082,0.082,0.082
-0.17124,0.0,0.08600000000000001,0.08600000000000001,0.08600000000000001
-0.171236,0.0,0.08600000000000001,0.08600000000000001,0.08600000000000001
-0.17123200000000002,-0.2,0.082,0.082,0.082
-0.17122800000000002,-0.4,0.09,0.09,0.09
-0.17122400000000002,0.2,0.078,0.078,0.078
-0.17122,0.0,0.082,0.082,0.082
-0.171216,-0.2,0.066,0.066,0.066
-0.171212,0.0,0.08600000000000001,0.08600000000000001,0.08600000000000001
-0.17120800000000003,-0.2,0.08600000000000001,0.08600000000000001,0.08600000000000001
-0.17120400000000002,-0.2,0.078,0.078,0.078
-0.17120000000000002,0.2,0.08600000000000001,0.08600000000000001,0.08600000000000001
-0.17119600000000001,-0.2,0.082,0.082,0.082
-0.171192,-0.2,0.078,0.078,0.078
-0.171188,-0.4,0.082,0.082,0.082
-0.171184,0.0,0.082,0.082,0.082
-0.17118,-0.2,0.082,0.082,0.082
-0.17117600000000002,0.0,0.082,0.082,0.082
-0.17117200000000002,-0.4,0.074,0.074,0.074
-0.17116800000000001,-0.2,0.074,0.074,0.074
-0.171164,-0.2,0.07,0.07,0.07
-0.17116,0.2,0.07,0.07,0.07
-0.171156,-0.4,0.078,0.078,0.078
-0.17115200000000003,0.0,0.082,0.082,0.082
-0.17114800000000002,-0.2,0.082,0.082,0.082
-0.17114400000000002,0.0,0.078,0.078,0.078
-0.17114000000000001,-0.2,0.07,0.07,0.07
-0.171136,-0.2,0.078,0.078,0.078
-0.171132,-0.2,0.078,0.078,0.078
-0.171128,0.0,0.08600000000000001,0.08600000000000001,0.08600000000000001
-0.171124,0.0,0.078,0.078,0.078
-0.17112000000000002,0.2,0.078,0.078,0.078
-0.17111600000000002,-0.2,0.08600000000000001,0.08600000000000001,0.08600000000000001
-0.17111200000000001,-0.4,0.078,0.078,0.078
-0.171108,0.2,0.074,0.074,0.074
-0.171104,0.2,0.078,0.078,0.078
-0.1711,0.2,0.07,0.07,0.07
-0.17109600000000003,-0.6000000000000001,0.08600000000000001,0.08600000000000001,0.08600000000000001
-0.17109200000000002,0.4,0.074,0.074,0.074
-0.17108800000000002,0.6000000000000001,0.078,0.078,0.078
-0.171084,0.0,0.082,0.082,0.082
-0.17108,0.2,0.082,0.082,0.082
-0.171076,-0.2,0.08600000000000001,0.08600000000000001,0.08600000000000001
-0.171072,-0.6000000000000001,0.078,0.078,0.078
-0.171068,0.0,0.078,0.078,0.078
-0.17106400000000002,-0.4,0.078,0.078,0.078
-0.17106000000000002,-0.2,0.078,0.078,0.078
-0.171056,-0.2,0.078,0.078,0.078
-0.171052,0.0,0.074,0.074,0.074
-0.171048,0.0,0.078,0.078,0.078
-0.171044,-0.2,0.082,0.082,0.082
-0.17104000000000003,0.0,0.08600000000000001,0.08600000000000001,0.08600000000000001
-0.17103600000000002,0.0,0.08600000000000001,0.08600000000000001,0.08600000000000001
-0.17103200000000002,-0.2,0.08600000000000001,0.08600000000000001,0.08600000000000001
-0.171028,-0.4,0.078,0.078,0.078
-0.171024,0.0,0.09,0.09,0.09
-0.17102,-0.2,0.078,0.078,0.078
-0.171016,-0.2,0.09,0.09,0.09
-0.171012,-0.2,0.08600000000000001,0.08600000000000001,0.08600000000000001
-0.17100800000000002,0.0,0.082,0.082,0.082
-0.17100400000000002,0.0,0.08600000000000001,0.08600000000000001,0.08600000000000001
-0.171,-0.2,0.08600000000000001,0.08600000000000001,0.08600000000000001
-0.170996,-0.2,0.074,0.074,0.074
-0.170992,-0.2,0.066,0.066,0.066
-0.170988,-0.2,0.082,0.082,0.082
-0.17098400000000002,-0.4,0.07,0.07,0.07
-0.17098000000000002,0.0,0.078,0.078,0.078
-0.17097600000000002,-0.6000000000000001,0.08600000000000001,0.08600000000000001,0.08600000000000001
-0.170972,-0.4,0.078,0.078,0.078
-0.170968,-0.2,0.082,0.082,0.082
-0.170964,0.0,0.074,0.074,0.074
-0.17096,-0.4,0.066,0.066,0.066
-0.170956,-0.4,0.082,0.082,0.082
-0.17095200000000002,0.0,0.07,0.07,0.07
-0.17094800000000002,0.2,0.074,0.074,0.074
-0.170944,-0.2,0.08600000000000001,0.08600000000000001,0.08600000000000001
-0.17094,0.0,0.074,0.074,0.074
-0.170936,0.0,0.078,0.078,0.078
-0.170932,0.0,0.08600000000000001,0.08600000000000001,0.08600000000000001
-0.17092800000000002,0.2,0.09,0.09,0.09
-0.17092400000000002,-0.4,0.08600000000000001,0.08600000000000001,0.08600000000000001
-0.17092000000000002,0.0,0.082,0.082,0.082
-0.170916,0.0,0.078,0.078,0.078
-0.170912,-0.4,0.082,0.082,0.082
-0.170908,0.0,0.074,0.074,0.074
-0.170904,0.0,0.078,0.078,0.078
-0.17090000000000002,-0.4,0.078,0.078,0.078
-0.17089600000000002,-0.2,0.074,0.074,0.074
-0.17089200000000002,-0.4,0.08600000000000001,0.08600000000000001,0.08600000000000001
-0.170888,-0.4,0.074,0.074,0.074
-0.170884,0.2,0.082,0.082,0.082
-0.17088,0.0,0.078,0.078,0.078
-0.17087600000000003,-0.2,0.082,0.082,0.082
-0.17087200000000002,0.2,0.074,0.074,0.074
-0.17086800000000002,0.2,0.082,0.082,0.082
-0.17086400000000002,-0.2,0.082,0.082,0.082
-0.17086,0.0,0.074,0.074,0.074
-0.170856,0.0,0.082,0.082,0.082
-0.170852,0.2,0.078,0.078,0.078
-0.170848,0.0,0.082,0.082,0.082
-0.17084400000000002,-0.2,0.094,0.094,0.094
-0.17084000000000002,0.0,0.078,0.078,0.078
-0.17083600000000002,0.0,0.08600000000000001,0.08600000000000001,0.08600000000000001
-0.170832,0.0,0.082,0.082,0.082
-0.170828,-0.2,0.074,0.074,0.074
-0.170824,-0.4,0.09,0.09,0.09
-0.17082000000000003,0.2,0.078,0.078,0.078
-0.17081600000000002,-0.2,0.08600000000000001,0.08600000000000001,0.08600000000000001
-0.17081200000000002,0.0,0.07,0.07,0.07
-0.17080800000000002,0.4,0.074,0.074,0.074
-0.170804,-0.2,0.082,0.082,0.082
-0.1708,0.0,0.082,0.082,0.082
-0.170796,-0.2,0.08600000000000001,0.08600000000000001,0.08600000000000001
-0.170792,-0.4,0.078,0.078,0.078
-0.17078800000000002,-0.2,0.09,0.09,0.09
-0.17078400000000002,-0.4,0.078,0.078,0.078
-0.17078000000000002,-0.2,0.078,0.078,0.078
-0.170776,0.0,0.082,0.082,0.082
-0.170772,0.0,0.08600000000000001,0.08600000000000001,0.08600000000000001
-0.170768,0.0,0.09,0.09,0.09
-0.17076400000000003,-0.6000000000000001,0.08600000000000001,0.08600000000000001,0.08600000000000001
-0.17076000000000002,0.4,0.08600000000000001,0.08600000000000001,0.08600000000000001
-0.17075600000000002,0.2,0.082,0.082,0.082
-0.17075200000000001,0.0,0.082,0.082,0.082
-0.170748,0.0,0.078,0.078,0.078
-0.170744,-0.2,0.09,0.09,0.09
-0.17074,-0.2,0.08600000000000001,0.08600000000000001,0.08600000000000001
-0.170736,0.4,0.09,0.09,0.09
-0.17073200000000002,-0.2,0.074,0.074,0.074
-0.17072800000000002,-0.2,0.082,0.082,0.082
-0.17072400000000001,0.0,0.082,0.082,0.082
-0.17072,-0.2,0.082,0.082,0.082
-0.170716,-0.4,0.078,0.078,0.078
-0.170712,-0.8,0.08600000000000001,0.08600000000000001,0.08600000000000001
-0.17070800000000003,-0.4,0.08600000000000001,0.08600000000000001,0.08600000000000001
-0.17070400000000002,0.0,0.08600000000000001,0.08600000000000001,0.08600000000000001
-0.17070000000000002,-0.6000000000000001,0.082,0.082,0.082
-0.17069600000000001,0.2,0.082,0.082,0.082
-0.170692,-0.4,0.082,0.082,0.082
-0.170688,0.0,0.09,0.09,0.09
-0.170684,-0.2,0.082,0.082,0.082
-0.17068,-0.2,0.078,0.078,0.078
-0.17067600000000002,-0.2,0.074,0.074,0.074
-0.17067200000000002,0.0,0.078,0.078,0.078
-0.17066800000000001,-0.2,0.082,0.082,0.082
-0.170664,0.2,0.082,0.082,0.082
-0.17066,0.2,0.074,0.074,0.074
-0.170656,-0.2,0.074,0.074,0.074
-0.17065200000000003,-0.4,0.082,0.082,0.082
-0.17064800000000002,-0.2,0.066,0.066,0.066
-0.17064400000000002,0.2,0.08600000000000001,0.08600000000000001,0.08600000000000001
-0.17064000000000001,-0.2,0.08600000000000001,0.08600000000000001,0.08600000000000001
-0.170636,-0.4,0.08600000000000001,0.08600000000000001,0.08600000000000001
-0.170632,0.0,0.074,0.074,0.074
-0.170628,-0.2,0.09,0.09,0.09
-0.170624,0.0,0.074,0.074,0.074
-0.17062000000000002,-0.6000000000000001,0.082,0.082,0.082
-0.17061600000000002,0.0,0.078,0.078,0.078
-0.170612,0.0,0.082,0.082,0.082
-0.170608,-0.2,0.074,0.074,0.074
-0.170604,0.0,0.09,0.09,0.09
-0.1706,-0.4,0.078,0.078,0.078
-0.17059600000000003,-0.2,0.08600000000000001,0.08600000000000001,0.08600000000000001
-0.17059200000000002,-0.2,0.082,0.082,0.082
-0.17058800000000002,0.2,0.08600000000000001,0.08600000000000001,0.08600000000000001
-0.170584,-0.2,0.082,0.082,0.082
-0.17058,-0.2,0.08600000000000001,0.08600000000000001,0.08600000000000001
-0.170576,-0.2,0.074,0.074,0.074
-0.170572,-0.2,0.074,0.074,0.074
-0.170568,-0.4,0.09,0.09,0.09
-0.17056400000000002,-0.4,0.082,0.082,0.082
-0.17056000000000002,0.0,0.078,0.078,0.078
-0.170556,-0.2,0.078,0.078,0.078
-0.170552,-0.4,0.078,0.078,0.078
-0.170548,0.0,0.07,0.07,0.07
-0.170544,0.0,0.078,0.078,0.078
-0.17054000000000002,-0.4,0.09,0.09,0.09
-0.17053600000000002,-0.2,0.09,0.09,0.09
-0.17053200000000002,-0.2,0.08600000000000001,0.08600000000000001,0.08600000000000001
-0.170528,-0.2,0.074,0.074,0.074
-0.170524,0.0,0.08600000000000001,0.08600000000000001,0.08600000000000001
-0.17052,-0.2,0.082,0.082,0.082
-0.170516,-0.4,0.082,0.082,0.082
-0.170512,-0.2,0.082,0.082,0.082
-0.17050800000000002,0.2,0.08600000000000001,0.08600000000000001,0.08600000000000001
-0.17050400000000002,-0.4,0.094,0.094,0.094
-0.1705,0.2,0.08600000000000001,0.08600000000000001,0.08600000000000001
-0.170496,-0.2,0.094,0.094,0.094
-0.170492,-0.2,0.09,0.09,0.09
-0.170488,-0.2,0.082,0.082,0.082
-0.17048400000000002,-0.4,0.07,0.07,0.07
-0.17048000000000002,0.0,0.078,0.078,0.078
-0.17047600000000002,-0.4,0.08600000000000001,0.08600000000000001,0.08600000000000001
-0.170472,-0.4,0.078,0.078,0.078
-0.170468,0.2,0.082,0.082,0.082
-0.170464,-0.2,0.08600000000000001,0.08600000000000001,0.08600000000000001
-0.17046,-0.4,0.078,0.078,0.078
-0.17045600000000002,-0.4,0.08600000000000001,0.08600000000000001,0.08600000000000001
-0.17045200000000002,0.0,0.078,0.078,0.078
-0.17044800000000002,0.0,0.08600000000000001,0.08600000000000001,0.08600000000000001
-0.170444,0.4,0.09,0.09,0.09
-0.17044,-0.2,0.082,0.082,0.082
-0.170436,0.0,0.08600000000000001,0.08600000000000001,0.08600000000000001
-0.17043200000000003,0.0,0.08600000000000001,0.08600000000000001,0.08600000000000001
-0.17042800000000002,-0.2,0.082,0.082,0.082
-0.17042400000000002,0.0,0.074,0.074,0.074
-0.17042000000000002,-0.4,0.074,0.074,0.074
-0.170416,-0.4,0.078,0.078,0.078
-0.170412,-0.4,0.066,0.066,0.066
-0.170408,0.0,0.082,0.082,0.082
-0.170404,-0.2,0.08600000000000001,0.08600000000000001,0.08600000000000001
-0.17040000000000002,0.0,0.09,0.09,0.09
-0.17039600000000002,-0.2,0.08600000000000001,0.08600000000000001,0.08600000000000001
-0.17039200000000002,-0.2,0.074,0.074,0.074
-0.170388,0.0,0.082,0.082,0.082
-0.170384,0.0,0.07,0.07,0.07
-0.17038,-0.2,0.078,0.078,0.078
-0.17037600000000003,-0.2,0.08600000000000001,0.08600000000000001,0.08600000000000001
-0.17037200000000002,-0.2,0.08600000000000001,0.08600000000000001,0.08600000000000001
-0.17036800000000002,0.2,0.074,0.074,0.074
-0.17036400000000002,0.0,0.09,0.09,0.09
-0.17036,-0.2,0.09,0.09,0.09
-0.170356,-0.2,0.08600000000000001,0.08600000000000001,0.08600000000000001
-0.170352,0.0,0.082,0.082,0.082
-0.170348,-0.2,0.08600000000000001,0.08600000000000001,0.08600000000000001
-0.17034400000000002,0.0,0.082,0.082,0.082
-0.17034000000000002,0.0,0.078,0.078,0.078
-0.17033600000000002,-0.2,0.082,0.082,0.082
-0.170332,-0.2,0.082,0.082,0.082
-0.170328,0.2,0.08600000000000001,0.08600000000000001,0.08600000000000001
-0.170324,-0.2,0.082,0.082,0.082
-0.17032000000000003,-0.2,0.082,0.082,0.082
-0.17031600000000002,-0.4,0.078,0.078,0.078
-0.17031200000000002,-0.2,0.078,0.078,0.078
-0.17030800000000001,0.0,0.082,0.082,0.082
-0.170304,-0.4,0.074,0.074,0.074
-0.1703,-0.2,0.074,0.074,0.074
-0.170296,0.0,0.078,0.078,0.078
-0.170292,0.0,0.074,0.074,0.074
-0.17028800000000002,0.0,0.08600000000000001,0.08600000000000001,0.08600000000000001
-0.17028400000000002,0.0,0.094,0.094,0.094
-0.17028000000000001,-0.2,0.066,0.066,0.066
-0.170276,-0.2,0.078,0.078,0.078
-0.170272,0.0,0.074,0.074,0.074
-0.170268,-0.2,0.066,0.066,0.066
-0.17026400000000003,-0.2,0.074,0.074,0.074
-0.17026000000000002,0.0,0.082,0.082,0.082
-0.17025600000000002,-0.2,0.08600000000000001,0.08600000000000001,0.08600000000000001
-0.17025200000000001,0.0,0.09,0.09,0.09
-0.170248,-0.2,0.082,0.082,0.082
-0.170244,0.2,0.07,0.07,0.07
-0.17024,0.2,0.07,0.07,0.07
-0.170236,0.2,0.078,0.078,0.078
-0.17023200000000002,0.0,0.07,0.07,0.07
-0.17022800000000002,-0.2,0.082,0.082,0.082
-0.17022400000000001,0.0,0.082,0.082,0.082
-0.17022,0.2,0.078,0.078,0.078
-0.170216,-0.2,0.082,0.082,0.082
-0.170212,-0.2,0.074,0.074,0.074
-0.17020800000000003,0.0,0.074,0.074,0.074
-0.17020400000000002,0.0,0.074,0.074,0.074
-0.17020000000000002,0.2,0.078,0.078,0.078
-0.17019600000000001,0.2,0.082,0.082,0.082
-0.170192,-0.2,0.08600000000000001,0.08600000000000001,0.08600000000000001
-0.170188,0.0,0.078,0.078,0.078
-0.170184,0.0,0.082,0.082,0.082
-0.17018,0.0,0.08600000000000001,0.08600000000000001,0.08600000000000001
-0.17017600000000002,0.0,0.082,0.082,0.082
-0.17017200000000002,-0.4,0.08600000000000001,0.08600000000000001,0.08600000000000001
-0.170168,-0.2,0.07,0.07,0.07
-0.170164,0.0,0.078,0.078,0.078
-0.17016,0.0,0.082,0.082,0.082
-0.170156,-0.4,0.08600000000000001,0.08600000000000001,0.08600000000000001
-0.17015200000000003,-0.2,0.074,0.074,0.074
-0.17014800000000002,-0.2,0.082,0.082,0.082
-0.17014400000000002,0.6000000000000001,0.08600000000000001,0.08600000000000001,0.08600000000000001
-0.17014,-0.4,0.08600000000000001,0.08600000000000001,0.08600000000000001
-0.170136,-0.4,0.078,0.078,0.078
-0.170132,0.6000000000000001,0.08600000000000001,0.08600000000000001,0.08600000000000001
-0.170128,0.2,0.082,0.082,0.082
-0.170124,-0.2,0.074,0.074,0.074
-0.17012000000000002,0.0,0.082,0.082,0.082
-0.17011600000000002,0.0,0.082,0.082,0.082
-0.170112,0.0,0.078,0.078,0.078
-0.170108,-0.2,0.078,0.078,0.078
-0.170104,-0.2,0.078,0.078,0.078
-0.1701,0.0,0.07,0.07,0.07
-0.17009600000000002,-0.2,0.078,0.078,0.078
-0.17009200000000002,-0.2,0.078,0.078,0.078
-0.17008800000000002,-0.4,0.078,0.078,0.078
-0.170084,-0.2,0.08600000000000001,0.08600000000000001,0.08600000000000001
-0.17008,-0.8,0.078,0.078,0.078
-0.170076,0.0,0.078,0.078,0.078
-0.170072,0.0,0.082,0.082,0.082
-0.170068,-0.2,0.094,0.094,0.094
-0.17006400000000002,-0.4,0.09,0.09,0.09
-0.17006000000000002,0.2,0.078,0.078,0.078
-0.170056,0.0,0.082,0.082,0.082
-0.170052,-0.2,0.08600000000000001,0.08600000000000001,0.08600000000000001
-0.170048,-0.2,0.078,0.078,0.078
-0.170044,-0.2,0.09,0.09,0.09
-0.17004000000000002,0.0,0.066,0.066,0.066
-0.17003600000000002,-0.2,0.082,0.082,0.082
-0.17003200000000002,0.0,0.082,0.082,0.082
-0.170028,-0.4,0.08600000000000001,0.08600000000000001,0.08600000000000001
-0.170024,0.2,0.078,0.078,0.078
-0.17002,0.0,0.082,0.082,0.082
-0.170016,0.2,0.08600000000000001,0.08600000000000001,0.08600000000000001
-0.17001200000000002,-0.2,0.082,0.082,0.082
-0.17000800000000002,-0.6000000000000001,0.078,0.078,0.078
-0.17000400000000002,0.2,0.082,0.082,0.082
-0.17,-0.2,0.082,0.082,0.082
-0.169996,0.0,0.078,0.078,0.078
-0.169992,-0.2,0.078,0.078,0.078
-0.16998800000000003,-0.2,0.08600000000000001,0.08600000000000001,0.08600000000000001
-0.16998400000000002,0.0,0.082,0.082,0.082
-0.16998000000000002,-0.2,0.082,0.082,0.082
-0.16997600000000002,-0.2,0.082,0.082,0.082
-0.169972,-0.2,0.074,0.074,0.074
-0.169968,0.0,0.082,0.082,0.082
-0.169964,-0.4,0.09,0.09,0.09
-0.16996,-0.6000000000000001,0.078,0.078,0.078
-0.16995600000000002,0.0,0.09,0.09,0.09
-0.16995200000000002,-0.2,0.078,0.078,0.078
-0.16994800000000002,-0.4,0.078,0.078,0.078
-0.169944,-0.4,0.078,0.078,0.078
-0.16994,-0.2,0.082,0.082,0.082
-0.169936,0.2,0.082,0.082,0.082
-0.16993200000000003,0.0,0.074,0.074,0.074
-0.16992800000000002,-0.2,0.09,0.09,0.09
-0.16992400000000002,0.0,0.082,0.082,0.082
-0.16992000000000002,-0.2,0.082,0.082,0.082
-0.169916,-0.2,0.07,0.07,0.07
-0.169912,0.0,0.08600000000000001,0.08600000000000001,0.08600000000000001
-0.169908,0.4,0.078,0.078,0.078
-0.169904,-0.2,0.082,0.082,0.082
-0.16990000000000002,0.2,0.082,0.082,0.082
-0.16989600000000002,-0.2,0.08600000000000001,0.08600000000000001,0.08600000000000001
-0.16989200000000002,0.0,0.07,0.07,0.07
-0.169888,0.0,0.078,0.078,0.078
-0.169884,0.0,0.082,0.082,0.082
-0.16988,0.0,0.094,0.094,0.094
-0.16987600000000003,0.0,0.078,0.078,0.078
-0.16987200000000002,-0.6000000000000001,0.08600000000000001,0.08600000000000001,0.08600000000000001
-0.16986800000000002,0.0,0.07,0.07,0.07
-0.16986400000000001,0.4,0.078,0.078,0.078
-0.16986,-0.4,0.094,0.094,0.094
-0.169856,0.0,0.082,0.082,0.082
-0.169852,0.6000000000000001,0.078,0.078,0.078
-0.169848,-0.2,0.078,0.078,0.078
-0.16984400000000002,0.2,0.08600000000000001,0.08600000000000001,0.08600000000000001
-0.16984000000000002,-0.4,0.078,0.078,0.078
-0.16983600000000001,-0.6000000000000001,0.09,0.09,0.09
-0.169832,0.0,0.07,0.07,0.07
-0.169828,0.2,0.082,0.082,0.082
-0.169824,0.0,0.082,0.082,0.082
-0.16982000000000003,-0.2,0.062,0.062,0.062
-0.16981600000000002,-0.4,0.078,0.078,0.078
-0.16981200000000002,0.0,0.078,0.078,0.078
-0.16980800000000001,-0.4,0.074,0.074,0.074
-0.169804,-0.2,0.08600000000000001,0.08600000000000001,0.08600000000000001
-0.1698,0.4,0.082,0.082,0.082
-0.169796,0.0,0.08600000000000001,0.08600000000000001,0.08600000000000001
-0.169792,-0.2,0.074,0.074,0.074
-0.16978800000000002,0.0,0.074,0.074,0.074
-0.16978400000000002,-0.2,0.08600000000000001,0.08600000000000001,0.08600000000000001
-0.16978000000000001,-0.6000000000000001,0.082,0.082,0.082
-0.169776,-0.6000000000000001,0.08600000000000001,0.08600000000000001,0.08600000000000001
-0.169772,-0.4,0.074,0.074,0.074
-0.169768,-0.2,0.08600000000000001,0.08600000000000001,0.08600000000000001
-0.16976400000000003,-0.2,0.08600000000000001,0.08600000000000001,0.08600000000000001
-0.16976000000000002,0.0,0.082,0.082,0.082
-0.16975600000000002,0.2,0.078,0.078,0.078
-0.16975200000000001,-0.4,0.078,0.078,0.078
-0.169748,0.0,0.08600000000000001,0.08600000000000001,0.08600000000000001
-0.169744,-0.2,0.078,0.078,0.078
-0.16974,-0.2,0.09,0.09,0.09
-0.169736,0.0,0.07,0.07,0.07
-0.16973200000000002,0.0,0.074,0.074,0.074
-0.16972800000000002,0.0,0.078,0.078,0.078
-0.169724,-0.2,0.07,0.07,0.07
-0.16972,-0.2,0.082,0.082,0.082
-0.169716,-0.2,0.078,0.078,0.078
-0.169712,0.0,0.078,0.078,0.078
-0.16970800000000003,-0.2,0.07,0.07,0.07
-0.16970400000000002,-0.4,0.08600000000000001,0.08600000000000001,0.08600000000000001
-0.16970000000000002,-0.4,0.082,0.082,0.082
-0.169696,-0.2,0.078,0.078,0.078
-0.169692,0.0,0.078,0.078,0.078
-0.169688,0.0,0.078,0.078,0.078
-0.169684,0.0,0.074,0.074,0.074
-0.16968,0.2,0.074,0.074,0.074
-0.16967600000000002,0.0,0.08600000000000001,0.08600000000000001,0.08600000000000001
-0.16967200000000002,0.0,0.09,0.09,0.09
-0.169668,-0.6000000000000001,0.078,0.078,0.078
-0.169664,-0.4,0.07,0.07,0.07
-0.16966,0.0,0.078,0.078,0.078
-0.169656,-0.2,0.082,0.082,0.082
-0.16965200000000003,0.0,0.074,0.074,0.074
-0.16964800000000002,0.0,0.08600000000000001,0.08600000000000001,0.08600000000000001
-0.16964400000000002,0.0,0.08600000000000001,0.08600000000000001,0.08600000000000001
-0.16964,-0.4,0.082,0.082,0.082
-0.169636,-0.2,0.09,0.09,0.09
-0.169632,-0.2,0.07,0.07,0.07
-0.169628,-0.2,0.074,0.074,0.074
-0.169624,0.2,0.08600000000000001,0.08600000000000001,0.08600000000000001
-0.16962000000000002,-0.8,0.078,0.078,0.078
-0.16961600000000002,-0.2,0.082,0.082,0.082
-0.169612,0.0,0.078,0.078,0.078
-0.169608,-0.2,0.074,0.074,0.074
-0.169604,0.4,0.08600000000000001,0.08600000000000001,0.08600000000000001
-0.1696,-0.2,0.074,0.074,0.074
-0.16959600000000002,-0.2,0.078,0.078,0.078
-0.16959200000000002,0.2,0.09,0.09,0.09
-0.16958800000000002,-0.4,0.074,0.074,0.074
-0.169584,-0.4,0.08600000000000001,0.08600000000000001,0.08600000000000001
-0.16958,-0.2,0.082,0.082,0.082
-0.169576,0.2,0.078,0.078,0.078
-0.169572,0.0,0.078,0.078,0.078
-0.16956800000000002,0.0,0.074,0.074,0.074
-0.16956400000000002,-0.6000000000000001,0.08600000000000001,0.08600000000000001,0.08600000000000001
-0.16956000000000002,-0.2,0.078,0.078,0.078
-0.169556,-0.4,0.082,0.082,0.082
-0.169552,-0.2,0.078,0.078,0.078
-0.169548,-0.4,0.082,0.082,0.082
-0.16954400000000003,-0.2,0.078,0.078,0.078
-0.16954000000000002,-0.4,0.074,0.074,0.074
-0.16953600000000002,-0.4,0.078,0.078,0.078
-0.16953200000000002,0.0,0.08600000000000001,0.08600000000000001,0.08600000000000001
-0.169528,0.0,0.09,0.09,0.09
-0.169524,0.0,0.08600000000000001,0.08600000000000001,0.08600000000000001
-0.16952,0.2,0.074,0.074,0.074
-0.169516,-0.2,0.08600000000000001,0.08600000000000001,0.08600000000000001
-0.16951200000000002,0.2,0.08600000000000001,0.08600000000000001,0.08600000000000001
-0.16950800000000002,-0.4,0.08600000000000001,0.08600000000000001,0.08600000000000001
-0.16950400000000002,-0.4,0.08600000000000001,0.08600000000000001,0.08600000000000001
-0.1695,0.4,0.08600000000000001,0.08600000000000001,0.08600000000000001
-0.169496,-0.2,0.08600000000000001,0.08600000000000001,0.08600000000000001
-0.169492,0.0,0.08600000000000001,0.08600000000000001,0.08600000000000001
-0.16948800000000003,0.0,0.074,0.074,0.074
-0.16948400000000002,0.2,0.08600000000000001,0.08600000000000001,0.08600000000000001
-0.16948000000000002,-0.2,0.078,0.078,0.078
-0.16947600000000002,0.0,0.078,0.078,0.078
-0.169472,-0.4,0.08600000000000001,0.08600000000000001,0.08600000000000001
-0.169468,-0.2,0.082,0.082,0.082
-0.169464,0.0,0.082,0.082,0.082
-0.16946,-0.2,0.074,0.074,0.074
-0.16945600000000002,-0.6000000000000001,0.078,0.078,0.078
-0.16945200000000002,-0.6000000000000001,0.082,0.082,0.082
-0.16944800000000002,0.0,0.082,0.082,0.082
-0.169444,-0.2,0.082,0.082,0.082
-0.16944,-0.2,0.074,0.074,0.074
-0.169436,-0.4,0.082,0.082,0.082
-0.16943200000000003,-0.2,0.078,0.078,0.078
-0.16942800000000002,-0.2,0.08600000000000001,0.08600000000000001,0.08600000000000001
-0.16942400000000002,0.0,0.082,0.082,0.082
-0.16942000000000002,0.0,0.082,0.082,0.082
-0.169416,0.0,0.078,0.078,0.078
-0.169412,-0.2,0.08600000000000001,0.08600000000000001,0.08600000000000001
-0.169408,0.2,0.078,0.078,0.078
-0.169404,0.0,0.08600000000000001,0.08600000000000001,0.08600000000000001
-0.16940000000000002,-0.2,0.08600000000000001,0.08600000000000001,0.08600000000000001
-0.16939600000000002,-0.4,0.074,0.074,0.074
-0.16939200000000001,0.2,0.082,0.082,0.082
-0.169388,-0.2,0.07,0.07,0.07
-0.169384,-0.2,0.082,0.082,0.082
-0.16938,-0.6000000000000001,0.078,0.078,0.078
-0.16937600000000003,-0.6000000000000001,0.078,0.078,0.078
-0.16937200000000002,0.0,0.082,0.082,0.082
-0.16936800000000002,-0.2,0.082,0.082,0.082
-0.16936400000000001,0.2,0.08600000000000001,0.08600000000000001,0.08600000000000001
-0.16936,0.4,0.094,0.094,0.094
-0.169356,-0.6000000000000001,0.08600000000000001,0.08600000000000001,0.08600000000000001
-0.169352,0.0,0.09,0.09,0.09
-0.169348,0.0,0.09,0.09,0.09
-0.16934400000000002,-0.4,0.082,0.082,0.082
-0.16934000000000002,0.0,0.078,0.078,0.078
-0.16933600000000001,-0.2,0.082,0.082,0.082
-0.169332,-0.2,0.078,0.078,0.078
-0.169328,0.0,0.074,0.074,0.074
-0.169324,-0.2,0.078,0.078,0.078
-0.16932000000000003,-0.2,0.078,0.078,0.078
-0.16931600000000002,0.0,0.074,0.074,0.074
-0.16931200000000002,-0.4,0.078,0.078,0.078
-0.16930800000000001,0.0,0.082,0.082,0.082
-0.169304,-0.4,0.078,0.078,0.078
-0.1693,-0.2,0.08600000000000001,0.08600000000000001,0.08600000000000001
-0.169296,0.2,0.078,0.078,0.078
-0.169292,0.0,0.082,0.082,0.082
-0.16928800000000002,0.2,0.082,0.082,0.082
-0.16928400000000002,0.0,0.078,0.078,0.078
-0.16928,-0.2,0.07,0.07,0.07
-0.169276,-0.2,0.074,0.074,0.074
-0.169272,-0.2,0.082,0.082,0.082
-0.169268,0.0,0.09,0.09,0.09
-0.16926400000000003,0.0,0.09,0.09,0.09
-0.16926000000000002,-0.4,0.07,0.07,0.07
-0.16925600000000002,0.0,0.08600000000000001,0.08600000000000001,0.08600000000000001
-0.169252,0.2,0.08600000000000001,0.08600000000000001,0.08600000000000001
-0.169248,-0.4,0.078,0.078,0.078
-0.169244,-0.2,0.08600000000000001,0.08600000000000001,0.08600000000000001
-0.16924,0.0,0.082,0.082,0.082
-0.169236,0.2,0.07,0.07,0.07
-0.16923200000000002,0.0,0.082,0.082,0.082
-0.16922800000000002,-0.2,0.078,0.078,0.078
-0.169224,0.2,0.066,0.066,0.066
-0.16922,-0.2,0.082,0.082,0.082
-0.169216,-0.2,0.074,0.074,0.074
-0.169212,0.2,0.082,0.082,0.082
-0.16920800000000003,-0.2,0.09,0.09,0.09
-0.16920400000000002,0.0,0.082,0.082,0.082
-0.16920000000000002,0.2,0.074,0.074,0.074
-0.169196,-0.2,0.078,0.078,0.078
-0.169192,0.0,0.082,0.082,0.082
-0.169188,-0.2,0.08600000000000001,0.08600000000000001,0.08600000000000001
-0.169184,-0.2,0.066,0.066,0.066
-0.16918,-0.2,0.074,0.074,0.074
-0.16917600000000002,-0.2,0.074,0.074,0.074
-0.16917200000000002,0.0,0.082,0.082,0.082
-0.169168,0.0,0.074,0.074,0.074
-0.169164,-1.0,0.078,0.078,0.078
-0.16916,-0.2,0.074,0.074,0.074
-0.169156,-0.4,0.08600000000000001,0.08600000000000001,0.08600000000000001
-0.16915200000000002,0.0,0.07,0.07,0.07
-0.16914800000000002,0.2,0.074,0.074,0.074
-0.16914400000000002,-0.4,0.08600000000000001,0.08600000000000001,0.08600000000000001
-0.16914,-0.2,0.078,0.078,0.078
-0.169136,0.2,0.082,0.082,0.082
-0.169132,-0.2,0.082,0.082,0.082
-0.169128,-0.4,0.082,0.082,0.082
-0.16912400000000002,-0.6000000000000001,0.082,0.082,0.082
-0.16912000000000002,-0.4,0.07,0.07,0.07
-0.16911600000000002,-0.2,0.09,0.09,0.09
-0.169112,-0.2,0.082,0.082,0.082
-0.169108,-0.4,0.078,0.078,0.078
-0.169104,0.2,0.078,0.078,0.078
-0.16910000000000003,-0.4,0.09,0.09,0.09
-0.16909600000000002,0.0,0.074,0.074,0.074
-0.16909200000000002,0.0,0.078,0.078,0.078
-0.16908800000000002,-0.2,0.08600000000000001,0.08600000000000001,0.08600000000000001
-0.169084,-0.2,0.07,0.07,0.07
-0.16908,0.0,0.08600000000000001,0.08600000000000001,0.08600000000000001
-0.169076,-0.2,0.074,0.074,0.074
-0.169072,-0.2,0.07,0.07,0.07
-0.16906800000000002,0.0,0.082,0.082,0.082
-0.16906400000000002,-0.2,0.074,0.074,0.074
-0.16906000000000002,-0.4,0.074,0.074,0.074
-0.169056,-0.2,0.078,0.078,0.078
-0.169052,-0.2,0.08600000000000001,0.08600000000000001,0.08600000000000001
-0.169048,-0.2,0.082,0.082,0.082
-0.16904400000000003,0.0,0.082,0.082,0.082
-0.16904000000000002,-0.6000000000000001,0.07,0.07,0.07
-0.16903600000000002,-0.4,0.08600000000000001,0.08600000000000001,0.08600000000000001
-0.16903200000000002,-0.6000000000000001,0.078,0.078,0.078
-0.169028,-0.2,0.074,0.074,0.074
-0.169024,-0.2,0.07,0.07,0.07
-0.16902,-0.2,0.08600000000000001,0.08600000000000001,0.08600000000000001
-0.169016,-0.2,0.078,0.078,0.078
-0.16901200000000002,0.0,0.09,0.09,0.09
-0.16900800000000002,-0.2,0.078,0.078,0.078
-0.16900400000000002,0.0,0.074,0.074,0.074
-0.169,-0.6000000000000001,0.078,0.078,0.078
-0.168996,0.0,0.08600000000000001,0.08600000000000001,0.08600000000000001
-0.168992,0.0,0.082,0.082,0.082
-0.16898800000000003,0.0,0.08600000000000001,0.08600000000000001,0.08600000000000001
-0.16898400000000002,0.2,0.08600000000000001,0.08600000000000001,0.08600000000000001
-0.16898000000000002,-0.2,0.074,0.074,0.074
-0.16897600000000002,0.0,0.094,0.094,0.094
-0.168972,0.4,0.082,0.082,0.082
-0.168968,-0.2,0.078,0.078,0.078
-0.168964,-0.4,0.09,0.09,0.09
-0.16896,0.2,0.07,0.07,0.07
-0.16895600000000002,-0.2,0.078,0.078,0.078
-0.16895200000000002,-0.2,0.09,0.09,0.09
-0.16894800000000001,-0.2,0.08600000000000001,0.08600000000000001,0.08600000000000001
-0.168944,0.2,0.078,0.078,0.078
-0.16894,0.0,0.07,0.07,0.07
-0.168936,0.0,0.078,0.078,0.078
-0.16893200000000003,-0.6000000000000001,0.08600000000000001,0.08600000000000001,0.08600000000000001
-0.16892800000000002,0.0,0.08600000000000001,0.08600000000000001,0.08600000000000001
-0.16892400000000002,-0.2,0.08600000000000001,0.08600000000000001,0.08600000000000001
-0.16892000000000001,0.4,0.074,0.074,0.074
-0.168916,-0.4,0.07,0.07,0.07
-0.168912,-0.2,0.094,0.094,0.094
-0.168908,0.2,0.078,0.078,0.078
-0.168904,-0.4,0.094,0.094,0.094
-0.16890000000000002,0.0,0.074,0.074,0.074
-0.16889600000000002,-0.2,0.08600000000000001,0.08600000000000001,0.08600000000000001
-0.16889200000000001,0.0,0.082,0.082,0.082
-0.168888,-0.2,0.08600000000000001,0.08600000000000001,0.08600000000000001
-0.168884,-0.6000000000000001,0.074,0.074,0.074
-0.16888,-0.2,0.08600000000000001,0.08600000000000001,0.08600000000000001
-0.16887600000000003,-0.4,0.07,0.07,0.07
-0.16887200000000002,-0.6000000000000001,0.074,0.074,0.074
-0.16886800000000002,-0.2,0.09,0.09,0.09
-0.16886400000000001,0.4,0.074,0.074,0.074
-0.16886,-0.2,0.082,0.082,0.082
-0.168856,0.2,0.078,0.078,0.078
-0.168852,0.0,0.074,0.074,0.074
-0.168848,0.0,0.09,0.09,0.09
-0.16884400000000002,-0.4,0.082,0.082,0.082
-0.16884000000000002,0.2,0.078,0.078,0.078
-0.168836,-0.2,0.078,0.078,0.078
-0.168832,0.0,0.074,0.074,0.074
-0.168828,0.0,0.09,0.09,0.09
-0.168824,0.2,0.082,0.082,0.082
-0.16882000000000003,0.0,0.078,0.078,0.078
-0.16881600000000002,0.2,0.082,0.082,0.082
-0.16881200000000002,-0.2,0.08600000000000001,0.08600000000000001,0.08600000000000001
-0.168808,0.0,0.074,0.074,0.074
-0.168804,0.0,0.078,0.078,0.078
-0.1688,-0.4,0.09,0.09,0.09
-0.168796,-0.2,0.07,0.07,0.07
-0.168792,0.0,0.078,0.078,0.078
-0.16878800000000002,-0.2,0.078,0.078,0.078
-0.16878400000000002,-0.2,0.078,0.078,0.078
-0.16878,0.0,0.09,0.09,0.09
-0.168776,0.0,0.09,0.09,0.09
-0.168772,-0.4,0.078,0.078,0.078
-0.168768,0.2,0.078,0.078,0.078
-0.16876400000000003,-0.4,0.078,0.078,0.078
-0.16876000000000002,-0.2,0.08600000000000001,0.08600000000000001,0.08600000000000001
-0.16875600000000002,0.0,0.09,0.09,0.09
-0.168752,0.2,0.082,0.082,0.082
-0.168748,-0.2,0.08600000000000001,0.08600000000000001,0.08600000000000001
-0.168744,-0.2,0.09,0.09,0.09
-0.16874,-0.2,0.082,0.082,0.082
-0.168736,-0.2,0.074,0.074,0.074
-0.16873200000000002,0.0,0.07,0.07,0.07
-0.16872800000000002,-0.2,0.08600000000000001,0.08600000000000001,0.08600000000000001
-0.168724,0.0,0.082,0.082,0.082
-0.16872,0.0,0.074,0.074,0.074
-0.168716,0.2,0.078,0.078,0.078
-0.16871200000000003,0.2,0.066,0.066,0.066
-0.16870800000000002,0.0,0.082,0.082,0.082
-0.16870400000000002,-0.4,0.074,0.074,0.074
-0.16870000000000002,-0.4,0.082,0.082,0.082
-0.168696,-0.2,0.08600000000000001,0.08600000000000001,0.08600000000000001
-0.168692,-0.4,0.078,0.078,0.078
-0.168688,-0.2,0.078,0.078,0.078
-0.168684,0.0,0.074,0.074,0.074
-0.16868,-0.6000000000000001,0.074,0.074,0.074
-0.16867600000000002,0.2,0.074,0.074,0.074
-0.16867200000000002,0.0,0.078,0.078,0.078
-0.168668,0.2,0.078,0.078,0.078
-0.168664,0.0,0.074,0.074,0.074
-0.16866,-0.2,0.078,0.078,0.078
-0.16865600000000003,-0.2,0.082,0.082,0.082
-0.16865200000000002,0.0,0.09,0.09,0.09
-0.16864800000000002,-0.4,0.082,0.082,0.082
-0.16864400000000002,0.4,0.08600000000000001,0.08600000000000001,0.08600000000000001
-0.16864,-0.4,0.078,0.078,0.078
-0.168636,-0.2,0.09,0.09,0.09
-0.168632,0.2,0.082,0.082,0.082
-0.168628,0.0,0.09,0.09,0.09
-0.168624,-0.4,0.094,0.094,0.094
-0.16862000000000002,-0.2,0.078,0.078,0.078
-0.16861600000000002,0.2,0.082,0.082,0.082
-0.168612,-0.2,0.078,0.078,0.078
-0.168608,-0.2,0.078,0.078,0.078
-0.168604,-0.2,0.08600000000000001,0.08600000000000001,0.08600000000000001
-0.16860000000000003,0.4,0.078,0.078,0.078
-0.16859600000000002,-0.2,0.07,0.07,0.07
-0.16859200000000002,-0.4,0.082,0.082,0.082
-0.16858800000000002,-0.2,0.066,0.066,0.066
-0.168584,-0.2,0.08600000000000001,0.08600000000000001,0.08600000000000001
-0.16858,0.0,0.082,0.082,0.082
-0.168576,-0.2,0.074,0.074,0.074
-0.168572,0.0,0.08600000000000001,0.08600000000000001,0.08600000000000001
-0.168568,0.2,0.074,0.074,0.074
-0.16856400000000002,0.0,0.08600000000000001,0.08600000000000001,0.08600000000000001
-0.16856000000000002,0.2,0.09,0.09,0.09
-0.168556,-0.2,0.09,0.09,0.09
-0.168552,0.0,0.066,0.066,0.066
-0.168548,0.2,0.078,0.078,0.078
-0.16854400000000003,-0.4,0.066,0.066,0.066
-0.16854000000000002,-0.2,0.082,0.082,0.082
-0.16853600000000002,-0.2,0.074,0.074,0.074
-0.16853200000000002,0.0,0.078,0.078,0.078
-0.168528,0.2,0.074,0.074,0.074
-0.168524,-0.4,0.074,0.074,0.074
-0.16852,-0.6000000000000001,0.078,0.078,0.078
-0.168516,0.0,0.078,0.078,0.078
-0.16851200000000002,-0.4,0.078,0.078,0.078
-0.16850800000000002,0.2,0.074,0.074,0.074
-0.16850400000000001,-0.2,0.082,0.082,0.082
-0.1685,-0.2,0.082,0.082,0.082
-0.168496,-0.2,0.078,0.078,0.078
-0.168492,0.0,0.08600000000000001,0.08600000000000001,0.08600000000000001
-0.16848800000000003,-0.2,0.07,0.07,0.07
-0.16848400000000002,-0.4,0.08600000000000001,0.08600000000000001,0.08600000000000001
-0.16848000000000002,-0.2,0.078,0.078,0.078
-0.16847600000000001,-0.4,0.08600000000000001,0.08600000000000001,0.08600000000000001
-0.168472,-0.2,0.08600000000000001,0.08600000000000001,0.08600000000000001
-0.168468,0.2,0.07,0.07,0.07
-0.168464,0.2,0.08600000000000001,0.08600000000000001,0.08600000000000001
-0.16846,-0.2,0.094,0.094,0.094
-0.16845600000000002,-0.2,0.074,0.074,0.074
-0.16845200000000002,0.0,0.078,0.078,0.078
-0.16844800000000001,0.0,0.074,0.074,0.074
-0.168444,0.0,0.08600000000000001,0.08600000000000001,0.08600000000000001
-0.16844,-0.2,0.07,0.07,0.07
-0.168436,-0.4,0.074,0.074,0.074
-0.16843200000000003,-0.2,0.078,0.078,0.078
-0.16842800000000002,-0.2,0.066,0.066,0.066
-0.16842400000000002,-0.2,0.08600000000000001,0.08600000000000001,0.08600000000000001
-0.16842000000000001,0.0,0.08600000000000001,0.08600000000000001,0.08600000000000001
-0.168416,0.0,0.074,0.074,0.074
-0.168412,-0.4,0.078,0.078,0.078
-0.168408,-0.2,0.082,0.082,0.082
-0.168404,0.0,0.074,0.074,0.074
-0.16840000000000002,-0.4,0.082,0.082,0.082
-0.16839600000000002,-0.4,0.078,0.078,0.078
-0.16839200000000001,0.0,0.08600000000000001,0.08600000000000001,0.08600000000000001
-0.168388,-0.2,0.078,0.078,0.078
-0.168384,-0.2,0.082,0.082,0.082
-0.16838000000000003,0.0,0.074,0.074,0.074
-0.16837600000000003,0.4,0.078,0.078,0.078
-0.16837200000000002,0.2,0.08600000000000001,0.08600000000000001,0.08600000000000001
-0.16836800000000002,-0.4,0.074,0.074,0.074
-0.168364,0.0,0.078,0.078,0.078
-0.16836,-0.2,0.082,0.082,0.082
-0.168356,0.2,0.082,0.082,0.082
-0.168352,0.2,0.078,0.078,0.078
-0.168348,0.0,0.066,0.066,0.066
-0.16834400000000002,0.0,0.082,0.082,0.082
-0.16834000000000002,0.0,0.082,0.082,0.082
-0.168336,0.0,0.08600000000000001,0.08600000000000001,0.08600000000000001
-0.168332,-0.2,0.082,0.082,0.082
-0.168328,-0.2,0.08600000000000001,0.08600000000000001,0.08600000000000001
-0.16832400000000003,0.0,0.094,0.094,0.094
-0.16832000000000003,-0.2,0.08600000000000001,0.08600000000000001,0.08600000000000001
-0.16831600000000002,0.0,0.08600000000000001,0.08600000000000001,0.08600000000000001
-0.16831200000000002,-0.4,0.074,0.074,0.074
-0.168308,-0.2,0.066,0.066,0.066
-0.168304,-0.2,0.08600000000000001,0.08600000000000001,0.08600000000000001
-0.1683,0.0,0.082,0.082,0.082
-0.168296,0.0,0.082,0.082,0.082
-0.168292,0.0,0.082,0.082,0.082
-0.16828800000000002,-0.2,0.07,0.07,0.07
-0.16828400000000002,-0.4,0.078,0.078,0.078
-0.16828,0.2,0.074,0.074,0.074
-0.168276,-0.6000000000000001,0.082,0.082,0.082
-0.168272,0.0,0.074,0.074,0.074
-0.16826800000000003,0.0,0.09,0.09,0.09
-0.16826400000000002,-0.2,0.082,0.082,0.082
-0.16826000000000002,-0.2,0.082,0.082,0.082
-0.16825600000000002,-0.2,0.09,0.09,0.09
-0.168252,-0.2,0.074,0.074,0.074
-0.168248,-0.6000000000000001,0.082,0.082,0.082
-0.168244,0.0,0.078,0.078,0.078
-0.16824,0.0,0.07,0.07,0.07
-0.168236,-0.4,0.082,0.082,0.082
-0.16823200000000002,0.0,0.082,0.082,0.082
-0.16822800000000002,-0.4,0.08600000000000001,0.08600000000000001,0.08600000000000001
-0.168224,0.0,0.074,0.074,0.074
-0.16822,-0.2,0.074,0.074,0.074
-0.168216,0.0,0.078,0.078,0.078
-0.16821200000000003,0.0,0.07,0.07,0.07
-0.16820800000000002,0.0,0.08600000000000001,0.08600000000000001,0.08600000000000001
-0.16820400000000002,0.0,0.082,0.082,0.082
-0.16820000000000002,0.2,0.078,0.078,0.078
-0.168196,0.2,0.078,0.078,0.078
-0.168192,-0.2,0.08600000000000001,0.08600000000000001,0.08600000000000001
-0.168188,-0.4,0.078,0.078,0.078
-0.168184,-0.2,0.082,0.082,0.082
-0.16818,-0.4,0.08600000000000001,0.08600000000000001,0.08600000000000001
-0.16817600000000002,-0.2,0.082,0.082,0.082
-0.16817200000000002,0.2,0.09,0.09,0.09
-0.168168,0.0,0.078,0.078,0.078
-0.168164,0.0,0.082,0.082,0.082
-0.16816,-0.6000000000000001,0.09,0.09,0.09
-0.16815600000000003,0.0,0.082,0.082,0.082
-0.16815200000000002,0.0,0.082,0.082,0.082
-0.16814800000000002,0.0,0.082,0.082,0.082
-0.16814400000000002,0.4,0.082,0.082,0.082
-0.16814,0.0,0.09,0.09,0.09
-0.168136,-0.6000000000000001,0.078,0.078,0.078
-0.168132,0.0,0.078,0.078,0.078
-0.168128,0.2,0.08600000000000001,0.08600000000000001,0.08600000000000001
-0.168124,0.2,0.074,0.074,0.074
-0.16812000000000002,-0.4,0.074,0.074,0.074
-0.16811600000000002,0.0,0.082,0.082,0.082
-0.168112,-0.2,0.09,0.09,0.09
-0.168108,-0.2,0.08600000000000001,0.08600000000000001,0.08600000000000001
-0.168104,0.2,0.078,0.078,0.078
-0.16810000000000003,-0.2,0.078,0.078,0.078
-0.16809600000000002,0.2,0.08600000000000001,0.08600000000000001,0.08600000000000001
-0.16809200000000002,-0.2,0.078,0.078,0.078
-0.16808800000000002,0.0,0.074,0.074,0.074
-0.168084,-0.2,0.082,0.082,0.082
-0.16808,0.0,0.08600000000000001,0.08600000000000001,0.08600000000000001
-0.168076,0.0,0.078,0.078,0.078
-0.168072,-0.4,0.066,0.066,0.066
-0.16806800000000002,-0.4,0.074,0.074,0.074
-0.16806400000000002,0.2,0.082,0.082,0.082
-0.16806000000000001,0.2,0.09,0.09,0.09
-0.168056,0.0,0.074,0.074,0.074
-0.168052,-0.2,0.078,0.078,0.078
-0.168048,-0.2,0.07,0.07,0.07
-0.16804400000000003,-0.2,0.082,0.082,0.082
-0.16804000000000002,0.0,0.08600000000000001,0.08600000000000001,0.08600000000000001
-0.16803600000000002,-0.4,0.08600000000000001,0.08600000000000001,0.08600000000000001
-0.16803200000000001,-0.4,0.074,0.074,0.074
-0.168028,-0.2,0.078,0.078,0.078
-0.168024,-0.4,0.078,0.078,0.078
-0.16802,0.0,0.066,0.066,0.066
-0.168016,0.0,0.074,0.074,0.074
-0.16801200000000002,-0.4,0.098,0.098,0.098
-0.16800800000000002,0.0,0.078,0.078,0.078
-0.16800400000000001,0.0,0.082,0.082,0.082
-0.168,0.0,0.078,0.078,0.078
-0.167996,-0.2,0.074,0.074,0.074
-0.167992,-0.4,0.094,0.094,0.094
-0.16798800000000003,-0.4,0.078,0.078,0.078
-0.16798400000000002,-0.4,0.08600000000000001,0.08600000000000001,0.08600000000000001
-0.16798000000000002,0.8,0.082,0.082,0.082
-0.16797600000000001,-0.4,0.066,0.066,0.066
-0.167972,-0.2,0.074,0.074,0.074
-0.167968,0.0,0.078,0.078,0.078
-0.167964,-0.2,0.066,0.066,0.066
-0.16796,-0.2,0.094,0.094,0.094
-0.16795600000000002,-0.2,0.07,0.07,0.07
-0.16795200000000002,-0.2,0.074,0.074,0.074
-0.16794800000000001,-0.6000000000000001,0.074,0.074,0.074
-0.167944,0.0,0.074,0.074,0.074
-0.16794,0.2,0.08600000000000001,0.08600000000000001,0.08600000000000001
-0.16793600000000003,-0.8,0.082,0.082,0.082
-0.16793200000000003,0.0,0.08600000000000001,0.08600000000000001,0.08600000000000001
-0.16792800000000002,-0.6000000000000001,0.08600000000000001,0.08600000000000001,0.08600000000000001
-0.16792400000000002,0.2,0.078,0.078,0.078
-0.16792,0.2,0.078,0.078,0.078
-0.167916,0.0,0.082,0.082,0.082
-0.167912,0.0,0.082,0.082,0.082
-0.167908,-0.2,0.08600000000000001,0.08600000000000001,0.08600000000000001
-0.167904,-0.6000000000000001,0.082,0.082,0.082
-0.16790000000000002,0.0,0.094,0.094,0.094
-0.16789600000000002,-0.4,0.08600000000000001,0.08600000000000001,0.08600000000000001
-0.167892,0.0,0.082,0.082,0.082
-0.167888,-0.4,0.074,0.074,0.074
-0.167884,-0.2,0.074,0.074,0.074
-0.16788000000000003,-0.4,0.082,0.082,0.082
-0.16787600000000003,0.0,0.08600000000000001,0.08600000000000001,0.08600000000000001
-0.16787200000000002,-0.2,0.08600000000000001,0.08600000000000001,0.08600000000000001
-0.16786800000000002,0.2,0.08600000000000001,0.08600000000000001,0.08600000000000001
-0.167864,0.0,0.08600000000000001,0.08600000000000001,0.08600000000000001
-0.16786,-0.2,0.082,0.082,0.082
-0.167856,0.0,0.078,0.078,0.078
-0.167852,0.2,0.078,0.078,0.078
-0.167848,-0.4,0.07,0.07,0.07
-0.16784400000000002,-0.2,0.082,0.082,0.082
-0.16784000000000002,0.0,0.082,0.082,0.082
-0.167836,0.0,0.09,0.09,0.09
-0.167832,0.2,0.078,0.078,0.078
-0.167828,0.0,0.082,0.082,0.082
-0.16782400000000003,0.0,0.08600000000000001,0.08600000000000001,0.08600000000000001
-0.16782000000000002,0.0,0.074,0.074,0.074
-0.16781600000000002,0.2,0.078,0.078,0.078
-0.16781200000000002,0.0,0.08600000000000001,0.08600000000000001,0.08600000000000001
-0.167808,-0.2,0.078,0.078,0.078
-0.167804,0.2,0.08600000000000001,0.08600000000000001,0.08600000000000001
-0.1678,-0.4,0.082,0.082,0.082
-0.167796,0.0,0.078,0.078,0.078
-0.167792,-0.6000000000000001,0.082,0.082,0.082
-0.16778800000000002,0.4,0.082,0.082,0.082
-0.16778400000000002,0.2,0.078,0.078,0.078
-0.16778,-0.2,0.078,0.078,0.078
-0.167776,-0.2,0.074,0.074,0.074
-0.167772,0.2,0.08600000000000001,0.08600000000000001,0.08600000000000001
-0.16776800000000003,-0.2,0.078,0.078,0.078
-0.16776400000000002,0.0,0.082,0.082,0.082
-0.16776000000000002,-0.2,0.074,0.074,0.074
-0.16775600000000002,0.4,0.09,0.09,0.09
-0.167752,-0.2,0.074,0.074,0.074
-0.167748,-0.2,0.082,0.082,0.082
-0.167744,0.0,0.078,0.078,0.078
-0.16774,0.2,0.078,0.078,0.078
-0.167736,-0.4,0.08600000000000001,0.08600000000000001,0.08600000000000001
-0.16773200000000002,0.0,0.082,0.082,0.082
-0.16772800000000002,-0.6000000000000001,0.074,0.074,0.074
-0.167724,0.0,0.082,0.082,0.082
-0.16772,-0.2,0.078,0.078,0.078
-0.167716,-0.2,0.078,0.078,0.078
-0.16771200000000003,-0.6000000000000001,0.09,0.09,0.09
-0.16770800000000002,0.0,0.082,0.082,0.082
-0.16770400000000002,0.0,0.082,0.082,0.082
-0.16770000000000002,0.2,0.078,0.078,0.078
-0.167696,-0.4,0.08600000000000001,0.08600000000000001,0.08600000000000001
-0.167692,-0.6000000000000001,0.08600000000000001,0.08600000000000001,0.08600000000000001
-0.167688,0.0,0.066,0.066,0.066
-0.167684,-0.6000000000000001,0.074,0.074,0.074
-0.16768,0.0,0.082,0.082,0.082
-0.16767600000000002,0.0,0.078,0.078,0.078
-0.16767200000000002,-0.2,0.078,0.078,0.078
-0.167668,0.0,0.08600000000000001,0.08600000000000001,0.08600000000000001
-0.167664,0.6000000000000001,0.08600000000000001,0.08600000000000001,0.08600000000000001
-0.16766,-0.2,0.09,0.09,0.09
-0.16765600000000003,0.4,0.082,0.082,0.082
-0.16765200000000002,-0.2,0.082,0.082,0.082
-0.16764800000000002,-0.4,0.078,0.078,0.078
-0.16764400000000002,-0.2,0.08600000000000001,0.08600000000000001,0.08600000000000001
-0.16764,0.2,0.08600000000000001,0.08600000000000001,0.08600000000000001
-0.167636,-0.2,0.082,0.082,0.082
-0.167632,-0.6000000000000001,0.09,0.09,0.09
-0.167628,0.0,0.09,0.09,0.09
-0.167624,0.2,0.082,0.082,0.082
-0.16762000000000002,-0.2,0.082,0.082,0.082
-0.16761600000000001,0.0,0.08600000000000001,0.08600000000000001,0.08600000000000001
-0.167612,0.0,0.08600000000000001,0.08600000000000001,0.08600000000000001
-0.167608,0.0,0.09,0.09,0.09
-0.167604,-0.2,0.09,0.09,0.09
-0.16760000000000003,-0.2,0.09,0.09,0.09
-0.16759600000000002,-0.2,0.08600000000000001,0.08600000000000001,0.08600000000000001
-0.16759200000000002,-0.2,0.082,0.082,0.082
-0.16758800000000001,0.0,0.078,0.078,0.078
-0.167584,-0.4,0.078,0.078,0.078
-0.16758,0.0,0.074,0.074,0.074
-0.167576,-0.6000000000000001,0.082,0.082,0.082
-0.167572,-0.6000000000000001,0.09,0.09,0.09
-0.16756800000000002,-0.4,0.09,0.09,0.09
-0.16756400000000002,-0.2,0.074,0.074,0.074
-0.16756000000000001,-0.4,0.09,0.09,0.09
-0.167556,0.2,0.082,0.082,0.082
-0.167552,0.0,0.094,0.094,0.094
-0.167548,-0.2,0.09,0.09,0.09
-0.16754400000000003,-0.2,0.066,0.066,0.066
-0.16754000000000002,0.0,0.078,0.078,0.078
-0.16753600000000002,0.0,0.08600000000000001,0.08600000000000001,0.08600000000000001
-0.16753200000000001,0.2,0.074,0.074,0.074
-0.167528,-0.2,0.078,0.078,0.078
-0.167524,0.2,0.07,0.07,0.07
-0.16752,-0.2,0.082,0.082,0.082
-0.167516,0.0,0.078,0.078,0.078
-0.16751200000000002,-0.2,0.07,0.07,0.07
-0.16750800000000002,0.0,0.082,0.082,0.082
-0.16750400000000001,-0.4,0.082,0.082,0.082
-0.1675,-0.2,0.078,0.078,0.078
-0.167496,-0.6000000000000001,0.074,0.074,0.074
-0.16749200000000003,-0.4,0.078,0.078,0.078
-0.16748800000000003,-0.4,0.07,0.07,0.07
-0.16748400000000002,0.2,0.074,0.074,0.074
-0.16748000000000002,-0.2,0.082,0.082,0.082
-0.167476,-0.2,0.074,0.074,0.074
-0.167472,0.0,0.09,0.09,0.09
-0.167468,-0.4,0.078,0.078,0.078
-0.167464,-0.4,0.078,0.078,0.078
-0.16746,-0.2,0.078,0.078,0.078
-0.16745600000000002,-0.4,0.078,0.078,0.078
-0.16745200000000002,-0.2,0.074,0.074,0.074
-0.167448,-0.2,0.078,0.078,0.078
-0.167444,-0.2,0.082,0.082,0.082
-0.16744,0.0,0.078,0.078,0.078
-0.16743600000000003,-0.2,0.078,0.078,0.078
-0.16743200000000003,-0.6000000000000001,0.078,0.078,0.078
-0.16742800000000002,-0.2,0.08600000000000001,0.08600000000000001,0.08600000000000001
-0.16742400000000002,0.0,0.074,0.074,0.074
-0.16742,0.0,0.08600000000000001,0.08600000000000001,0.08600000000000001
-0.167416,-0.4,0.074,0.074,0.074
-0.167412,-0.4,0.078,0.078,0.078
-0.167408,-0.2,0.078,0.078,0.078
-0.167404,-0.2,0.078,0.078,0.078
-0.16740000000000002,-0.6000000000000001,0.082,0.082,0.082
-0.16739600000000002,0.0,0.082,0.082,0.082
-0.167392,-0.4,0.08600000000000001,0.08600000000000001,0.08600000000000001
-0.167388,-0.4,0.07,0.07,0.07
-0.167384,0.0,0.078,0.078,0.078
-0.16738000000000003,-0.6000000000000001,0.074,0.074,0.074
-0.16737600000000002,-0.4,0.094,0.094,0.094
-0.16737200000000002,-0.2,0.074,0.074,0.074
-0.16736800000000002,-0.4,0.078,0.078,0.078
-0.167364,-0.2,0.082,0.082,0.082
-0.16736,-0.2,0.07,0.07,0.07
-0.167356,0.0,0.078,0.078,0.078
-0.167352,-0.2,0.078,0.078,0.078
-0.167348,-0.2,0.078,0.078,0.078
-0.16734400000000002,0.0,0.082,0.082,0.082
-0.16734000000000002,0.0,0.074,0.074,0.074
-0.167336,0.0,0.09,0.09,0.09
-0.167332,0.0,0.074,0.074,0.074
-0.167328,-0.2,0.07,0.07,0.07
-0.16732400000000003,0.0,0.08600000000000001,0.08600000000000001,0.08600000000000001
-0.16732000000000002,0.0,0.08600000000000001,0.08600000000000001,0.08600000000000001
-0.16731600000000002,-0.2,0.082,0.082,0.082
-0.16731200000000002,0.2,0.074,0.074,0.074
-0.167308,-0.6000000000000001,0.082,0.082,0.082
-0.167304,-0.2,0.078,0.078,0.078
-0.1673,-0.6000000000000001,0.078,0.078,0.078
-0.167296,0.0,0.07,0.07,0.07
-0.167292,-0.4,0.074,0.074,0.074
-0.16728800000000002,-0.2,0.082,0.082,0.082
-0.16728400000000002,-0.8,0.082,0.082,0.082
-0.16728,-0.2,0.078,0.078,0.078
-0.167276,-0.2,0.082,0.082,0.082
-0.167272,-0.4,0.09,0.09,0.09
-0.16726800000000003,-0.4,0.082,0.082,0.082
-0.16726400000000002,0.2,0.082,0.082,0.082
-0.16726000000000002,0.2,0.078,0.078,0.078
-0.16725600000000002,0.0,0.09,0.09,0.09
-0.167252,0.0,0.08600000000000001,0.08600000000000001,0.08600000000000001
-0.167248,-0.4,0.082,0.082,0.082
-0.167244,0.0,0.074,0.074,0.074
-0.16724,-0.2,0.08600000000000001,0.08600000000000001,0.08600000000000001
-0.167236,0.0,0.082,0.082,0.082
-0.16723200000000002,-0.4,0.082,0.082,0.082
-0.16722800000000002,-0.2,0.07,0.07,0.07
-0.167224,-0.2,0.074,0.074,0.074
-0.16722,0.2,0.074,0.074,0.074
-0.167216,-0.2,0.078,0.078,0.078
-0.16721200000000003,0.0,0.08600000000000001,0.08600000000000001,0.08600000000000001
-0.16720800000000002,-0.2,0.082,0.082,0.082
-0.16720400000000002,-0.2,0.078,0.078,0.078
-0.16720000000000002,-0.4,0.078,0.078,0.078
-0.167196,0.0,0.078,0.078,0.078
-0.167192,-0.2,0.08600000000000001,0.08600000000000001,0.08600000000000001
-0.167188,-0.2,0.078,0.078,0.078
-0.167184,0.0,0.082,0.082,0.082
-0.16718,-0.2,0.074,0.074,0.074
-0.16717600000000002,0.2,0.09,0.09,0.09
-0.16717200000000002,-0.2,0.08600000000000001,0.08600000000000001,0.08600000000000001
-0.167168,0.0,0.082,0.082,0.082
-0.167164,-0.2,0.082,0.082,0.082
-0.16716,-0.4,0.078,0.078,0.078
-0.16715600000000003,-0.2,0.08600000000000001,0.08600000000000001,0.08600000000000001
-0.16715200000000002,-0.2,0.074,0.074,0.074
-0.16714800000000002,0.2,0.09,0.09,0.09
-0.16714400000000001,-0.2,0.082,0.082,0.082
-0.16714,0.2,0.078,0.078,0.078
-0.167136,-0.4,0.078,0.078,0.078
-0.167132,-0.6000000000000001,0.078,0.078,0.078
-0.167128,0.2,0.078,0.078,0.078
-0.16712400000000002,-0.4,0.074,0.074,0.074
-0.16712000000000002,-0.4,0.094,0.094,0.094
-0.16711600000000001,-0.2,0.08600000000000001,0.08600000000000001,0.08600000000000001
-0.167112,-0.2,0.082,0.082,0.082
-0.167108,0.0,0.08600000000000001,0.08600000000000001,0.08600000000000001
-0.167104,-0.4,0.082,0.082,0.082
-0.16710000000000003,0.0,0.082,0.082,0.082
-0.16709600000000002,0.0,0.082,0.082,0.082
-0.16709200000000002,-0.2,0.082,0.082,0.082
-0.16708800000000001,-0.2,0.078,0.078,0.078
-0.167084,-0.6000000000000001,0.078,0.078,0.078
-0.16708,-0.4,0.094,0.094,0.094
-0.167076,-0.2,0.08600000000000001,0.08600000000000001,0.08600000000000001
-0.167072,-0.2,0.074,0.074,0.074
-0.16706800000000002,0.0,0.082,0.082,0.082
-0.16706400000000002,0.2,0.082,0.082,0.082
-0.16706000000000001,-0.2,0.082,0.082,0.082
-0.167056,0.2,0.074,0.074,0.074
-0.167052,-0.2,0.08600000000000001,0.08600000000000001,0.08600000000000001
-0.16704800000000003,-0.4,0.074,0.074,0.074
-0.16704400000000003,-0.2,0.078,0.078,0.078
-0.16704000000000002,-0.4,0.08600000000000001,0.08600000000000001,0.08600000000000001
-0.16703600000000002,0.0,0.078,0.078,0.078
-0.167032,0.0,0.09,0.09,0.09
-0.167028,0.2,0.082,0.082,0.082
-0.167024,0.4,0.078,0.078,0.078
-0.16702,-0.2,0.08600000000000001,0.08600000000000001,0.08600000000000001
-0.167016,-0.2,0.08600000000000001,0.08600000000000001,0.08600000000000001
-0.16701200000000002,-0.2,0.078,0.078,0.078
-0.16700800000000002,0.0,0.082,0.082,0.082
-0.167004,0.0,0.074,0.074,0.074
-0.167,-0.2,0.08600000000000001,0.08600000000000001,0.08600000000000001
-0.166996,0.2,0.082,0.082,0.082
-0.16699200000000003,0.0,0.074,0.074,0.074
-0.16698800000000003,0.2,0.074,0.074,0.074
-0.16698400000000002,-0.2,0.074,0.074,0.074
-0.16698000000000002,-0.4,0.074,0.074,0.074
-0.166976,0.0,0.078,0.078,0.078
-0.166972,-0.2,0.074,0.074,0.074
-0.166968,0.0,0.066,0.066,0.066
-0.166964,-0.2,0.082,0.082,0.082
-0.16696,0.0,0.078,0.078,0.078
-0.16695600000000002,0.0,0.078,0.078,0.078
-0.16695200000000002,-0.2,0.08600000000000001,0.08600000000000001,0.08600000000000001
-0.166948,-0.4,0.082,0.082,0.082
-0.166944,-0.4,0.082,0.082,0.082
-0.16694,0.0,0.074,0.074,0.074
-0.16693600000000003,0.2,0.08600000000000001,0.08600000000000001,0.08600000000000001
-0.16693200000000002,-0.4,0.082,0.082,0.082
-0.16692800000000002,-0.2,0.082,0.082,0.082
-0.16692400000000002,-0.2,0.09,0.09,0.09
-0.16692,0.0,0.08600000000000001,0.08600000000000001,0.08600000000000001
-0.166916,0.0,0.082,0.082,0.082
-0.166912,-0.2,0.078,0.078,0.078
-0.166908,-0.2,0.094,0.094,0.094
-0.166904,0.0,0.082,0.082,0.082
-0.16690000000000002,-0.2,0.082,0.082,0.082
-0.16689600000000002,-0.2,0.066,0.066,0.066
-0.166892,0.2,0.074,0.074,0.074
-0.166888,0.0,0.078,0.078,0.078
-0.166884,0.0,0.078,0.078,0.078
-0.16688000000000003,0.0,0.09,0.09,0.09
-0.16687600000000002,-0.4,0.074,0.074,0.074
-0.16687200000000002,0.0,0.074,0.074,0.074
-0.16686800000000002,-0.2,0.08600000000000001,0.08600000000000001,0.08600000000000001
-0.166864,0.2,0.078,0.078,0.078
-0.16686,-0.4,0.08600000000000001,0.08600000000000001,0.08600000000000001
-0.166856,0.2,0.078,0.078,0.078
-0.166852,-0.2,0.08600000000000001,0.08600000000000001,0.08600000000000001
-0.166848,0.0,0.082,0.082,0.082
-0.16684400000000002,-0.4,0.082,0.082,0.082
-0.16684000000000002,-0.2,0.08600000000000001,0.08600000000000001,0.08600000000000001
-0.166836,0.2,0.08600000000000001,0.08600000000000001,0.08600000000000001
-0.166832,0.0,0.08600000000000001,0.08600000000000001,0.08600000000000001
-0.166828,-0.4,0.098,0.098,0.098
-0.16682400000000003,-0.2,0.082,0.082,0.082
-0.16682000000000002,0.0,0.082,0.082,0.082
-0.16681600000000002,0.0,0.082,0.082,0.082
-0.16681200000000002,-0.4,0.074,0.074,0.074
-0.166808,0.2,0.082,0.082,0.082
-0.166804,0.4,0.082,0.082,0.082
-0.1668,0.0,0.082,0.082,0.082
-0.166796,0.2,0.082,0.082,0.082
-0.166792,-0.2,0.08600000000000001,0.08600000000000001,0.08600000000000001
-0.16678800000000002,-0.2,0.078,0.078,0.078
-0.16678400000000002,0.4,0.08600000000000001,0.08600000000000001,0.08600000000000001
-0.16678,0.0,0.074,0.074,0.074
-0.166776,-0.2,0.078,0.078,0.078
-0.166772,-0.2,0.078,0.078,0.078
-0.16676800000000003,0.2,0.074,0.074,0.074
-0.16676400000000002,0.4,0.078,0.078,0.078
-0.16676000000000002,0.0,0.074,0.074,0.074
-0.16675600000000002,-0.4,0.078,0.078,0.078
-0.166752,0.2,0.074,0.074,0.074
-0.166748,-0.4,0.074,0.074,0.074
-0.166744,-0.2,0.082,0.082,0.082
-0.16674,-0.2,0.08600000000000001,0.08600000000000001,0.08600000000000001
-0.166736,0.0,0.09,0.09,0.09
-0.16673200000000002,-0.2,0.078,0.078,0.078
-0.16672800000000002,-0.2,0.082,0.082,0.082
-0.166724,0.2,0.08600000000000001,0.08600000000000001,0.08600000000000001
-0.16672,0.2,0.074,0.074,0.074
-0.166716,-0.2,0.078,0.078,0.078
-0.16671200000000003,0.0,0.078,0.078,0.078
-0.16670800000000002,0.0,0.082,0.082,0.082
-0.16670400000000002,-0.2,0.074,0.074,0.074
-0.16670000000000001,0.0,0.08600000000000001,0.08600000000000001,0.08600000000000001
-0.166696,-0.2,0.09,0.09,0.09
-0.166692,-0.2,0.074,0.074,0.074
-0.166688,0.0,0.08600000000000001,0.08600000000000001,0.08600000000000001
-0.166684,0.4,0.08600000000000001,0.08600000000000001,0.08600000000000001
-0.16668000000000002,-0.2,0.07,0.07,0.07
-0.16667600000000002,-0.2,0.094,0.094,0.094
-0.16667200000000001,0.2,0.08600000000000001,0.08600000000000001,0.08600000000000001
-0.166668,0.2,0.08600000000000001,0.08600000000000001,0.08600000000000001
-0.166664,0.0,0.074,0.074,0.074
-0.16666,0.2,0.08600000000000001,0.08600000000000001,0.08600000000000001
-0.16665600000000003,-0.6000000000000001,0.082,0.082,0.082
-0.16665200000000002,-0.2,0.082,0.082,0.082
-0.16664800000000002,-0.2,0.082,0.082,0.082
-0.16664400000000001,-0.4,0.09,0.09,0.09
-0.16664,-0.4,0.078,0.078,0.078
-0.166636,-0.2,0.078,0.078,0.078
-0.166632,-0.4,0.09,0.09,0.09
-0.166628,0.0,0.074,0.074,0.074
-0.16662400000000002,0.0,0.08600000000000001,0.08600000000000001,0.08600000000000001
-0.16662000000000002,-0.2,0.082,0.082,0.082
-0.16661600000000001,0.0,0.08600000000000001,0.08600000000000001,0.08600000000000001
-0.166612,-0.6000000000000001,0.09,0.09,0.09
-0.166608,-0.2,0.074,0.074,0.074
-0.16660400000000003,0.0,0.078,0.078,0.078
-0.16660000000000003,0.2,0.082,0.082,0.082
-0.16659600000000002,-0.6000000000000001,0.082,0.082,0.082
-0.16659200000000002,0.0,0.08600000000000001,0.08600000000000001,0.08600000000000001
-0.166588,0.0,0.08600000000000001,0.08600000000000001,0.08600000000000001
-0.166584,0.0,0.09,0.09,0.09
-0.16658,0.0,0.082,0.082,0.082
-0.166576,0.0,0.078,0.078,0.078
-0.166572,-0.2,0.08600000000000001,0.08600000000000001,0.08600000000000001
-0.16656800000000002,0.0,0.08600000000000001,0.08600000000000001,0.08600000000000001
-0.16656400000000002,-0.2,0.08600000000000001,0.08600000000000001,0.08600000000000001
-0.16656,-0.2,0.08600000000000001,0.08600000000000001,0.08600000000000001
-0.166556,-0.2,0.08600000000000001,0.08600000000000001,0.08600000000000001
-0.166552,-0.4,0.08600000000000001,0.08600000000000001,0.08600000000000001
-0.16654800000000003,-0.2,0.08600000000000001,0.08600000000000001,0.08600000000000001
-0.16654400000000003,0.0,0.08600000000000001,0.08600000000000001,0.08600000000000001
-0.16654000000000002,-0.2,0.078,0.078,0.078
-0.16653600000000002,-0.2,0.08600000000000001,0.08600000000000001,0.08600000000000001
-0.166532,0.4,0.082,0.082,0.082
-0.166528,0.0,0.08600000000000001,0.08600000000000001,0.08600000000000001
-0.166524,-0.4,0.078,0.078,0.078
-0.16652,-0.6000000000000001,0.08600000000000001,0.08600000000000001,0.08600000000000001
-0.166516,-0.2,0.08600000000000001,0.08600000000000001,0.08600000000000001
-0.16651200000000002,-0.4,0.07,0.07,0.07
-0.16650800000000002,-0.2,0.082,0.082,0.082
-0.166504,-0.2,0.08600000000000001,0.08600000000000001,0.08600000000000001
-0.1665,-0.2,0.074,0.074,0.074
-0.166496,-0.4,0.078,0.078,0.078
-0.16649200000000003,-0.4,0.082,0.082,0.082
-0.16648800000000002,0.2,0.074,0.074,0.074
-0.16648400000000002,-0.2,0.074,0.074,0.074
-0.16648000000000002,-0.2,0.078,0.078,0.078
-0.166476,0.2,0.08600000000000001,0.08600000000000001,0.08600000000000001
-0.166472,-0.2,0.078,0.078,0.078
-0.166468,-0.2,0.08600000000000001,0.08600000000000001,0.08600000000000001
-0.166464,0.0,0.08600000000000001,0.08600000000000001,0.08600000000000001
-0.16646,-0.4,0.078,0.078,0.078
-0.16645600000000002,-0.2,0.07,0.07,0.07
-0.16645200000000002,-0.4,0.09,0.09,0.09
-0.166448,-0.2,0.082,0.082,0.082
-0.166444,-0.2,0.08600000000000001,0.08600000000000001,0.08600000000000001
-0.16644,0.2,0.078,0.078,0.078
-0.16643600000000003,0.0,0.078,0.078,0.078
-0.16643200000000002,-0.4,0.082,0.082,0.082
-0.16642800000000002,0.0,0.08600000000000001,0.08600000000000001,0.08600000000000001
-0.16642400000000002,-0.4,0.078,0.078,0.078
-0.16642,-0.6000000000000001,0.082,0.082,0.082
-0.166416,-0.2,0.078,0.078,0.078
-0.166412,-0.4,0.08600000000000001,0.08600000000000001,0.08600000000000001
-0.166408,-0.4,0.08600000000000001,0.08600000000000001,0.08600000000000001
-0.166404,0.2,0.08600000000000001,0.08600000000000001,0.08600000000000001
-0.16640000000000002,0.0,0.082,0.082,0.082
-0.16639600000000002,0.0,0.094,0.094,0.094
-0.166392,0.2,0.078,0.078,0.078
-0.166388,-0.6000000000000001,0.078,0.078,0.078
-0.166384,0.2,0.09,0.09,0.09
-0.16638000000000003,0.0,0.08600000000000001,0.08600000000000001,0.08600000000000001
-0.16637600000000002,-0.4,0.09,0.09,0.09
-0.16637200000000002,-0.4,0.082,0.082,0.082
-0.16636800000000002,-0.4,0.07,0.07,0.07
-0.166364,0.0,0.082,0.082,0.082
-0.16636,-0.2,0.082,0.082,0.082
-0.166356,-0.4,0.09,0.09,0.09
-0.166352,-0.2,0.078,0.078,0.078
-0.166348,-0.4,0.07,0.07,0.07
-0.16634400000000002,-0.2,0.078,0.078,0.078
-0.16634000000000002,-0.2,0.074,0.074,0.074
-0.166336,0.0,0.082,0.082,0.082
-0.166332,-0.2,0.082,0.082,0.082
-0.166328,0.2,0.08600000000000001,0.08600000000000001,0.08600000000000001
-0.16632400000000003,-0.2,0.078,0.078,0.078
-0.16632000000000002,-0.2,0.08600000000000001,0.08600000000000001,0.08600000000000001
-0.16631600000000002,-0.4,0.078,0.078,0.078
-0.16631200000000002,-0.2,0.082,0.082,0.082
-0.166308,0.0,0.08600000000000001,0.08600000000000001,0.08600000000000001
-0.166304,-0.2,0.082,0.082,0.082
-0.1663,-0.2,0.08600000000000001,0.08600000000000001,0.08600000000000001
-0.166296,-0.2,0.078,0.078,0.078
-0.166292,0.2,0.078,0.078,0.078
-0.16628800000000002,0.2,0.08600000000000001,0.08600000000000001,0.08600000000000001
-0.16628400000000002,-0.2,0.082,0.082,0.082
-0.16628,-0.2,0.08600000000000001,0.08600000000000001,0.08600000000000001
-0.166276,0.0,0.08600000000000001,0.08600000000000001,0.08600000000000001
-0.166272,0.0,0.078,0.078,0.078
-0.16626800000000003,0.0,0.078,0.078,0.078
-0.16626400000000002,-0.2,0.082,0.082,0.082
-0.16626000000000002,0.0,0.08600000000000001,0.08600000000000001,0.08600000000000001
-0.16625600000000001,-0.4,0.074,0.074,0.074
-0.166252,0.0,0.08600000000000001,0.08600000000000001,0.08600000000000001
-0.166248,-0.2,0.082,0.082,0.082
-0.166244,0.0,0.074,0.074,0.074
-0.16624,0.0,0.078,0.078,0.078
-0.16623600000000002,-0.2,0.094,0.094,0.094
-0.16623200000000002,0.4,0.074,0.074,0.074
-0.16622800000000001,0.0,0.082,0.082,0.082
-0.166224,-0.2,0.078,0.078,0.078
-0.16622,0.0,0.074,0.074,0.074
-0.166216,-0.4,0.08600000000000001,0.08600000000000001,0.08600000000000001
-0.16621200000000003,-0.2,0.078,0.078,0.078
-0.16620800000000002,0.0,0.074,0.074,0.074
-0.16620400000000002,0.0,0.078,0.078,0.078
-0.16620000000000001,-0.2,0.08600000000000001,0.08600000000000001,0.08600000000000001
-0.166196,-0.2,0.082,0.082,0.082
-0.166192,0.0,0.094,0.094,0.094
-0.166188,-0.2,0.078,0.078,0.078
-0.166184,0.0,0.094,0.094,0.094
-0.16618000000000002,-0.2,0.09,0.09,0.09
-0.16617600000000002,0.2,0.08600000000000001,0.08600000000000001,0.08600000000000001
-0.16617200000000001,0.0,0.078,0.078,0.078
-0.166168,-0.2,0.078,0.078,0.078
-0.166164,0.0,0.08600000000000001,0.08600000000000001,0.08600000000000001
-0.16616000000000003,0.4,0.082,0.082,0.082
-0.16615600000000003,-0.2,0.082,0.082,0.082
-0.16615200000000002,0.0,0.078,0.078,0.078
-0.16614800000000002,-0.2,0.082,0.082,0.082
-0.16614400000000001,-0.6000000000000001,0.082,0.082,0.082
-0.16614,0.0,0.082,0.082,0.082
-0.166136,0.0,0.078,0.078,0.078
-0.166132,-0.2,0.078,0.078,0.078
-0.166128,-0.2,0.078,0.078,0.078
-0.16612400000000002,0.0,0.078,0.078,0.078
-0.16612000000000002,-0.2,0.078,0.078,0.078
-0.166116,-0.2,0.066,0.066,0.066
-0.166112,0.0,0.08600000000000001,0.08600000000000001,0.08600000000000001
-0.166108,-0.2,0.082,0.082,0.082
-0.16610400000000003,-0.2,0.082,0.082,0.082
-0.16610000000000003,-0.4,0.078,0.078,0.078
-0.16609600000000002,-0.4,0.094,0.094,0.094
-0.16609200000000002,-0.2,0.09,0.09,0.09
-0.166088,0.0,0.082,0.082,0.082
-0.166084,-0.4,0.078,0.078,0.078
-0.16608,0.2,0.078,0.078,0.078
-0.166076,-0.2,0.082,0.082,0.082
-0.166072,-0.2,0.08600000000000001,0.08600000000000001,0.08600000000000001
-0.16606800000000002,0.2,0.094,0.094,0.094
-0.16606400000000002,-0.4,0.082,0.082,0.082
-0.16606,0.2,0.082,0.082,0.082
-0.166056,0.2,0.082,0.082,0.082
-0.166052,-0.4,0.078,0.078,0.078
-0.16604800000000003,0.0,0.082,0.082,0.082
-0.16604400000000002,-0.2,0.074,0.074,0.074
-0.16604000000000002,0.0,0.08600000000000001,0.08600000000000001,0.08600000000000001
-0.16603600000000002,0.0,0.09,0.09,0.09
-0.166032,-0.2,0.078,0.078,0.078
-0.166028,0.4,0.074,0.074,0.074
-0.166024,-0.2,0.074,0.074,0.074
-0.16602,-0.4,0.074,0.074,0.074
-0.166016,-0.6000000000000001,0.082,0.082,0.082
-0.16601200000000002,-0.2,0.066,0.066,0.066
-0.16600800000000002,0.0,0.078,0.078,0.078
-0.166004,-0.2,0.094,0.094,0.094
-0.166,-0.6000000000000001,0.082,0.082,0.082
-0.165996,-0.2,0.08600000000000001,0.08600000000000001,0.08600000000000001
-0.16599200000000003,0.2,0.074,0.074,0.074
-0.16598800000000002,0.0,0.07,0.07,0.07
-0.16598400000000002,-0.2,0.09,0.09,0.09
-0.16598000000000002,-0.2,0.08600000000000001,0.08600000000000001,0.08600000000000001
-0.165976,0.4,0.066,0.066,0.066
-0.165972,-0.6000000000000001,0.08600000000000001,0.08600000000000001,0.08600000000000001
-0.165968,-0.6000000000000001,0.08600000000000001,0.08600000000000001,0.08600000000000001
-0.165964,-0.2,0.078,0.078,0.078
-0.16596,-0.4,0.082,0.082,0.082
-0.16595600000000002,-0.2,0.07,0.07,0.07
-0.16595200000000002,-0.2,0.074,0.074,0.074
-0.165948,0.0,0.08600000000000001,0.08600000000000001,0.08600000000000001
-0.165944,-0.6000000000000001,0.078,0.078,0.078
-0.16594,-0.2,0.08600000000000001,0.08600000000000001,0.08600000000000001
-0.16593600000000003,-0.2,0.078,0.078,0.078
-0.16593200000000002,-0.4,0.078,0.078,0.078
-0.16592800000000002,-0.2,0.074,0.074,0.074
-0.16592400000000002,-0.4,0.08600000000000001,0.08600000000000001,0.08600000000000001
-0.16592,-0.2,0.082,0.082,0.082
-0.165916,0.2,0.082,0.082,0.082
-0.165912,0.0,0.08600000000000001,0.08600000000000001,0.08600000000000001
-0.165908,0.2,0.08600000000000001,0.08600000000000001,0.08600000000000001
-0.165904,0.0,0.082,0.082,0.082
-0.16590000000000002,-0.2,0.08600000000000001,0.08600000000000001,0.08600000000000001
-0.16589600000000002,-0.4,0.078,0.078,0.078
-0.165892,-0.2,0.08600000000000001,0.08600000000000001,0.08600000000000001
-0.165888,-0.2,0.09,0.09,0.09
-0.165884,0.0,0.078,0.078,0.078
-0.16588000000000003,-0.2,0.08600000000000001,0.08600000000000001,0.08600000000000001
-0.16587600000000002,0.2,0.09,0.09,0.09
-0.16587200000000002,0.2,0.09,0.09,0.09
-0.16586800000000002,0.4,0.074,0.074,0.074
-0.165864,0.0,0.078,0.078,0.078
-0.16586,0.0,0.078,0.078,0.078
-0.165856,-0.2,0.074,0.074,0.074
-0.165852,0.0,0.09,0.09,0.09
-0.165848,0.0,0.082,0.082,0.082
-0.16584400000000002,-0.4,0.078,0.078,0.078
-0.16584000000000002,-0.2,0.098,0.098,0.098
-0.165836,0.4,0.082,0.082,0.082
-0.165832,0.0,0.082,0.082,0.082
-0.165828,0.0,0.082,0.082,0.082
-0.16582400000000003,0.0,0.082,0.082,0.082
-0.16582000000000002,0.0,0.078,0.078,0.078
-0.16581600000000002,0.0,0.082,0.082,0.082
-0.16581200000000001,-0.4,0.078,0.078,0.078
-0.165808,-0.4,0.078,0.078,0.078
-0.165804,0.0,0.074,0.074,0.074
-0.1658,-0.2,0.074,0.074,0.074
-0.165796,-0.2,0.078,0.078,0.078
-0.16579200000000002,-0.4,0.074,0.074,0.074
-0.16578800000000002,-0.6000000000000001,0.074,0.074,0.074
-0.16578400000000001,0.4,0.078,0.078,0.078
-0.16578,-0.2,0.082,0.082,0.082
-0.165776,0.2,0.078,0.078,0.078
-0.165772,0.0,0.082,0.082,0.082
-0.16576800000000003,-0.4,0.08600000000000001,0.08600000000000001,0.08600000000000001
-0.16576400000000002,-0.4,0.082,0.082,0.082
-0.16576000000000002,-0.2,0.094,0.094,0.094
-0.16575600000000001,0.0,0.082,0.082,0.082
-0.165752,-0.2,0.078,0.078,0.078
-0.165748,0.0,0.08600000000000001,0.08600000000000001,0.08600000000000001
-0.165744,0.0,0.09,0.09,0.09
-0.16574,0.0,0.074,0.074,0.074
-0.16573600000000002,-0.6000000000000001,0.082,0.082,0.082
-0.16573200000000002,-0.2,0.082,0.082,0.082
-0.16572800000000001,-0.2,0.074,0.074,0.074
-0.165724,-0.4,0.08600000000000001,0.08600000000000001,0.08600000000000001
-0.16572,0.0,0.08600000000000001,0.08600000000000001,0.08600000000000001
-0.16571600000000003,0.2,0.082,0.082,0.082
-0.16571200000000003,0.0,0.09,0.09,0.09
-0.16570800000000002,0.0,0.082,0.082,0.082
-0.16570400000000002,0.0,0.078,0.078,0.078
-0.16570000000000001,0.0,0.08600000000000001,0.08600000000000001,0.08600000000000001
-0.165696,-0.4,0.08600000000000001,0.08600000000000001,0.08600000000000001
-0.165692,-0.4,0.082,0.082,0.082
-0.165688,-0.2,0.08600000000000001,0.08600000000000001,0.08600000000000001
-0.165684,-0.4,0.078,0.078,0.078
-0.16568000000000002,-0.2,0.09,0.09,0.09
-0.16567600000000002,-0.2,0.082,0.082,0.082
-0.165672,-0.2,0.094,0.094,0.094
-0.165668,-0.2,0.078,0.078,0.078
-0.165664,-0.4,0.074,0.074,0.074
-0.16566000000000003,0.2,0.078,0.078,0.078
-0.16565600000000003,-0.2,0.08600000000000001,0.08600000000000001,0.08600000000000001
-0.16565200000000002,-0.2,0.08600000000000001,0.08600000000000001,0.08600000000000001
-0.16564800000000002,0.0,0.07,0.07,0.07
-0.165644,-0.2,0.074,0.074,0.074
-0.16564,-0.2,0.074,0.074,0.074
-0.165636,0.2,0.08600000000000001,0.08600000000000001,0.08600000000000001
-0.165632,-0.8,0.074,0.074,0.074
-0.165628,-0.2,0.078,0.078,0.078
-0.16562400000000002,-0.2,0.082,0.082,0.082
-0.16562000000000002,-0.6000000000000001,0.082,0.082,0.082
-0.165616,0.4,0.07,0.07,0.07
-0.165612,-0.4,0.094,0.094,0.094
-0.165608,0.2,0.078,0.078,0.078
-0.16560400000000003,-0.2,0.074,0.074,0.074
-0.16560000000000002,0.0,0.074,0.074,0.074
-0.16559600000000002,0.0,0.09,0.09,0.09
-0.16559200000000002,0.0,0.08600000000000001,0.08600000000000001,0.08600000000000001
-0.165588,0.0,0.082,0.082,0.082
-0.165584,-0.2,0.078,0.078,0.078
-0.16558,-0.2,0.082,0.082,0.082
-0.165576,0.4,0.09,0.09,0.09
-0.165572,-0.2,0.074,0.074,0.074
-0.16556800000000002,-0.6000000000000001,0.082,0.082,0.082
-0.16556400000000002,0.2,0.082,0.082,0.082
-0.16556,-0.2,0.078,0.078,0.078
-0.165556,0.0,0.09,0.09,0.09
-0.165552,-0.4,0.074,0.074,0.074
-0.16554800000000003,0.0,0.08600000000000001,0.08600000000000001,0.08600000000000001
-0.16554400000000002,-0.2,0.08600000000000001,0.08600000000000001,0.08600000000000001
-0.16554000000000002,0.2,0.09,0.09,0.09
-0.16553600000000002,-0.4,0.082,0.082,0.082
-0.165532,-0.2,0.082,0.082,0.082
-0.165528,-0.2,0.07,0.07,0.07
-0.165524,-0.4,0.078,0.078,0.078
-0.16552,-0.2,0.078,0.078,0.078
-0.165516,0.0,0.078,0.078,0.078
-0.16551200000000002,-0.2,0.082,0.082,0.082
-0.16550800000000002,-0.2,0.08600000000000001,0.08600000000000001,0.08600000000000001
-0.165504,-0.2,0.078,0.078,0.078
-0.1655,-0.2,0.09,0.09,0.09
-0.165496,0.6000000000000001,0.078,0.078,0.078
-0.16549200000000003,-0.2,0.082,0.082,0.082
-0.16548800000000002,0.0,0.078,0.078,0.078
-0.16548400000000002,-0.2,0.078,0.078,0.078
-0.16548000000000002,-0.4,0.082,0.082,0.082
-0.165476,-0.8,0.08600000000000001,0.08600000000000001,0.08600000000000001
-0.165472,0.2,0.09,0.09,0.09
-0.165468,-0.4,0.074,0.074,0.074
-0.165464,0.0,0.078,0.078,0.078
-0.16546,-0.2,0.094,0.094,0.094
-0.16545600000000002,0.0,0.08600000000000001,0.08600000000000001,0.08600000000000001
-0.16545200000000002,-0.4,0.08600000000000001,0.08600000000000001,0.08600000000000001
-0.165448,-0.2,0.074,0.074,0.074
-0.165444,0.2,0.08600000000000001,0.08600000000000001,0.08600000000000001
-0.16544,0.0,0.082,0.082,0.082
-0.16543600000000003,-0.2,0.082,0.082,0.082
-0.16543200000000002,0.2,0.082,0.082,0.082
-0.16542800000000002,-0.4,0.08600000000000001,0.08600000000000001,0.08600000000000001
-0.16542400000000002,0.0,0.082,0.082,0.082
-0.16542,0.0,0.09,0.09,0.09
-0.165416,-0.4,0.09,0.09,0.09
-0.165412,0.0,0.078,0.078,0.078
-0.165408,-0.2,0.078,0.078,0.078
-0.165404,0.0,0.074,0.074,0.074
-0.16540000000000002,0.2,0.082,0.082,0.082
-0.16539600000000002,0.0,0.08600000000000001,0.08600000000000001,0.08600000000000001
-0.165392,0.4,0.082,0.082,0.082
-0.165388,0.0,0.082,0.082,0.082
-0.165384,-0.2,0.08600000000000001,0.08600000000000001,0.08600000000000001
-0.16538000000000003,0.2,0.082,0.082,0.082
-0.16537600000000002,-0.2,0.082,0.082,0.082
-0.16537200000000002,-0.2,0.082,0.082,0.082
-0.16536800000000001,0.2,0.082,0.082,0.082
-0.165364,0.6000000000000001,0.078,0.078,0.078
-0.16536,-0.2,0.082,0.082,0.082
-0.165356,-0.2,0.07,0.07,0.07
-0.165352,-0.2,0.082,0.082,0.082
-0.16534800000000002,0.0,0.074,0.074,0.074
-0.16534400000000002,0.0,0.078,0.078,0.078
-0.16534000000000001,0.0,0.082,0.082,0.082
-0.165336,-0.2,0.08600000000000001,0.08600000000000001,0.08600000000000001
-0.165332,0.2,0.08600000000000001,0.08600000000000001,0.08600000000000001
-0.165328,-0.2,0.09,0.09,0.09
-0.16532400000000003,0.0,0.08600000000000001,0.08600000000000001,0.08600000000000001
-0.16532000000000002,0.0,0.074,0.074,0.074
-0.16531600000000002,0.2,0.078,0.078,0.078
-0.16531200000000001,-0.2,0.08600000000000001,0.08600000000000001,0.08600000000000001
-0.165308,0.0,0.078,0.078,0.078
-0.165304,0.0,0.08600000000000001,0.08600000000000001,0.08600000000000001
-0.1653,-0.2,0.074,0.074,0.074
-0.165296,-0.2,0.078,0.078,0.078
-0.16529200000000002,0.0,0.082,0.082,0.082
-0.16528800000000002,-0.4,0.074,0.074,0.074
-0.16528400000000001,-0.4,0.082,0.082,0.082
-0.16528,0.2,0.082,0.082,0.082
-0.165276,-0.2,0.08600000000000001,0.08600000000000001,0.08600000000000001
-0.16527200000000003,0.0,0.07,0.07,0.07
-0.16526800000000003,-0.2,0.078,0.078,0.078
-0.16526400000000002,0.0,0.07,0.07,0.07
-0.16526000000000002,0.0,0.078,0.078,0.078
-0.16525600000000001,0.0,0.082,0.082,0.082
-0.165252,0.0,0.074,0.074,0.074
-0.165248,0.2,0.09,0.09,0.09
-0.165244,0.0,0.08600000000000001,0.08600000000000001,0.08600000000000001
-0.16524,-0.2,0.078,0.078,0.078
-0.16523600000000002,0.0,0.078,0.078,0.078
-0.16523200000000002,0.2,0.074,0.074,0.074
-0.165228,-0.2,0.074,0.074,0.074
-0.165224,0.2,0.078,0.078,0.078
-0.16522,-0.4,0.09,0.09,0.09
-0.16521600000000003,0.0,0.078,0.078,0.078
-0.16521200000000003,-0.4,0.074,0.074,0.074
-0.16520800000000002,0.0,0.074,0.074,0.074
-0.16520400000000002,-0.2,0.082,0.082,0.082
-0.1652,-0.4,0.074,0.074,0.074
-0.165196,-0.2,0.082,0.082,0.082
-0.165192,0.0,0.09,0.09,0.09
-0.165188,-0.2,0.082,0.082,0.082
-0.165184,0.0,0.07,0.07,0.07
-0.16518000000000002,-0.4,0.078,0.078,0.078
-0.16517600000000002,-0.2,0.074,0.074,0.074
-0.165172,-0.2,0.08600000000000001,0.08600000000000001,0.08600000000000001
-0.165168,0.0,0.082,0.082,0.082
-0.165164,-0.2,0.074,0.074,0.074
-0.16516000000000003,0.0,0.08600000000000001,0.08600000000000001,0.08600000000000001
-0.16515600000000003,-0.4,0.082,0.082,0.082
-0.16515200000000002,0.0,0.078,0.078,0.078
-0.16514800000000002,0.0,0.082,0.082,0.082
-0.165144,-0.2,0.08600000000000001,0.08600000000000001,0.08600000000000001
-0.16514,0.0,0.08600000000000001,0.08600000000000001,0.08600000000000001
-0.165136,-0.2,0.078,0.078,0.078
-0.165132,-0.4,0.082,0.082,0.082
-0.165128,-0.2,0.08600000000000001,0.08600000000000001,0.08600000000000001
-0.16512400000000002,0.2,0.08600000000000001,0.08600000000000001,0.08600000000000001
-0.16512000000000002,0.0,0.078,0.078,0.078
-0.165116,0.2,0.078,0.078,0.078
-0.165112,0.0,0.082,0.082,0.082
-0.165108,-0.2,0.082,0.082,0.082
-0.16510400000000003,0.0,0.074,0.074,0.074
-0.16510000000000002,-0.4,0.08600000000000001,0.08600000000000001,0.08600000000000001
-0.16509600000000002,0.0,0.078,0.078,0.078
-0.16509200000000002,-0.2,0.082,0.082,0.082
-0.165088,0.0,0.08600000000000001,0.08600000000000001,0.08600000000000001
-0.165084,-0.2,0.078,0.078,0.078
-0.16508,-0.2,0.074,0.074,0.074
-0.165076,0.2,0.078,0.078,0.078
-0.165072,-0.2,0.08600000000000001,0.08600000000000001,0.08600000000000001
-0.16506800000000002,-0.2,0.078,0.078,0.078
-0.16506400000000002,-0.2,0.078,0.078,0.078
-0.16506,-0.2,0.07,0.07,0.07
-0.165056,-0.2,0.074,0.074,0.074
-0.165052,0.2,0.082,0.082,0.082
-0.16504800000000003,-0.2,0.08600000000000001,0.08600000000000001,0.08600000000000001
-0.16504400000000002,0.2,0.074,0.074,0.074
-0.16504000000000002,-0.2,0.082,0.082,0.082
-0.16503600000000002,-0.4,0.09,0.09,0.09
-0.165032,0.2,0.078,0.078,0.078
-0.165028,0.0,0.082,0.082,0.082
-0.165024,-0.6000000000000001,0.082,0.082,0.082
-0.16502,0.0,0.094,0.094,0.094
-0.165016,-0.4,0.07,0.07,0.07
-0.16501200000000002,0.0,0.074,0.074,0.074
-0.16500800000000002,-0.2,0.074,0.074,0.074
-0.165004,-0.2,0.082,0.082,0.082
-0.165,-0.2,0.078,0.078,0.078
-0.164996,-0.2,0.094,0.094,0.094
-0.16499200000000003,0.0,0.078,0.078,0.078
-0.16498800000000002,0.0,0.078,0.078,0.078
-0.16498400000000002,0.2,0.078,0.078,0.078
-0.16498000000000002,0.0,0.082,0.082,0.082
-0.164976,0.0,0.082,0.082,0.082
-0.164972,-0.6000000000000001,0.082,0.082,0.082
-0.164968,0.0,0.08600000000000001,0.08600000000000001,0.08600000000000001
-0.164964,0.0,0.08600000000000001,0.08600000000000001,0.08600000000000001
-0.16496,-0.2,0.074,0.074,0.074
-0.16495600000000002,-0.4,0.082,0.082,0.082
-0.16495200000000002,-0.4,0.082,0.082,0.082
-0.164948,-0.2,0.08600000000000001,0.08600000000000001,0.08600000000000001
-0.164944,-0.2,0.082,0.082,0.082
-0.16494,-0.4,0.082,0.082,0.082
-0.16493600000000003,-0.4,0.074,0.074,0.074
-0.16493200000000002,-0.4,0.09,0.09,0.09
-0.16492800000000002,-0.4,0.074,0.074,0.074
-0.16492400000000002,-0.4,0.08600000000000001,0.08600000000000001,0.08600000000000001
-0.16492,0.0,0.078,0.078,0.078
-0.164916,-0.6000000000000001,0.074,0.074,0.074
-0.164912,-0.2,0.08600000000000001,0.08600000000000001,0.08600000000000001
-0.164908,-0.4,0.078,0.078,0.078
-0.16490400000000002,-0.2,0.074,0.074,0.074
-0.16490000000000002,0.2,0.074,0.074,0.074
-0.16489600000000001,-0.6000000000000001,0.078,0.078,0.078
-0.164892,-0.2,0.07,0.07,0.07
-0.164888,0.2,0.094,0.094,0.094
-0.164884,-0.2,0.074,0.074,0.074
-0.16488000000000003,-0.4,0.08600000000000001,0.08600000000000001,0.08600000000000001
-0.16487600000000002,0.2,0.066,0.066,0.066
-0.16487200000000002,0.2,0.082,0.082,0.082
-0.16486800000000001,-0.2,0.078,0.078,0.078
-0.164864,-0.4,0.082,0.082,0.082
-0.16486,-0.2,0.074,0.074,0.074
-0.164856,-0.4,0.09,0.09,0.09
-0.164852,0.0,0.08600000000000001,0.08600000000000001,0.08600000000000001
-0.16484800000000002,-0.2,0.08600000000000001,0.08600000000000001,0.08600000000000001
-0.16484400000000002,-0.6000000000000001,0.082,0.082,0.082
-0.16484000000000001,0.0,0.082,0.082,0.082
-0.164836,0.0,0.074,0.074,0.074
-0.164832,0.0,0.082,0.082,0.082
-0.164828,-0.2,0.078,0.078,0.078
-0.16482400000000003,0.0,0.078,0.078,0.078
-0.16482000000000002,-0.2,0.082,0.082,0.082
-0.16481600000000002,0.8,0.082,0.082,0.082
-0.16481200000000001,0.2,0.082,0.082,0.082
-0.164808,-0.6000000000000001,0.08600000000000001,0.08600000000000001,0.08600000000000001
-0.164804,-0.4,0.082,0.082,0.082
-0.1648,-0.2,0.094,0.094,0.094
-0.164796,-0.2,0.078,0.078,0.078
-0.16479200000000002,0.0,0.078,0.078,0.078
-0.16478800000000002,-0.2,0.074,0.074,0.074
-0.164784,-0.2,0.074,0.074,0.074
-0.16478,-0.4,0.078,0.078,0.078
-0.164776,-0.4,0.082,0.082,0.082
-0.16477200000000003,0.0,0.078,0.078,0.078
-0.16476800000000003,0.0,0.082,0.082,0.082
-0.16476400000000002,-0.6000000000000001,0.07,0.07,0.07
-0.16476000000000002,-0.4,0.08600000000000001,0.08600000000000001,0.08600000000000001
-0.164756,0.0,0.082,0.082,0.082
-0.164752,-0.2,0.08600000000000001,0.08600000000000001,0.08600000000000001
-0.164748,-0.2,0.078,0.078,0.078
-0.164744,-0.6000000000000001,0.08600000000000001,0.08600000000000001,0.08600000000000001
-0.16474,0.2,0.082,0.082,0.082
-0.16473600000000002,0.0,0.08600000000000001,0.08600000000000001,0.08600000000000001
-0.16473200000000002,-0.2,0.09,0.09,0.09
-0.164728,-0.2,0.082,0.082,0.082
-0.164724,0.0,0.082,0.082,0.082
-0.16472,0.0,0.074,0.074,0.074
-0.16471600000000003,-0.4,0.09,0.09,0.09
-0.16471200000000003,-0.4,0.074,0.074,0.074
-0.16470800000000002,-0.2,0.078,0.078,0.078
-0.16470400000000002,-0.2,0.07,0.07,0.07
-0.1647,-0.2,0.07,0.07,0.07
-0.164696,-0.2,0.08600000000000001,0.08600000000000001,0.08600000000000001
-0.164692,-0.4,0.082,0.082,0.082
-0.164688,-0.2,0.078,0.078,0.078
-0.164684,-0.2,0.08600000000000001,0.08600000000000001,0.08600000000000001
-0.16468000000000002,-0.6000000000000001,0.078,0.078,0.078
-0.16467600000000002,-0.4,0.082,0.082,0.082
-0.164672,0.0,0.078,0.078,0.078
-0.164668,-0.4,0.078,0.078,0.078
-0.164664,0.0,0.082,0.082,0.082
-0.16466000000000003,0.0,0.082,0.082,0.082
-0.16465600000000002,-0.2,0.07,0.07,0.07
-0.16465200000000002,0.0,0.08600000000000001,0.08600000000000001,0.08600000000000001
-0.16464800000000002,-0.4,0.078,0.078,0.078
-0.164644,0.0,0.074,0.074,0.074
-0.16464,-0.2,0.074,0.074,0.074
-0.164636,-0.2,0.082,0.082,0.082
-0.164632,-0.6000000000000001,0.07,0.07,0.07
-0.164628,-0.2,0.074,0.074,0.074
-0.16462400000000002,0.0,0.074,0.074,0.074
-0.16462000000000002,-0.2,0.078,0.078,0.078
-0.164616,-0.2,0.074,0.074,0.074
-0.164612,0.2,0.08600000000000001,0.08600000000000001,0.08600000000000001
-0.164608,-0.4,0.066,0.066,0.066
-0.16460400000000003,-0.6000000000000001,0.074,0.074,0.074
-0.16460000000000002,-0.4,0.082,0.082,0.082
-0.16459600000000002,-0.2,0.082,0.082,0.082
-0.16459200000000002,-0.2,0.078,0.078,0.078
-0.164588,0.0,0.078,0.078,0.078
-0.164584,0.2,0.08600000000000001,0.08600000000000001,0.08600000000000001
-0.16458,0.2,0.078,0.078,0.078
-0.164576,-0.4,0.082,0.082,0.082
-0.164572,-0.2,0.09,0.09,0.09
-0.16456800000000002,0.0,0.082,0.082,0.082
-0.16456400000000002,0.2,0.074,0.074,0.074
-0.16456,0.0,0.074,0.074,0.074
-0.164556,0.0,0.078,0.078,0.078
-0.164552,0.4,0.09,0.09,0.09
-0.16454800000000003,-0.2,0.082,0.082,0.082
-0.16454400000000002,0.2,0.082,0.082,0.082
-0.16454000000000002,0.2,0.078,0.078,0.078
-0.16453600000000002,-0.6000000000000001,0.082,0.082,0.082
-0.164532,0.0,0.078,0.078,0.078
-0.164528,0.0,0.094,0.094,0.094
-0.164524,-0.4,0.078,0.078,0.078
-0.16452,0.0,0.078,0.078,0.078
-0.164516,0.6000000000000001,0.074,0.074,0.074
-0.16451200000000002,-0.6000000000000001,0.074,0.074,0.074
-0.16450800000000002,0.2,0.08600000000000001,0.08600000000000001,0.08600000000000001
-0.164504,-0.2,0.082,0.082,0.082
-0.1645,0.0,0.078,0.078,0.078
-0.164496,-0.2,0.08600000000000001,0.08600000000000001,0.08600000000000001
-0.16449200000000003,0.2,0.078,0.078,0.078
-0.16448800000000002,-0.2,0.08600000000000001,0.08600000000000001,0.08600000000000001
-0.16448400000000002,-0.4,0.07,0.07,0.07
-0.16448000000000002,0.2,0.082,0.082,0.082
-0.164476,-0.2,0.08600000000000001,0.08600000000000001,0.08600000000000001
-0.164472,-0.2,0.08600000000000001,0.08600000000000001,0.08600000000000001
-0.164468,0.0,0.074,0.074,0.074
-0.164464,-0.2,0.074,0.074,0.074
-0.16446000000000002,0.0,0.08600000000000001,0.08600000000000001,0.08600000000000001
-0.16445600000000002,0.0,0.08600000000000001,0.08600000000000001,0.08600000000000001
-0.16445200000000001,0.2,0.078,0.078,0.078
-0.164448,0.0,0.082,0.082,0.082
-0.164444,0.0,0.08600000000000001,0.08600000000000001,0.08600000000000001
-0.16444,-0.4,0.074,0.074,0.074
-0.16443600000000003,-0.6000000000000001,0.07,0.07,0.07
-0.16443200000000002,-0.4,0.078,0.078,0.078
-0.16442800000000002,0.2,0.08600000000000001,0.08600000000000001,0.08600000000000001
-0.16442400000000001,0.0,0.08600000000000001,0.08600000000000001,0.08600000000000001
-0.16442,0.2,0.08600000000000001,0.08600000000000001,0.08600000000000001
-0.164416,-0.2,0.078,0.078,0.078
-0.164412,0.0,0.074,0.074,0.074
-0.164408,-0.4,0.078,0.078,0.078
-0.16440400000000002,0.0,0.07,0.07,0.07
-0.16440000000000002,-0.4,0.078,0.078,0.078
-0.16439600000000001,0.0,0.094,0.094,0.094
-0.164392,0.0,0.074,0.074,0.074
-0.164388,0.0,0.074,0.074,0.074
-0.164384,0.2,0.09,0.09,0.09
-0.16438000000000003,0.0,0.082,0.082,0.082
-0.16437600000000002,0.4,0.074,0.074,0.074
-0.16437200000000002,0.0,0.074,0.074,0.074
-0.16436800000000001,-0.2,0.074,0.074,0.074
-0.164364,0.2,0.074,0.074,0.074
-0.16436,0.2,0.078,0.078,0.078
-0.164356,-0.4,0.082,0.082,0.082
-0.164352,0.2,0.074,0.074,0.074
-0.16434800000000002,0.0,0.082,0.082,0.082
-0.16434400000000002,-0.6000000000000001,0.07,0.07,0.07
-0.16434,-0.2,0.09,0.09,0.09
-0.164336,-0.2,0.07,0.07,0.07
-0.164332,-0.2,0.078,0.078,0.078
-0.16432800000000003,-0.2,0.078,0.078,0.078
-0.16432400000000003,-0.4,0.082,0.082,0.082
-0.16432000000000002,0.2,0.07,0.07,0.07
-0.16431600000000002,0.0,0.082,0.082,0.082
-0.164312,0.2,0.074,0.074,0.074
-0.164308,-0.4,0.066,0.066,0.066
-0.164304,-0.6000000000000001,0.07,0.07,0.07
-0.1643,-0.6000000000000001,0.082,0.082,0.082
-0.164296,0.4,0.078,0.078,0.078
-0.16429200000000002,0.0,0.07,0.07,0.07
-0.16428800000000002,-0.2,0.078,0.078,0.078
-0.164284,0.0,0.09,0.09,0.09
-0.16428,0.0,0.078,0.078,0.078
-0.164276,-0.6000000000000001,0.09,0.09,0.09
-0.16427200000000003,0.0,0.082,0.082,0.082
-0.16426800000000003,-0.2,0.082,0.082,0.082
-0.16426400000000002,0.0,0.09,0.09,0.09
-0.16426000000000002,0.0,0.074,0.074,0.074
-0.164256,0.0,0.074,0.074,0.074
-0.164252,-0.2,0.082,0.082,0.082
-0.164248,0.2,0.074,0.074,0.074
-0.164244,0.0,0.078,0.078,0.078
-0.16424,-0.2,0.08600000000000001,0.08600000000000001,0.08600000000000001
-0.16423600000000002,-0.4,0.09,0.09,0.09
-0.16423200000000002,-0.2,0.082,0.082,0.082
-0.164228,0.2,0.09,0.09,0.09
-0.164224,0.0,0.078,0.078,0.078
-0.16422,0.2,0.094,0.094,0.094
-0.16421600000000003,-0.2,0.08600000000000001,0.08600000000000001,0.08600000000000001
-0.16421200000000002,0.2,0.078,0.078,0.078
-0.16420800000000002,0.0,0.08600000000000001,0.08600000000000001,0.08600000000000001
-0.16420400000000002,0.2,0.082,0.082,0.082
-0.1642,-0.4,0.074,0.074,0.074
-0.164196,-0.4,0.078,0.078,0.078
-0.164192,-0.4,0.08600000000000001,0.08600000000000001,0.08600000000000001
-0.164188,0.2,0.082,0.082,0.082
-0.164184,-0.2,0.08600000000000001,0.08600000000000001,0.08600000000000001
-0.16418000000000002,-0.4,0.074,0.074,0.074
-0.16417600000000002,-0.2,0.066,0.066,0.066
-0.164172,-0.4,0.078,0.078,0.078
-0.164168,-0.2,0.082,0.082,0.082
-0.164164,-0.4,0.082,0.082,0.082
-0.16416000000000003,-0.4,0.082,0.082,0.082
-0.16415600000000002,-0.2,0.078,0.078,0.078
-0.16415200000000002,-0.2,0.078,0.078,0.078
-0.16414800000000002,0.2,0.09,0.09,0.09
-0.164144,-0.2,0.082,0.082,0.082
-0.16414,0.2,0.09,0.09,0.09
-0.164136,-0.4,0.08600000000000001,0.08600000000000001,0.08600000000000001
-0.164132,-0.2,0.074,0.074,0.074
-0.164128,-0.2,0.082,0.082,0.082
-0.16412400000000002,0.0,0.082,0.082,0.082
-0.16412000000000002,-0.6000000000000001,0.082,0.082,0.082
-0.164116,0.0,0.08600000000000001,0.08600000000000001,0.08600000000000001
-0.164112,-0.2,0.074,0.074,0.074
-0.164108,-0.4,0.078,0.078,0.078
-0.16410400000000003,-0.8,0.082,0.082,0.082
-0.16410000000000002,0.0,0.07,0.07,0.07
-0.16409600000000002,-0.2,0.074,0.074,0.074
-0.16409200000000002,-0.4,0.08600000000000001,0.08600000000000001,0.08600000000000001
-0.164088,-0.2,0.078,0.078,0.078
-0.164084,0.2,0.074,0.074,0.074
-0.16408,-0.2,0.082,0.082,0.082
-0.164076,-0.4,0.08600000000000001,0.08600000000000001,0.08600000000000001
-0.164072,-0.2,0.078,0.078,0.078
-0.16406800000000002,0.4,0.09,0.09,0.09
-0.16406400000000002,0.0,0.074,0.074,0.074
-0.16406,-0.2,0.078,0.078,0.078
-0.164056,-0.2,0.078,0.078,0.078
-0.164052,-0.4,0.082,0.082,0.082
-0.16404800000000003,-0.4,0.074,0.074,0.074
-0.16404400000000002,0.0,0.082,0.082,0.082
-0.16404000000000002,0.2,0.074,0.074,0.074
-0.16403600000000002,0.0,0.08600000000000001,0.08600000000000001,0.08600000000000001
-0.164032,-0.2,0.07,0.07,0.07
-0.164028,-0.2,0.078,0.078,0.078
-0.164024,0.0,0.082,0.082,0.082
-0.16402,-0.4,0.08600000000000001,0.08600000000000001,0.08600000000000001
-0.16401600000000002,0.4,0.078,0.078,0.078
-0.16401200000000002,0.2,0.074,0.074,0.074
-0.16400800000000001,0.0,0.082,0.082,0.082
-0.164004,-0.2,0.082,0.082,0.082
-0.164,0.0,0.074,0.074,0.074
-0.163996,0.2,0.09,0.09,0.09
-0.16399200000000003,-0.2,0.082,0.082,0.082
-0.16398800000000002,-0.4,0.078,0.078,0.078
-0.16398400000000002,0.2,0.078,0.078,0.078
-0.16398000000000001,-0.2,0.08600000000000001,0.08600000000000001,0.08600000000000001
-0.163976,0.2,0.082,0.082,0.082
-0.163972,-0.2,0.08600000000000001,0.08600000000000001,0.08600000000000001
-0.163968,0.0,0.082,0.082,0.082
-0.163964,0.2,0.082,0.082,0.082
-0.16396000000000002,-0.4,0.082,0.082,0.082
-0.16395600000000002,-0.6000000000000001,0.08600000000000001,0.08600000000000001,0.08600000000000001
-0.16395200000000001,-0.2,0.08600000000000001,0.08600000000000001,0.08600000000000001
-0.163948,-0.4,0.082,0.082,0.082
-0.163944,0.0,0.078,0.078,0.078
-0.16394,-0.2,0.078,0.078,0.078
-0.16393600000000003,-0.4,0.082,0.082,0.082
-0.16393200000000002,-0.4,0.078,0.078,0.078
-0.16392800000000002,-0.2,0.074,0.074,0.074
-0.16392400000000001,-0.2,0.074,0.074,0.074
-0.16392,-0.4,0.09,0.09,0.09
-0.163916,0.0,0.082,0.082,0.082
-0.163912,-0.2,0.078,0.078,0.078
-0.163908,0.4,0.09,0.09,0.09
-0.16390400000000002,-0.2,0.082,0.082,0.082
-0.16390000000000002,-0.2,0.082,0.082,0.082
-0.16389600000000001,-0.2,0.078,0.078,0.078
-0.163892,0.0,0.082,0.082,0.082
-0.163888,0.0,0.074,0.074,0.074
-0.16388400000000003,0.2,0.08600000000000001,0.08600000000000001,0.08600000000000001
-0.16388000000000003,-0.2,0.074,0.074,0.074
-0.16387600000000002,0.0,0.08600000000000001,0.08600000000000001,0.08600000000000001
-0.16387200000000002,-0.4,0.074,0.074,0.074
-0.163868,-0.2,0.082,0.082,0.082
-0.163864,-0.4,0.08600000000000001,0.08600000000000001,0.08600000000000001
-0.16386,0.0,0.07,0.07,0.07
-0.163856,0.0,0.09,0.09,0.09
-0.163852,-0.2,0.074,0.074,0.074
-0.16384800000000002,0.6000000000000001,0.082,0.082,0.082
-0.16384400000000002,-0.6000000000000001,0.08600000000000001,0.08600000000000001,0.08600000000000001
-0.16384,-0.2,0.082,0.082,0.082
-0.163836,0.2,0.082,0.082,0.082
-0.163832,-0.2,0.094,0.094,0.094
-0.16382800000000003,0.0,0.082,0.082,0.082
-0.16382400000000003,0.4,0.08600000000000001,0.08600000000000001,0.08600000000000001
-0.16382000000000002,0.0,0.09,0.09,0.09
-0.16381600000000002,-0.2,0.074,0.074,0.074
-0.163812,-0.4,0.074,0.074,0.074
-0.163808,-0.4,0.082,0.082,0.082
-0.163804,-0.2,0.08600000000000001,0.08600000000000001,0.08600000000000001
-0.1638,-0.4,0.078,0.078,0.078
-0.163796,0.0,0.074,0.074,0.074
-0.16379200000000002,-0.2,0.078,0.078,0.078
-0.16378800000000002,-0.2,0.08600000000000001,0.08600000000000001,0.08600000000000001
-0.163784,-0.4,0.078,0.078,0.078
-0.16378,-0.4,0.082,0.082,0.082
-0.163776,0.0,0.082,0.082,0.082
-0.16377200000000003,-0.2,0.08600000000000001,0.08600000000000001,0.08600000000000001
-0.16376800000000002,0.0,0.07,0.07,0.07
-0.16376400000000002,0.0,0.08600000000000001,0.08600000000000001,0.08600000000000001
-0.16376000000000002,0.0,0.082,0.082,0.082
-0.163756,0.4,0.082,0.082,0.082
-0.163752,-0.2,0.08600000000000001,0.08600000000000001,0.08600000000000001
-0.163748,-0.2,0.07,0.07,0.07
-0.163744,-0.2,0.078,0.078,0.078
-0.16374,-0.4,0.08600000000000001,0.08600000000000001,0.08600000000000001
-0.16373600000000002,0.0,0.082,0.082,0.082
-0.16373200000000002,0.2,0.078,0.078,0.078
-0.163728,-0.2,0.074,0.074,0.074
-0.163724,0.2,0.08600000000000001,0.08600000000000001,0.08600000000000001
-0.16372,0.0,0.094,0.094,0.094
-0.16371600000000003,-0.2,0.082,0.082,0.082
-0.16371200000000002,-0.4,0.074,0.074,0.074
-0.16370800000000002,-0.2,0.082,0.082,0.082
-0.16370400000000002,0.0,0.078,0.078,0.078
-0.1637,0.0,0.078,0.078,0.078
-0.163696,-0.2,0.08600000000000001,0.08600000000000001,0.08600000000000001
-0.163692,-0.2,0.078,0.078,0.078
-0.163688,-0.4,0.082,0.082,0.082
-0.163684,-0.2,0.078,0.078,0.078
-0.16368000000000002,0.0,0.082,0.082,0.082
-0.16367600000000002,-0.2,0.082,0.082,0.082
-0.163672,-0.4,0.078,0.078,0.078
-0.163668,0.0,0.074,0.074,0.074
-0.163664,0.0,0.074,0.074,0.074
-0.16366000000000003,0.0,0.078,0.078,0.078
-0.16365600000000002,0.0,0.066,0.066,0.066
-0.16365200000000002,0.0,0.078,0.078,0.078
-0.16364800000000002,-0.6000000000000001,0.082,0.082,0.082
-0.163644,0.0,0.074,0.074,0.074
-0.16364,-0.2,0.08600000000000001,0.08600000000000001,0.08600000000000001
-0.163636,0.0,0.078,0.078,0.078
-0.163632,-0.2,0.078,0.078,0.078
-0.163628,0.0,0.074,0.074,0.074
-0.16362400000000002,-0.2,0.09,0.09,0.09
-0.16362000000000002,0.0,0.09,0.09,0.09
-0.163616,-0.6000000000000001,0.078,0.078,0.078
-0.163612,-0.2,0.078,0.078,0.078
-0.163608,0.0,0.08600000000000001,0.08600000000000001,0.08600000000000001
-0.16360400000000003,-0.2,0.08600000000000001,0.08600000000000001,0.08600000000000001
-0.16360000000000002,0.0,0.07,0.07,0.07
-0.16359600000000002,0.0,0.078,0.078,0.078
-0.16359200000000002,0.0,0.082,0.082,0.082
-0.163588,0.0,0.078,0.078,0.078
-0.163584,-0.6000000000000001,0.082,0.082,0.082
-0.16358,0.0,0.074,0.074,0.074
-0.163576,0.0,0.074,0.074,0.074
-0.16357200000000002,0.0,0.08600000000000001,0.08600000000000001,0.08600000000000001
-0.16356800000000002,0.2,0.082,0.082,0.082
-0.16356400000000001,0.0,0.08600000000000001,0.08600000000000001,0.08600000000000001
-0.16356,-0.6000000000000001,0.074,0.074,0.074
-0.163556,-0.2,0.074,0.074,0.074
-0.163552,-0.2,0.078,0.078,0.078
-0.16354800000000003,0.0,0.082,0.082,0.082
-0.16354400000000002,-0.2,0.074,0.074,0.074
-0.16354000000000002,-0.2,0.08600000000000001,0.08600000000000001,0.08600000000000001
-0.16353600000000001,0.0,0.078,0.078,0.078
-0.163532,0.0,0.078,0.078,0.078
-0.163528,0.0,0.074,0.074,0.074
-0.163524,-0.4,0.078,0.078,0.078
-0.16352,0.0,0.074,0.074,0.074
-0.16351600000000002,-0.4,0.074,0.074,0.074
-0.16351200000000002,-0.4,0.08600000000000001,0.08600000000000001,0.08600000000000001
-0.16350800000000001,0.0,0.078,0.078,0.078
-0.163504,-0.2,0.082,0.082,0.082
-0.1635,-0.2,0.078,0.078,0.078
-0.163496,0.0,0.078,0.078,0.078
-0.16349200000000003,-0.4,0.082,0.082,0.082
-0.16348800000000002,0.2,0.074,0.074,0.074
-0.16348400000000002,0.0,0.078,0.078,0.078
-0.16348000000000001,0.2,0.082,0.082,0.082
-0.163476,-0.8,0.074,0.074,0.074
-0.163472,-0.2,0.07,0.07,0.07
-0.163468,-0.6000000000000001,0.078,0.078,0.078
-0.163464,-0.4,0.07,0.07,0.07
-0.16346000000000002,0.0,0.074,0.074,0.074
-0.16345600000000002,0.0,0.082,0.082,0.082
-0.16345200000000001,-0.2,0.082,0.082,0.082
-0.163448,0.2,0.08600000000000001,0.08600000000000001,0.08600000000000001
-0.163444,0.2,0.07,0.07,0.07
-0.16344000000000003,0.2,0.08600000000000001,0.08600000000000001,0.08600000000000001
-0.16343600000000003,-0.2,0.09,0.09,0.09
-0.16343200000000002,0.0,0.082,0.082,0.082
-0.16342800000000002,0.0,0.082,0.082,0.082
-0.163424,0.0,0.09,0.09,0.09
-0.16342,0.0,0.082,0.082,0.082
-0.163416,0.0,0.08600000000000001,0.08600000000000001,0.08600000000000001
-0.163412,-0.2,0.07,0.07,0.07
-0.163408,-0.2,0.082,0.082,0.082
-0.16340400000000002,0.0,0.082,0.082,0.082
-0.16340000000000002,0.4,0.078,0.078,0.078
-0.163396,0.0,0.08600000000000001,0.08600000000000001,0.08600000000000001
-0.163392,0.2,0.07,0.07,0.07
-0.163388,0.0,0.074,0.074,0.074
-0.16338400000000003,-0.2,0.078,0.078,0.078
-0.16338000000000003,0.4,0.09,0.09,0.09
-0.16337600000000002,0.2,0.082,0.082,0.082
-0.16337200000000002,-0.2,0.078,0.078,0.078
-0.163368,-0.2,0.078,0.078,0.078
-0.163364,0.0,0.078,0.078,0.078
-0.16336,0.2,0.09,0.09,0.09
-0.163356,0.0,0.078,0.078,0.078
-0.163352,0.2,0.07,0.07,0.07
-0.16334800000000002,0.0,0.08600000000000001,0.08600000000000001,0.08600000000000001
-0.16334400000000002,0.2,0.082,0.082,0.082
-0.16334,-0.2,0.082,0.082,0.082
-0.163336,0.0,0.074,0.074,0.074
-0.163332,-0.2,0.08600000000000001,0.08600000000000001,0.08600000000000001
-0.16332800000000003,-0.4,0.08600000000000001,0.08600000000000001,0.08600000000000001
-0.16332400000000002,0.0,0.074,0.074,0.074
-0.16332000000000002,0.0,0.09,0.09,0.09
-0.16331600000000002,0.0,0.074,0.074,0.074
-0.163312,0.0,0.08600000000000001,0.08600000000000001,0.08600000000000001
-0.163308,-0.4,0.08600000000000001,0.08600000000000001,0.08600000000000001
-0.163304,0.0,0.08600000000000001,0.08600000000000001,0.08600000000000001
-0.1633,-0.2,0.078,0.078,0.078
-0.163296,0.0,0.078,0.078,0.078
-0.16329200000000002,-0.4,0.078,0.078,0.078
-0.16328800000000002,0.6000000000000001,0.078,0.078,0.078
-0.163284,0.0,0.074,0.074,0.074
-0.16328,-0.2,0.082,0.082,0.082
-0.163276,-0.2,0.074,0.074,0.074
-0.16327200000000003,-0.4,0.082,0.082,0.082
-0.16326800000000002,0.2,0.078,0.078,0.078
-0.16326400000000002,-0.2,0.08600000000000001,0.08600000000000001,0.08600000000000001
-0.16326000000000002,-0.2,0.082,0.082,0.082
-0.163256,-0.4,0.09,0.09,0.09
-0.163252,0.0,0.082,0.082,0.082
-0.163248,-0.6000000000000001,0.08600000000000001,0.08600000000000001,0.08600000000000001
-0.163244,0.0,0.078,0.078,0.078
-0.16324,-0.2,0.062,0.062,0.062
-0.16323600000000002,-0.2,0.078,0.078,0.078
-0.16323200000000002,-0.2,0.082,0.082,0.082
-0.163228,-0.2,0.078,0.078,0.078
-0.163224,0.0,0.082,0.082,0.082
-0.16322,0.0,0.078,0.078,0.078
-0.16321600000000003,-0.4,0.08600000000000001,0.08600000000000001,0.08600000000000001
-0.16321200000000002,0.0,0.082,0.082,0.082
-0.16320800000000002,-0.2,0.082,0.082,0.082
-0.16320400000000002,-0.6000000000000001,0.07,0.07,0.07
-0.1632,0.2,0.074,0.074,0.074
-0.163196,0.0,0.082,0.082,0.082
-0.163192,-0.2,0.082,0.082,0.082
-0.163188,-0.2,0.082,0.082,0.082
-0.163184,-0.4,0.082,0.082,0.082
-0.16318000000000002,-0.4,0.082,0.082,0.082
-0.16317600000000002,-0.4,0.078,0.078,0.078
-0.163172,0.0,0.082,0.082,0.082
-0.163168,-0.2,0.08600000000000001,0.08600000000000001,0.08600000000000001
-0.163164,-0.4,0.074,0.074,0.074
-0.16316000000000003,0.0,0.078,0.078,0.078
-0.16315600000000002,0.0,0.082,0.082,0.082
-0.16315200000000002,0.0,0.078,0.078,0.078
-0.16314800000000002,-0.4,0.08600000000000001,0.08600000000000001,0.08600000000000001
-0.163144,0.0,0.082,0.082,0.082
-0.16314,-0.4,0.078,0.078,0.078
-0.163136,-0.2,0.078,0.078,0.078
-0.163132,-0.4,0.07,0.07,0.07
-0.16312800000000002,-0.2,0.08600000000000001,0.08600000000000001,0.08600000000000001
-0.16312400000000002,-0.2,0.074,0.074,0.074
-0.16312000000000001,-0.2,0.09,0.09,0.09
-0.163116,0.0,0.074,0.074,0.074
-0.163112,-0.2,0.078,0.078,0.078
-0.163108,-0.4,0.082,0.082,0.082
-0.16310400000000003,-0.2,0.074,0.074,0.074
-0.16310000000000002,-0.2,0.074,0.074,0.074
-0.16309600000000002,-0.4,0.082,0.082,0.082
-0.16309200000000001,-0.4,0.08600000000000001,0.08600000000000001,0.08600000000000001
-0.163088,-0.2,0.082,0.082,0.082
-0.163084,0.0,0.08600000000000001,0.08600000000000001,0.08600000000000001
-0.16308,0.0,0.082,0.082,0.082
-0.163076,-0.4,0.074,0.074,0.074
-0.16307200000000002,-0.6000000000000001,0.08600000000000001,0.08600000000000001,0.08600000000000001
-0.16306800000000002,0.4,0.078,0.078,0.078
-0.16306400000000001,-0.2,0.08600000000000001,0.08600000000000001,0.08600000000000001
-0.16306,-0.2,0.082,0.082,0.082
-0.163056,-0.2,0.082,0.082,0.082
-0.163052,-0.2,0.078,0.078,0.078
-0.16304800000000003,0.0,0.078,0.078,0.078
-0.16304400000000002,-0.4,0.082,0.082,0.082
-0.16304000000000002,-0.2,0.08600000000000001,0.08600000000000001,0.08600000000000001
-0.16303600000000001,0.0,0.074,0.074,0.074
-0.163032,-0.2,0.08600000000000001,0.08600000000000001,0.08600000000000001
-0.163028,0.0,0.08600000000000001,0.08600000000000001,0.08600000000000001
-0.163024,0.2,0.07,0.07,0.07
-0.16302,-0.2,0.074,0.074,0.074
-0.16301600000000002,-0.2,0.08600000000000001,0.08600000000000001,0.08600000000000001
-0.16301200000000002,-0.4,0.074,0.074,0.074
-0.16300800000000001,0.0,0.08600000000000001,0.08600000000000001,0.08600000000000001
-0.163004,-0.2,0.08600000000000001,0.08600000000000001,0.08600000000000001
-0.163,-0.2,0.082,0.082,0.082
-0.16299600000000003,0.0,0.074,0.074,0.074
-0.16299200000000003,0.0,0.078,0.078,0.078
-0.16298800000000002,0.4,0.082,0.082,0.082
-0.16298400000000002,0.0,0.082,0.082,0.082
-0.16298,-0.4,0.08600000000000001,0.08600000000000001,0.08600000000000001
-0.162976,-0.6000000000000001,0.078,0.078,0.078
-0.162972,-0.2,0.082,0.082,0.082
-0.162968,0.0,0.078,0.078,0.078
-0.162964,0.0,0.082,0.082,0.082
-0.16296000000000002,-0.6000000000000001,0.082,0.082,0.082
-0.16295600000000002,-0.4,0.07,0.07,0.07
-0.162952,-0.2,0.074,0.074,0.074
-0.162948,0.4,0.08600000000000001,0.08600000000000001,0.08600000000000001
-0.162944,0.2,0.09,0.09,0.09
-0.16294000000000003,0.0,0.078,0.078,0.078
-0.16293600000000003,0.0,0.08600000000000001,0.08600000000000001,0.08600000000000001
-0.16293200000000002,0.0,0.082,0.082,0.082
-0.16292800000000002,-0.2,0.082,0.082,0.082
-0.162924,-0.4,0.078,0.078,0.078
-0.16292,0.0,0.08600000000000001,0.08600000000000001,0.08600000000000001
-0.162916,0.0,0.08600000000000001,0.08600000000000001,0.08600000000000001
-0.162912,-0.8,0.082,0.082,0.082
-0.162908,-0.2,0.078,0.078,0.078
-0.16290400000000002,0.0,0.08600000000000001,0.08600000000000001,0.08600000000000001
-0.16290000000000002,0.0,0.074,0.074,0.074
-0.162896,-0.4,0.07,0.07,0.07
-0.162892,-0.2,0.08600000000000001,0.08600000000000001,0.08600000000000001
-0.162888,-0.2,0.082,0.082,0.082
-0.16288400000000003,0.0,0.074,0.074,0.074
-0.16288000000000002,0.0,0.078,0.078,0.078
-0.16287600000000002,0.0,0.08600000000000001,0.08600000000000001,0.08600000000000001
-0.16287200000000002,-0.2,0.09,0.09,0.09
-0.162868,0.0,0.074,0.074,0.074
-0.162864,-0.2,0.08600000000000001,0.08600000000000001,0.08600000000000001
-0.16286,0.0,0.082,0.082,0.082
-0.162856,-0.2,0.094,0.094,0.094
-0.162852,-0.2,0.082,0.082,0.082
-0.16284800000000002,-0.2,0.082,0.082,0.082
-0.16284400000000002,0.0,0.074,0.074,0.074
-0.16284,-0.2,0.07,0.07,0.07
-0.162836,0.0,0.082,0.082,0.082
-0.162832,0.2,0.07,0.07,0.07
-0.16282800000000003,0.4,0.078,0.078,0.078
-0.16282400000000002,-0.2,0.078,0.078,0.078
-0.16282000000000002,-0.2,0.08600000000000001,0.08600000000000001,0.08600000000000001
-0.16281600000000002,0.0,0.082,0.082,0.082
-0.162812,-0.2,0.07,0.07,0.07
-0.162808,0.0,0.078,0.078,0.078
-0.162804,-0.2,0.078,0.078,0.078
-0.1628,-0.2,0.078,0.078,0.078
-0.162796,0.0,0.074,0.074,0.074
-0.16279200000000002,-0.2,0.09,0.09,0.09
-0.16278800000000002,-0.4,0.066,0.066,0.066
-0.162784,0.0,0.078,0.078,0.078
-0.16278,-0.2,0.074,0.074,0.074
-0.162776,-0.6000000000000001,0.082,0.082,0.082
-0.16277200000000003,0.2,0.078,0.078,0.078
-0.16276800000000002,-0.2,0.078,0.078,0.078
-0.16276400000000002,0.6000000000000001,0.078,0.078,0.078
-0.16276000000000002,0.4,0.08600000000000001,0.08600000000000001,0.08600000000000001
-0.162756,-0.2,0.08600000000000001,0.08600000000000001,0.08600000000000001
-0.162752,0.2,0.078,0.078,0.078
-0.162748,0.0,0.078,0.078,0.078
-0.162744,0.0,0.094,0.094,0.094
-0.16274,0.6000000000000001,0.078,0.078,0.078
-0.16273600000000002,0.2,0.07,0.07,0.07
-0.16273200000000002,-0.2,0.078,0.078,0.078
-0.162728,-0.4,0.08600000000000001,0.08600000000000001,0.08600000000000001
-0.162724,-0.4,0.094,0.094,0.094
-0.16272,0.2,0.082,0.082,0.082
-0.16271600000000003,-0.2,0.082,0.082,0.082
-0.16271200000000002,-0.2,0.078,0.078,0.078
-0.16270800000000002,-0.4,0.07,0.07,0.07
-0.16270400000000002,0.4,0.078,0.078,0.078
-0.1627,0.0,0.074,0.074,0.074
-0.162696,0.2,0.08600000000000001,0.08600000000000001,0.08600000000000001
-0.162692,0.0,0.08600000000000001,0.08600000000000001,0.08600000000000001
-0.162688,-0.2,0.078,0.078,0.078
-0.16268400000000002,0.0,0.078,0.078,0.078
-0.16268000000000002,0.0,0.082,0.082,0.082
-0.16267600000000002,0.0,0.082,0.082,0.082
-0.162672,0.0,0.074,0.074,0.074
-0.162668,-0.2,0.082,0.082,0.082
-0.162664,-0.2,0.074,0.074,0.074
-0.16266000000000003,0.4,0.082,0.082,0.082
-0.16265600000000002,0.0,0.078,0.078,0.078
-0.16265200000000002,0.2,0.082,0.082,0.082
-0.16264800000000001,0.0,0.074,0.074,0.074
-0.162644,0.2,0.082,0.082,0.082
-0.16264,-0.2,0.082,0.082,0.082
-0.162636,0.0,0.078,0.078,0.078
-0.162632,-0.2,0.078,0.078,0.078
-0.16262800000000002,-0.6000000000000001,0.082,0.082,0.082
-0.16262400000000002,-0.2,0.074,0.074,0.074
-0.16262000000000001,0.0,0.08600000000000001,0.08600000000000001,0.08600000000000001
-0.162616,-0.2,0.082,0.082,0.082
-0.162612,-0.4,0.07,0.07,0.07
-0.162608,0.0,0.078,0.078,0.078
-0.16260400000000003,-0.2,0.066,0.066,0.066
-0.16260000000000002,0.0,0.082,0.082,0.082
-0.16259600000000002,-0.4,0.082,0.082,0.082
-0.16259200000000001,-0.2,0.078,0.078,0.078
-0.162588,-0.8,0.082,0.082,0.082
-0.162584,-0.2,0.07,0.07,0.07
-0.16258,-0.2,0.08600000000000001,0.08600000000000001,0.08600000000000001
-0.162576,0.2,0.074,0.074,0.074
-0.16257200000000002,-0.2,0.08600000000000001,0.08600000000000001,0.08600000000000001
-0.16256800000000002,0.0,0.07,0.07,0.07
-0.16256400000000001,-0.4,0.066,0.066,0.066
-0.16256,-0.2,0.074,0.074,0.074
-0.162556,0.2,0.08600000000000001,0.08600000000000001,0.08600000000000001
-0.16255200000000003,0.0,0.082,0.082,0.082
-0.16254800000000003,-0.2,0.074,0.074,0.074
-0.16254400000000002,0.0,0.078,0.078,0.078
-0.16254000000000002,-0.2,0.074,0.074,0.074
-0.162536,-0.2,0.082,0.082,0.082
-0.162532,-0.2,0.074,0.074,0.074
-0.162528,0.0,0.082,0.082,0.082
-0.162524,0.0,0.066,0.066,0.066
-0.16252,-0.4,0.078,0.078,0.078
-0.16251600000000002,-0.2,0.066,0.066,0.066
-0.16251200000000002,-0.2,0.08600000000000001,0.08600000000000001,0.08600000000000001
-0.162508,0.0,0.08600000000000001,0.08600000000000001,0.08600000000000001
-0.162504,0.0,0.07,0.07,0.07
-0.1625,-0.4,0.082,0.082,0.082
-0.16249600000000003,0.0,0.08600000000000001,0.08600000000000001,0.08600000000000001
-0.16249200000000003,0.0,0.074,0.074,0.074
-0.16248800000000002,-0.2,0.082,0.082,0.082
-0.16248400000000002,-0.4,0.082,0.082,0.082
-0.16248,-0.2,0.08600000000000001,0.08600000000000001,0.08600000000000001
-0.162476,-0.2,0.082,0.082,0.082
-0.162472,-0.2,0.078,0.078,0.078
-0.162468,-0.4,0.082,0.082,0.082
-0.162464,-0.2,0.08600000000000001,0.08600000000000001,0.08600000000000001
-0.16246000000000002,-0.4,0.08600000000000001,0.08600000000000001,0.08600000000000001
-0.16245600000000002,-0.2,0.074,0.074,0.074
-0.162452,0.0,0.078,0.078,0.078
-0.162448,0.0,0.082,0.082,0.082
-0.162444,-0.2,0.082,0.082,0.082
-0.16244000000000003,-0.2,0.09,0.09,0.09
-0.16243600000000002,0.0,0.082,0.082,0.082
-0.16243200000000002,-0.2,0.082,0.082,0.082
-0.16242800000000002,-0.2,0.078,0.078,0.078
-0.162424,-0.2,0.08600000000000001,0.08600000000000001,0.08600000000000001
-0.16242,0.0,0.082,0.082,0.082
-0.162416,0.0,0.09,0.09,0.09
-0.162412,0.0,0.08600000000000001,0.08600000000000001,0.08600000000000001
-0.162408,-0.2,0.082,0.082,0.082
-0.16240400000000002,-0.6000000000000001,0.08600000000000001,0.08600000000000001,0.08600000000000001
-0.16240000000000002,-0.2,0.09,0.09,0.09
-0.162396,-0.4,0.082,0.082,0.082
-0.162392,-0.4,0.082,0.082,0.082
-0.162388,0.2,0.07,0.07,0.07
-0.16238400000000003,-0.6000000000000001,0.07,0.07,0.07
-0.16238000000000002,-0.2,0.08600000000000001,0.08600000000000001,0.08600000000000001
-0.16237600000000002,-0.2,0.082,0.082,0.082
-0.16237200000000002,-0.2,0.074,0.074,0.074
-0.162368,-0.2,0.078,0.078,0.078
-0.162364,0.0,0.074,0.074,0.074
-0.16236,-0.2,0.09,0.09,0.09
-0.162356,-0.2,0.09,0.09,0.09
-0.162352,0.2,0.08600000000000001,0.08600000000000001,0.08600000000000001
-0.16234800000000002,0.0,0.09,0.09,0.09
-0.16234400000000002,0.0,0.074,0.074,0.074
-0.16234,-0.2,0.082,0.082,0.082
-0.162336,-0.2,0.078,0.078,0.078
-0.162332,0.2,0.09,0.09,0.09
-0.16232800000000003,0.0,0.09,0.09,0.09
-0.16232400000000002,-0.6000000000000001,0.078,0.078,0.078
-0.16232000000000002,-0.2,0.066,0.066,0.066
-0.16231600000000002,0.0,0.082,0.082,0.082
-0.162312,-0.2,0.078,0.078,0.078
-0.162308,-0.6000000000000001,0.082,0.082,0.082
-0.162304,0.2,0.082,0.082,0.082
-0.1623,-0.4,0.074,0.074,0.074
-0.162296,0.0,0.082,0.082,0.082
-0.16229200000000002,-0.4,0.07,0.07,0.07
-0.16228800000000002,-0.2,0.082,0.082,0.082
-0.162284,-0.4,0.082,0.082,0.082
-0.16228,-0.2,0.082,0.082,0.082
-0.162276,-0.2,0.082,0.082,0.082
-0.16227200000000003,-0.4,0.08600000000000001,0.08600000000000001,0.08600000000000001
-0.16226800000000002,0.2,0.09,0.09,0.09
-0.16226400000000002,-0.4,0.07,0.07,0.07
-0.16226000000000002,0.0,0.08600000000000001,0.08600000000000001,0.08600000000000001
-0.162256,-0.2,0.078,0.078,0.078
-0.162252,-0.2,0.08600000000000001,0.08600000000000001,0.08600000000000001
-0.162248,-0.2,0.078,0.078,0.078
-0.162244,-0.4,0.082,0.082,0.082
-0.16224000000000002,0.0,0.078,0.078,0.078
-0.16223600000000002,0.2,0.082,0.082,0.082
-0.16223200000000002,-0.2,0.082,0.082,0.082
-0.162228,-0.2,0.074,0.074,0.074
-0.162224,0.0,0.074,0.074,0.074
-0.16222,0.2,0.082,0.082,0.082
-0.16221600000000003,-0.4,0.08600000000000001,0.08600000000000001,0.08600000000000001
-0.16221200000000002,-0.2,0.08600000000000001,0.08600000000000001,0.08600000000000001
-0.16220800000000002,0.0,0.074,0.074,0.074
-0.16220400000000001,-0.2,0.082,0.082,0.082
-0.1622,0.4,0.09,0.09,0.09
-0.162196,-0.2,0.082,0.082,0.082
-0.162192,-0.2,0.082,0.082,0.082
-0.162188,-0.4,0.08600000000000001,0.08600000000000001,0.08600000000000001
-0.16218400000000002,0.0,0.082,0.082,0.082
-0.16218000000000002,-0.6000000000000001,0.078,0.078,0.078
-0.16217600000000001,0.0,0.09,0.09,0.09
-0.162172,-0.2,0.074,0.074,0.074
-0.162168,0.2,0.082,0.082,0.082
-0.162164,0.0,0.078,0.078,0.078
-0.16216000000000003,-0.6000000000000001,0.074,0.074,0.074
-0.16215600000000002,-0.2,0.074,0.074,0.074
-0.16215200000000002,-0.2,0.082,0.082,0.082
-0.16214800000000001,0.0,0.078,0.078,0.078
-0.162144,-0.2,0.082,0.082,0.082
-0.16214,-0.4,0.082,0.082,0.082
-0.162136,0.2,0.078,0.078,0.078
-0.162132,0.0,0.078,0.078,0.078
-0.16212800000000002,0.4,0.074,0.074,0.074
-0.16212400000000002,-0.4,0.08600000000000001,0.08600000000000001,0.08600000000000001
-0.16212000000000001,-0.2,0.074,0.074,0.074
-0.162116,-0.2,0.082,0.082,0.082
-0.162112,0.2,0.078,0.078,0.078
-0.16210800000000003,0.0,0.082,0.082,0.082
-0.16210400000000003,-0.8,0.074,0.074,0.074
-0.16210000000000002,0.2,0.094,0.094,0.094
-0.16209600000000002,0.0,0.09,0.09,0.09
-0.162092,-0.2,0.08600000000000001,0.08600000000000001,0.08600000000000001
-0.162088,0.0,0.074,0.074,0.074
-0.162084,-0.2,0.078,0.078,0.078
-0.16208,0.2,0.074,0.074,0.074
-0.162076,0.4,0.074,0.074,0.074
-0.16207200000000002,0.0,0.09,0.09,0.09
-0.16206800000000002,0.0,0.082,0.082,0.082
-0.162064,-0.2,0.09,0.09,0.09
-0.16206,-0.2,0.066,0.066,0.066
-0.162056,0.0,0.074,0.074,0.074
-0.16205200000000003,0.0,0.09,0.09,0.09
-0.16204800000000003,0.0,0.074,0.074,0.074
-0.16204400000000002,-0.2,0.082,0.082,0.082
-0.16204000000000002,0.0,0.074,0.074,0.074
-0.162036,-0.2,0.074,0.074,0.074
-0.162032,0.2,0.074,0.074,0.074
-0.162028,-0.2,0.078,0.078,0.078
-0.162024,0.0,0.078,0.078,0.078
-0.16202,0.0,0.074,0.074,0.074
-0.16201600000000002,0.0,0.078,0.078,0.078
-0.16201200000000002,0.0,0.078,0.078,0.078
-0.162008,0.2,0.078,0.078,0.078
-0.162004,-0.4,0.08600000000000001,0.08600000000000001,0.08600000000000001
-0.162,0.0,0.074,0.074,0.074
-0.16199600000000003,0.0,0.078,0.078,0.078
-0.16199200000000002,0.0,0.082,0.082,0.082
-0.16198800000000002,0.2,0.082,0.082,0.082
-0.16198400000000002,0.0,0.082,0.082,0.082
-0.16198,-0.2,0.082,0.082,0.082
-0.161976,-0.4,0.078,0.078,0.078
-0.161972,-0.2,0.09,0.09,0.09
-0.161968,-0.6000000000000001,0.074,0.074,0.074
-0.161964,-0.6000000000000001,0.09,0.09,0.09
-0.16196000000000002,-0.4,0.094,0.094,0.094
-0.16195600000000002,-0.2,0.082,0.082,0.082
-0.161952,0.0,0.078,0.078,0.078
-0.161948,0.4,0.074,0.074,0.074
-0.161944,0.0,0.078,0.078,0.078
-0.16194000000000003,-0.2,0.082,0.082,0.082
-0.16193600000000002,0.0,0.082,0.082,0.082
-0.16193200000000002,0.0,0.078,0.078,0.078
-0.16192800000000002,0.2,0.074,0.074,0.074
-0.161924,0.4,0.074,0.074,0.074
-0.16192,-0.4,0.078,0.078,0.078
-0.161916,-0.2,0.082,0.082,0.082
-0.161912,0.0,0.074,0.074,0.074
-0.161908,0.0,0.078,0.078,0.078
-0.16190400000000002,-0.2,0.082,0.082,0.082
-0.16190000000000002,-0.2,0.07,0.07,0.07
-0.161896,0.2,0.078,0.078,0.078
-0.161892,0.2,0.078,0.078,0.078
-0.161888,0.0,0.082,0.082,0.082
-0.16188400000000003,-0.2,0.082,0.082,0.082
-0.16188000000000002,-0.4,0.078,0.078,0.078
-0.16187600000000002,0.0,0.082,0.082,0.082
-0.16187200000000002,-0.2,0.08600000000000001,0.08600000000000001,0.08600000000000001
-0.161868,-0.2,0.08600000000000001,0.08600000000000001,0.08600000000000001
-0.161864,0.0,0.082,0.082,0.082
-0.16186,-0.2,0.082,0.082,0.082
-0.161856,0.0,0.074,0.074,0.074
-0.161852,-0.2,0.07,0.07,0.07
-0.16184800000000002,-0.4,0.066,0.066,0.066
-0.16184400000000002,-0.6000000000000001,0.082,0.082,0.082
-0.16184,-0.4,0.082,0.082,0.082
-0.161836,0.2,0.078,0.078,0.078
-0.161832,-0.4,0.078,0.078,0.078
-0.16182800000000003,0.0,0.082,0.082,0.082
-0.16182400000000002,-0.4,0.078,0.078,0.078
-0.16182000000000002,0.0,0.078,0.078,0.078
-0.16181600000000002,-0.2,0.07,0.07,0.07
-0.161812,0.0,0.07,0.07,0.07
-0.161808,-0.2,0.078,0.078,0.078
-0.161804,0.0,0.07,0.07,0.07
-0.1618,0.0,0.066,0.066,0.066
-0.16179600000000002,-0.2,0.074,0.074,0.074
-0.16179200000000002,-0.4,0.078,0.078,0.078
-0.16178800000000002,0.0,0.082,0.082,0.082
-0.161784,-0.2,0.09,0.09,0.09
-0.16178,-0.4,0.07,0.07,0.07
-0.161776,0.2,0.08600000000000001,0.08600000000000001,0.08600000000000001
-0.16177200000000003,-0.6000000000000001,0.078,0.078,0.078
-0.16176800000000002,0.0,0.082,0.082,0.082
-0.16176400000000002,0.0,0.074,0.074,0.074
-0.16176000000000001,0.0,0.08600000000000001,0.08600000000000001,0.08600000000000001
-0.161756,-0.2,0.074,0.074,0.074
-0.161752,-0.4,0.094,0.094,0.094
-0.161748,0.0,0.078,0.078,0.078
-0.161744,0.2,0.082,0.082,0.082
-0.16174000000000002,0.0,0.074,0.074,0.074
-0.16173600000000002,-0.2,0.082,0.082,0.082
-0.16173200000000001,-0.2,0.082,0.082,0.082
-0.161728,-0.4,0.082,0.082,0.082
-0.161724,-0.4,0.078,0.078,0.078
-0.16172,0.2,0.08600000000000001,0.08600000000000001,0.08600000000000001
-0.16171600000000003,0.0,0.082,0.082,0.082
-0.16171200000000002,-0.2,0.066,0.066,0.066
-0.16170800000000002,0.0,0.074,0.074,0.074
-0.16170400000000001,0.2,0.082,0.082,0.082
-0.1617,-0.2,0.074,0.074,0.074
-0.161696,0.0,0.074,0.074,0.074
-0.161692,-0.2,0.082,0.082,0.082
-0.161688,0.0,0.08600000000000001,0.08600000000000001,0.08600000000000001
-0.16168400000000002,-0.4,0.09,0.09,0.09
-0.16168000000000002,0.0,0.078,0.078,0.078
-0.16167600000000001,0.2,0.078,0.078,0.078
-0.161672,-0.4,0.066,0.066,0.066
-0.161668,-0.2,0.078,0.078,0.078
-0.16166400000000003,-0.2,0.074,0.074,0.074
-0.16166000000000003,0.0,0.082,0.082,0.082
-0.16165600000000002,0.0,0.08600000000000001,0.08600000000000001,0.08600000000000001
-0.16165200000000002,0.0,0.078,0.078,0.078
-0.16164800000000001,-0.2,0.082,0.082,0.082
-0.161644,-0.2,0.078,0.078,0.078
-0.16164,0.0,0.078,0.078,0.078
-0.161636,-0.2,0.082,0.082,0.082
-0.161632,-0.2,0.09,0.09,0.09
-0.16162800000000002,0.2,0.078,0.078,0.078
-0.16162400000000002,-0.4,0.074,0.074,0.074
-0.16162,-0.2,0.08600000000000001,0.08600000000000001,0.08600000000000001
-0.161616,0.0,0.082,0.082,0.082
-0.161612,0.2,0.082,0.082,0.082
-0.16160800000000003,0.0,0.07,0.07,0.07
-0.16160400000000003,0.0,0.09,0.09,0.09
-0.16160000000000002,0.0,0.08600000000000001,0.08600000000000001,0.08600000000000001
-0.16159600000000002,-0.2,0.078,0.078,0.078
-0.161592,0.0,0.07,0.07,0.07
-0.161588,-0.4,0.074,0.074,0.074
-0.161584,0.0,0.082,0.082,0.082
-0.16158,0.2,0.09,0.09,0.09
-0.161576,0.2,0.08600000000000001,0.08600000000000001,0.08600000000000001
-0.16157200000000002,0.2,0.074,0.074,0.074
-0.16156800000000002,-0.2,0.08600000000000001,0.08600000000000001,0.08600000000000001
-0.161564,0.0,0.08600000000000001,0.08600000000000001,0.08600000000000001
-0.16156,-0.4,0.09,0.09,0.09
-0.161556,0.2,0.082,0.082,0.082
-0.16155200000000003,-0.2,0.08600000000000001,0.08600000000000001,0.08600000000000001
-0.16154800000000002,0.2,0.08600000000000001,0.08600000000000001,0.08600000000000001
-0.16154400000000002,-0.2,0.082,0.082,0.082
-0.16154000000000002,0.0,0.08600000000000001,0.08600000000000001,0.08600000000000001
-0.161536,-0.6000000000000001,0.082,0.082,0.082
-0.161532,0.2,0.09,0.09,0.09
-0.161528,-0.4,0.08600000000000001,0.08600000000000001,0.08600000000000001
-0.161524,-0.2,0.074,0.074,0.074
-0.16152,0.0,0.078,0.078,0.078
-0.16151600000000002,0.0,0.078,0.078,0.078
-0.16151200000000002,0.0,0.078,0.078,0.078
-0.161508,0.2,0.08600000000000001,0.08600000000000001,0.08600000000000001
-0.161504,-0.2,0.082,0.082,0.082
-0.1615,-0.2,0.074,0.074,0.074
-0.16149600000000003,-0.2,0.078,0.078,0.078
-0.16149200000000002,0.0,0.08600000000000001,0.08600000000000001,0.08600000000000001
-0.16148800000000002,-0.4,0.082,0.082,0.082
-0.16148400000000002,-0.6000000000000001,0.078,0.078,0.078
-0.16148,0.0,0.074,0.074,0.074
-0.161476,-0.8,0.09,0.09,0.09
-0.161472,0.0,0.08600000000000001,0.08600000000000001,0.08600000000000001
-0.161468,-0.2,0.078,0.078,0.078
-0.161464,0.0,0.074,0.074,0.074
-0.16146000000000002,-0.4,0.082,0.082,0.082
-0.16145600000000002,-0.2,0.082,0.082,0.082
-0.161452,0.0,0.08600000000000001,0.08600000000000001,0.08600000000000001
-0.161448,-0.6000000000000001,0.082,0.082,0.082
-0.161444,0.0,0.074,0.074,0.074
-0.16144000000000003,-0.4,0.09,0.09,0.09
-0.16143600000000002,0.2,0.078,0.078,0.078
-0.16143200000000002,0.0,0.078,0.078,0.078
-0.16142800000000002,-0.2,0.08600000000000001,0.08600000000000001,0.08600000000000001
-0.161424,0.2,0.082,0.082,0.082
-0.16142,-0.4,0.074,0.074,0.074
-0.161416,0.0,0.08600000000000001,0.08600000000000001,0.08600000000000001
-0.161412,0.0,0.09,0.09,0.09
-0.161408,-0.2,0.082,0.082,0.082
-0.16140400000000002,-0.2,0.082,0.082,0.082
-0.16140000000000002,-0.2,0.08600000000000001,0.08600000000000001,0.08600000000000001
-0.161396,0.0,0.082,0.082,0.082
-0.161392,0.0,0.074,0.074,0.074
-0.161388,0.2,0.09,0.09,0.09
-0.16138400000000003,0.0,0.082,0.082,0.082
-0.16138000000000002,-0.2,0.08600000000000001,0.08600000000000001,0.08600000000000001
-0.16137600000000002,0.0,0.09,0.09,0.09
-0.16137200000000002,-0.2,0.078,0.078,0.078
-0.161368,-0.6000000000000001,0.08600000000000001,0.08600000000000001,0.08600000000000001
-0.161364,-0.4,0.074,0.074,0.074
-0.16136,-0.2,0.074,0.074,0.074
-0.161356,-0.2,0.078,0.078,0.078
-0.16135200000000002,0.2,0.082,0.082,0.082
-0.16134800000000002,0.0,0.08600000000000001,0.08600000000000001,0.08600000000000001
-0.16134400000000002,-0.2,0.078,0.078,0.078
-0.16134,-0.2,0.082,0.082,0.082
-0.161336,-0.2,0.074,0.074,0.074
-0.161332,-0.6000000000000001,0.082,0.082,0.082
-0.16132800000000003,-0.2,0.082,0.082,0.082
-0.16132400000000002,-0.4,0.08600000000000001,0.08600000000000001,0.08600000000000001
-0.16132000000000002,-0.4,0.08600000000000001,0.08600000000000001,0.08600000000000001
-0.16131600000000001,-0.2,0.082,0.082,0.082
-0.161312,0.0,0.082,0.082,0.082
-0.161308,0.0,0.078,0.078,0.078
-0.161304,0.0,0.08600000000000001,0.08600000000000001,0.08600000000000001
-0.1613,0.0,0.082,0.082,0.082
-0.16129600000000002,-0.2,0.08600000000000001,0.08600000000000001,0.08600000000000001
-0.16129200000000002,-0.4,0.082,0.082,0.082
-0.16128800000000001,0.4,0.078,0.078,0.078
-0.161284,0.0,0.078,0.078,0.078
-0.16128,0.0,0.09,0.09,0.09
-0.161276,-0.2,0.078,0.078,0.078
-0.16127200000000003,-0.4,0.074,0.074,0.074
-0.16126800000000002,-0.2,0.074,0.074,0.074
-0.16126400000000002,0.0,0.074,0.074,0.074
-0.16126000000000001,0.0,0.082,0.082,0.082
-0.161256,-0.2,0.082,0.082,0.082
-0.161252,0.0,0.082,0.082,0.082
-0.161248,-0.2,0.082,0.082,0.082
-0.161244,-0.2,0.082,0.082,0.082
-0.16124000000000002,-0.2,0.08600000000000001,0.08600000000000001,0.08600000000000001
-0.16123600000000002,0.2,0.074,0.074,0.074
-0.16123200000000001,-0.2,0.074,0.074,0.074
-0.161228,0.2,0.078,0.078,0.078
-0.161224,0.0,0.082,0.082,0.082
-0.16122000000000003,-0.2,0.078,0.078,0.078
-0.16121600000000003,0.0,0.078,0.078,0.078
-0.16121200000000002,-0.4,0.08600000000000001,0.08600000000000001,0.08600000000000001
-0.16120800000000002,-0.4,0.074,0.074,0.074
-0.16120400000000001,-0.4,0.078,0.078,0.078
-0.1612,0.0,0.082,0.082,0.082
-0.161196,0.4,0.09,0.09,0.09
-0.161192,-0.6000000000000001,0.09,0.09,0.09
-0.161188,-0.6000000000000001,0.082,0.082,0.082
-0.16118400000000002,-0.4,0.082,0.082,0.082
-0.16118000000000002,0.0,0.078,0.078,0.078
-0.161176,0.0,0.082,0.082,0.082
-0.161172,0.0,0.08600000000000001,0.08600000000000001,0.08600000000000001
-0.161168,0.0,0.082,0.082,0.082
-0.16116400000000003,-0.4,0.07,0.07,0.07
-0.16116000000000003,-0.2,0.078,0.078,0.078
-0.16115600000000002,-0.2,0.094,0.094,0.094
-0.16115200000000002,-0.2,0.074,0.074,0.074
-0.161148,0.0,0.074,0.074,0.074
-0.161144,-0.2,0.094,0.094,0.094
-0.16114,-0.2,0.078,0.078,0.078
-0.161136,0.2,0.078,0.078,0.078
-0.161132,-0.2,0.08600000000000001,0.08600000000000001,0.08600000000000001
-0.16112800000000002,-0.2,0.082,0.082,0.082
-0.16112400000000002,-0.2,0.078,0.078,0.078
-0.16112,-0.2,0.08600000000000001,0.08600000000000001,0.08600000000000001
-0.161116,0.0,0.078,0.078,0.078
-0.161112,-0.2,0.078,0.078,0.078
-0.16110800000000003,-0.4,0.074,0.074,0.074
-0.16110400000000002,-0.2,0.08600000000000001,0.08600000000000001,0.08600000000000001
-0.16110000000000002,0.2,0.082,0.082,0.082
-0.16109600000000002,-0.2,0.078,0.078,0.078
-0.161092,-0.2,0.082,0.082,0.082
-0.161088,0.0,0.074,0.074,0.074
-0.161084,-0.4,0.082,0.082,0.082
-0.16108,-0.4,0.066,0.066,0.066
-0.161076,-0.2,0.082,0.082,0.082
-0.16107200000000002,-0.6000000000000001,0.074,0.074,0.074
-0.16106800000000002,-0.4,0.082,0.082,0.082
-0.161064,-0.2,0.082,0.082,0.082
-0.16106,0.0,0.08600000000000001,0.08600000000000001,0.08600000000000001
-0.161056,-0.6000000000000001,0.078,0.078,0.078
-0.16105200000000003,0.4,0.07,0.07,0.07
-0.16104800000000002,-0.2,0.08600000000000001,0.08600000000000001,0.08600000000000001
-0.16104400000000002,0.0,0.082,0.082,0.082
-0.16104000000000002,-0.2,0.08600000000000001,0.08600000000000001,0.08600000000000001
-0.161036,-0.2,0.09,0.09,0.09
-0.161032,0.2,0.074,0.074,0.074
-0.161028,-0.2,0.078,0.078,0.078
-0.161024,0.0,0.078,0.078,0.078
-0.16102,-0.2,0.074,0.074,0.074
-0.16101600000000002,0.2,0.082,0.082,0.082
-0.16101200000000002,-0.2,0.066,0.066,0.066
-0.161008,0.0,0.078,0.078,0.078
-0.161004,-0.4,0.07,0.07,0.07
-0.161,-0.4,0.074,0.074,0.074
-0.16099600000000003,0.0,0.082,0.082,0.082
-0.16099200000000002,0.2,0.082,0.082,0.082
-0.16098800000000002,-0.4,0.09,0.09,0.09
-0.16098400000000002,-0.2,0.082,0.082,0.082
-0.16098,-0.2,0.074,0.074,0.074
-0.160976,0.0,0.078,0.078,0.078
-0.160972,-0.4,0.074,0.074,0.074
-0.160968,0.0,0.09,0.09,0.09
-0.160964,-0.4,0.08600000000000001,0.08600000000000001,0.08600000000000001
-0.16096000000000002,0.2,0.078,0.078,0.078
-0.16095600000000002,-0.4,0.074,0.074,0.074
-0.160952,-0.2,0.08600000000000001,0.08600000000000001,0.08600000000000001
-0.160948,0.0,0.078,0.078,0.078
-0.160944,0.0,0.074,0.074,0.074
-0.16094000000000003,-0.2,0.09,0.09,0.09
-0.16093600000000002,-0.6000000000000001,0.082,0.082,0.082
-0.16093200000000002,-0.2,0.078,0.078,0.078
-0.16092800000000002,0.0,0.08600000000000001,0.08600000000000001,0.08600000000000001
-0.160924,-0.2,0.074,0.074,0.074
-0.16092,0.2,0.08600000000000001,0.08600000000000001,0.08600000000000001
-0.160916,0.0,0.078,0.078,0.078
-0.160912,0.0,0.074,0.074,0.074
-0.16090800000000002,-0.2,0.07,0.07,0.07
-0.16090400000000002,-0.2,0.07,0.07,0.07
-0.16090000000000002,0.0,0.082,0.082,0.082
-0.160896,0.2,0.078,0.078,0.078
-0.160892,-0.2,0.08600000000000001,0.08600000000000001,0.08600000000000001
-0.160888,0.0,0.082,0.082,0.082
-0.16088400000000003,-0.2,0.08600000000000001,0.08600000000000001,0.08600000000000001
-0.16088000000000002,0.0,0.082,0.082,0.082
-0.16087600000000002,-0.2,0.082,0.082,0.082
-0.16087200000000001,-0.4,0.074,0.074,0.074
-0.160868,-0.6000000000000001,0.078,0.078,0.078
-0.160864,-0.2,0.082,0.082,0.082
-0.16086,-0.2,0.08600000000000001,0.08600000000000001,0.08600000000000001
-0.160856,-0.4,0.074,0.074,0.074
-0.16085200000000002,0.0,0.082,0.082,0.082
-0.16084800000000002,-0.4,0.08600000000000001,0.08600000000000001,0.08600000000000001
-0.16084400000000001,-0.2,0.074,0.074,0.074
-0.16084,0.0,0.09,0.09,0.09
-0.160836,0.2,0.082,0.082,0.082
-0.160832,0.0,0.074,0.074,0.074
-0.16082800000000003,-0.6000000000000001,0.09,0.09,0.09
-0.16082400000000002,0.0,0.082,0.082,0.082
-0.16082000000000002,-0.2,0.082,0.082,0.082
-0.16081600000000001,-0.4,0.074,0.074,0.074
-0.160812,-0.2,0.078,0.078,0.078
-0.160808,0.0,0.082,0.082,0.082
-0.160804,0.0,0.074,0.074,0.074
-0.1608,-0.4,0.078,0.078,0.078
-0.16079600000000002,-0.2,0.082,0.082,0.082
-0.16079200000000002,0.2,0.08600000000000001,0.08600000000000001,0.08600000000000001
-0.16078800000000001,-0.4,0.074,0.074,0.074
-0.160784,-0.4,0.082,0.082,0.082
-0.16078,-0.2,0.08600000000000001,0.08600000000000001,0.08600000000000001
-0.16077600000000003,0.0,0.08600000000000001,0.08600000000000001,0.08600000000000001
-0.16077200000000003,0.0,0.082,0.082,0.082
-0.16076800000000002,0.0,0.08600000000000001,0.08600000000000001,0.08600000000000001
-0.16076400000000002,-0.2,0.078,0.078,0.078
-0.16076000000000001,-0.4,0.082,0.082,0.082
-0.160756,-0.2,0.08600000000000001,0.08600000000000001,0.08600000000000001
-0.160752,-0.4,0.08600000000000001,0.08600000000000001,0.08600000000000001
-0.160748,0.0,0.082,0.082,0.082
-0.160744,-0.2,0.082,0.082,0.082
-0.16074000000000002,-0.4,0.078,0.078,0.078
-0.16073600000000002,0.0,0.082,0.082,0.082
-0.160732,-0.2,0.082,0.082,0.082
-0.160728,0.2,0.082,0.082,0.082
-0.160724,-0.2,0.074,0.074,0.074
-0.16072000000000003,-0.6000000000000001,0.078,0.078,0.078
-0.16071600000000003,-0.2,0.074,0.074,0.074
-0.16071200000000002,-0.4,0.082,0.082,0.082
-0.16070800000000002,-0.2,0.07,0.07,0.07
-0.160704,-0.2,0.09,0.09,0.09
-0.1607,-0.4,0.09,0.09,0.09
-0.160696,0.0,0.082,0.082,0.082
-0.160692,0.0,0.082,0.082,0.082
-0.160688,0.0,0.07,0.07,0.07
-0.16068400000000002,-0.6000000000000001,0.074,0.074,0.074
-0.16068000000000002,-0.6000000000000001,0.074,0.074,0.074
-0.160676,-0.2,0.082,0.082,0.082
-0.160672,-0.2,0.082,0.082,0.082
-0.160668,-0.4,0.08600000000000001,0.08600000000000001,0.08600000000000001
-0.16066400000000003,0.0,0.08600000000000001,0.08600000000000001,0.08600000000000001
-0.16066000000000003,-0.2,0.082,0.082,0.082
-0.16065600000000002,-0.2,0.074,0.074,0.074
-0.16065200000000002,-0.2,0.078,0.078,0.078
-0.160648,0.0,0.094,0.094,0.094
-0.160644,-0.2,0.08600000000000001,0.08600000000000001,0.08600000000000001
-0.16064,0.4,0.082,0.082,0.082
-0.160636,0.2,0.082,0.082,0.082
-0.160632,-0.2,0.08600000000000001,0.08600000000000001,0.08600000000000001
-0.16062800000000002,0.0,0.074,0.074,0.074
-0.16062400000000002,0.0,0.082,0.082,0.082
-0.16062,-0.2,0.078,0.078,0.078
-0.160616,0.2,0.078,0.078,0.078
-0.160612,-0.2,0.078,0.078,0.078
-0.16060800000000003,-0.4,0.08600000000000001,0.08600000000000001,0.08600000000000001
-0.16060400000000002,0.2,0.09,0.09,0.09
-0.16060000000000002,0.0,0.078,0.078,0.078
-0.16059600000000002,-0.6000000000000001,0.08600000000000001,0.08600000000000001,0.08600000000000001
-0.160592,0.0,0.082,0.082,0.082
-0.160588,-0.2,0.074,0.074,0.074
-0.160584,-0.6000000000000001,0.082,0.082,0.082
-0.16058,0.4,0.09,0.09,0.09
-0.160576,-0.2,0.09,0.09,0.09
-0.16057200000000002,0.0,0.078,0.078,0.078
-0.16056800000000002,0.0,0.078,0.078,0.078
-0.160564,0.0,0.078,0.078,0.078
-0.16056,0.2,0.082,0.082,0.082
-0.160556,-0.4,0.082,0.082,0.082
-0.16055200000000003,0.2,0.074,0.074,0.074
-0.16054800000000002,-0.2,0.082,0.082,0.082
-0.16054400000000002,-0.2,0.082,0.082,0.082
-0.16054000000000002,-0.2,0.08600000000000001,0.08600000000000001,0.08600000000000001
-0.160536,-0.2,0.08600000000000001,0.08600000000000001,0.08600000000000001
-0.160532,-0.2,0.08600000000000001,0.08600000000000001,0.08600000000000001
-0.160528,0.0,0.074,0.074,0.074
-0.160524,-0.4,0.078,0.078,0.078
-0.16052,-0.2,0.082,0.082,0.082
-0.16051600000000002,0.4,0.082,0.082,0.082
-0.16051200000000002,0.0,0.074,0.074,0.074
-0.160508,-0.6000000000000001,0.07,0.07,0.07
-0.160504,0.4,0.08600000000000001,0.08600000000000001,0.08600000000000001
-0.1605,0.4,0.082,0.082,0.082
-0.16049600000000003,0.2,0.08600000000000001,0.08600000000000001,0.08600000000000001
-0.16049200000000002,0.0,0.08600000000000001,0.08600000000000001,0.08600000000000001
-0.16048800000000002,-0.4,0.082,0.082,0.082
-0.16048400000000002,0.0,0.078,0.078,0.078
-0.16048,-0.4,0.082,0.082,0.082
-0.160476,0.0,0.08600000000000001,0.08600000000000001,0.08600000000000001
-0.160472,0.0,0.082,0.082,0.082
-0.160468,-0.2,0.078,0.078,0.078
-0.16046400000000002,-0.4,0.082,0.082,0.082
-0.16046000000000002,-0.2,0.08600000000000001,0.08600000000000001,0.08600000000000001
-0.16045600000000002,-0.4,0.078,0.078,0.078
-0.160452,0.2,0.074,0.074,0.074
-0.160448,-0.2,0.078,0.078,0.078
-0.160444,-0.2,0.08600000000000001,0.08600000000000001,0.08600000000000001
-0.16044000000000003,0.2,0.082,0.082,0.082
-0.16043600000000002,-0.2,0.082,0.082,0.082
-0.16043200000000002,0.4,0.078,0.078,0.078
-0.16042800000000002,0.2,0.078,0.078,0.078
-0.160424,0.0,0.078,0.078,0.078
-0.16042,-0.2,0.066,0.066,0.066
-0.160416,-0.2,0.09,0.09,0.09
-0.160412,0.2,0.082,0.082,0.082
-0.16040800000000002,-0.2,0.07,0.07,0.07
-0.16040400000000002,0.0,0.082,0.082,0.082
-0.16040000000000001,0.0,0.078,0.078,0.078
-0.160396,0.0,0.082,0.082,0.082
-0.160392,-0.2,0.082,0.082,0.082
-0.160388,-0.4,0.078,0.078,0.078
-0.16038400000000003,-0.2,0.094,0.094,0.094
-0.16038000000000002,0.0,0.082,0.082,0.082
-0.16037600000000002,-0.2,0.09,0.09,0.09
-0.16037200000000001,-0.2,0.074,0.074,0.074
-0.160368,0.2,0.08600000000000001,0.08600000000000001,0.08600000000000001
-0.160364,-0.4,0.07,0.07,0.07
-0.16036,0.0,0.074,0.074,0.074
-0.160356,-0.2,0.08600000000000001,0.08600000000000001,0.08600000000000001
-0.16035200000000002,0.0,0.078,0.078,0.078
-0.16034800000000002,0.0,0.078,0.078,0.078
-0.16034400000000001,0.0,0.082,0.082,0.082
-0.16034,0.0,0.082,0.082,0.082
-0.160336,-0.2,0.074,0.074,0.074
-0.16033200000000003,0.4,0.082,0.082,0.082
-0.16032800000000003,0.2,0.082,0.082,0.082
-0.16032400000000002,0.2,0.078,0.078,0.078
-0.16032000000000002,-0.2,0.08600000000000001,0.08600000000000001,0.08600000000000001
-0.16031600000000001,0.2,0.09,0.09,0.09
-0.160312,-0.2,0.074,0.074,0.074
-0.160308,-0.6000000000000001,0.078,0.078,0.078
-0.160304,-0.2,0.082,0.082,0.082
-0.1603,0.0,0.082,0.082,0.082
-0.16029600000000002,0.2,0.082,0.082,0.082
-0.16029200000000002,0.0,0.082,0.082,0.082
-0.160288,-0.2,0.078,0.078,0.078
-0.160284,-0.4,0.082,0.082,0.082
-0.16028,-0.2,0.078,0.078,0.078
-0.16027600000000003,-0.2,0.082,0.082,0.082
-0.16027200000000003,-0.2,0.08600000000000001,0.08600000000000001,0.08600000000000001
-0.16026800000000002,-0.2,0.074,0.074,0.074
-0.16026400000000002,-0.4,0.078,0.078,0.078
-0.16026,-0.4,0.074,0.074,0.074
-0.160256,0.0,0.082,0.082,0.082
-0.160252,0.0,0.082,0.082,0.082
-0.160248,0.0,0.074,0.074,0.074
-0.160244,-0.2,0.08600000000000001,0.08600000000000001,0.08600000000000001
-0.16024000000000002,0.2,0.074,0.074,0.074
-0.16023600000000002,0.0,0.09,0.09,0.09
-0.160232,-0.2,0.074,0.074,0.074
-0.160228,-0.6000000000000001,0.066,0.066,0.066
-0.160224,0.2,0.078,0.078,0.078
-0.16022000000000003,-0.4,0.074,0.074,0.074
-0.16021600000000003,-0.2,0.082,0.082,0.082
-0.16021200000000002,-0.4,0.08600000000000001,0.08600000000000001,0.08600000000000001
-0.16020800000000002,0.0,0.082,0.082,0.082
-0.160204,0.0,0.08600000000000001,0.08600000000000001,0.08600000000000001
-0.1602,0.2,0.082,0.082,0.082
-0.160196,0.4,0.078,0.078,0.078
-0.160192,0.2,0.078,0.078,0.078
-0.160188,-0.2,0.082,0.082,0.082
-0.16018400000000002,-0.2,0.07,0.07,0.07
-0.16018000000000002,-0.2,0.08600000000000001,0.08600000000000001,0.08600000000000001
-0.160176,0.2,0.078,0.078,0.078
-0.160172,0.0,0.082,0.082,0.082
-0.160168,-0.6000000000000001,0.07,0.07,0.07
-0.16016400000000003,-0.2,0.08600000000000001,0.08600000000000001,0.08600000000000001
-0.16016000000000002,-0.2,0.082,0.082,0.082
-0.16015600000000002,0.0,0.078,0.078,0.078
-0.16015200000000002,-0.4,0.09,0.09,0.09
-0.160148,0.4,0.082,0.082,0.082
-0.160144,-0.2,0.074,0.074,0.074
-0.16014,0.0,0.082,0.082,0.082
-0.160136,-0.4,0.094,0.094,0.094
-0.160132,-0.2,0.074,0.074,0.074
-0.16012800000000002,0.2,0.08600000000000001,0.08600000000000001,0.08600000000000001
-0.16012400000000002,0.0,0.08600000000000001,0.08600000000000001,0.08600000000000001
-0.16012,-0.4,0.074,0.074,0.074
-0.160116,-0.4,0.09,0.09,0.09
-0.160112,-0.2,0.082,0.082,0.082
-0.16010800000000003,0.2,0.082,0.082,0.082
-0.16010400000000002,0.4,0.082,0.082,0.082
-0.16010000000000002,0.0,0.078,0.078,0.078
-0.16009600000000002,-0.2,0.08600000000000001,0.08600000000000001,0.08600000000000001
-0.160092,-0.2,0.078,0.078,0.078
-0.160088,0.0,0.078,0.078,0.078
-0.160084,0.0,0.078,0.078,0.078
-0.16008,-0.2,0.078,0.078,0.078
-0.160076,0.0,0.082,0.082,0.082
-0.16007200000000002,0.0,0.07,0.07,0.07
-0.16006800000000002,0.2,0.074,0.074,0.074
-0.160064,-0.4,0.09,0.09,0.09
-0.16006,-0.4,0.074,0.074,0.074
-0.160056,-0.4,0.082,0.082,0.082
-0.16005200000000003,0.0,0.08600000000000001,0.08600000000000001,0.08600000000000001
-0.16004800000000002,-0.2,0.074,0.074,0.074
-0.16004400000000002,-0.6000000000000001,0.082,0.082,0.082
-0.16004000000000002,-0.2,0.074,0.074,0.074
-0.160036,-0.2,0.09,0.09,0.09
-0.160032,-0.4,0.082,0.082,0.082
-0.160028,-0.4,0.078,0.078,0.078
-0.160024,-0.2,0.082,0.082,0.082
-0.16002,0.0,0.08600000000000001,0.08600000000000001,0.08600000000000001
-0.16001600000000002,0.0,0.08600000000000001,0.08600000000000001,0.08600000000000001
-0.16001200000000002,-0.6000000000000001,0.08600000000000001,0.08600000000000001,0.08600000000000001
-0.160008,0.0,0.082,0.082,0.082
-0.160004,-0.2,0.082,0.082,0.082
