Time (s),Voltage (V)
-0.2,-0.1
-0.19999996,-0.1
-0.19999992,-0.1
-0.19999988000000002,-0.1
-0.19999984,-0.5
-0.1999998,-0.1
-0.19999976,0.1
-0.19999972000000002,-0.1
-0.19999968,0.30000000000000004
-0.19999964,0.30000000000000004
-0.1999996,-0.1
-0.19999956000000002,0.30000000000000004
-0.19999952000000001,-0.1
-0.19999948,0.1
-0.19999944,0.30000000000000004
-0.19999940000000002,-0.1
-0.19999936000000001,-0.1
-0.19999932,0.30000000000000004
-0.19999928,0.30000000000000004
-0.19999924000000002,-0.1
-0.19999920000000002,-0.1
-0.19999916,0.30000000000000004
-0.19999912,-0.1
-0.19999908000000002,0.1
-0.19999904000000002,-0.30000000000000004
-0.199999,0.1
-0.19999896,-0.1
-0.19999892000000002,-0.1
-0.19999888000000002,0.1
-0.19999884,0.30000000000000004
-0.1999988,-0.30000000000000004
-0.19999876,0.1
-0.19999872000000002,0.30000000000000004
-0.19999868,-0.30000000000000004
-0.19999864,-0.1
-0.1999986,0.1
-0.19999856000000002,-0.1
-0.19999852,-0.30000000000000004
-0.19999848,0.30000000000000004
-0.19999844,-0.1
-0.19999840000000002,0.1
-0.19999836000000001,-0.1
-0.19999832,-0.30000000000000004
-0.19999828,0.1
-0.19999824000000002,0.30000000000000004
-0.19999820000000001,0.30000000000000004
-0.19999816,-0.1
-0.19999812,-0.1
-0.19999808000000002,-0.30000000000000004
-0.19999804000000002,-0.5
-0.199998,-0.30000000000000004
-0.19999796,0.1
-0.19999792000000002,-0.1
-0.19999788000000002,-0.1
-0.19999784,-0.1
-0.1999978,0.30000000000000004
-0.19999776000000002,-0.1
-0.19999772000000002,-0.30000000000000004
-0.19999768,-0.30000000000000004
-0.19999764,-0.30000000000000004
-0.1999976,-0.1
-0.19999756000000002,0.1
-0.19999752,0.1
-0.19999748,0.5
-0.19999744,-0.30000000000000004
-0.19999740000000002,0.30000000000000004
-0.19999736,-0.1
-0.19999732,-0.30000000000000004
-0.19999728,-0.1
-0.19999724000000002,-0.1
-0.1999972,-0.1
-0.19999716,-0.1
-0.19999712,-0.1
-0.19999708000000002,0.30000000000000004
-0.19999704000000001,-0.1
-0.199997,-0.30000000000000004
-0.19999696,0.7000000000000001
-0.19999692000000002,0.1
-0.19999688000000002,-0.1
-0.19999684,-0.1
-0.1999968,0.1
-0.19999676000000002,0.30000000000000004
-0.19999672000000002,-0.1
-0.19999668,0.30000000000000004
-0.19999664,-0.30000000000000004
-0.19999660000000002,-0.1
-0.19999656000000002,-0.30000000000000004
-0.19999652,0.1
-0.19999648,0.30000000000000004
-0.19999644,0.30000000000000004
-0.19999640000000002,-0.1
-0.19999636,-0.5
-0.19999632,-0.1
-0.19999628,-0.1
-0.19999624000000002,-0.1
-0.1999962,0.1
-0.19999616,-0.1
-0.19999612,-0.30000000000000004
-0.19999608000000002,0.30000000000000004
-0.19999604,-0.30000000000000004
-0.199996,-0.30000000000000004
-0.19999596,-0.30000000000000004
-0.19999592000000002,-0.30000000000000004
-0.19999588000000001,-0.30000000000000004
-0.19999584,-0.1
-0.1999958,-0.1
-0.19999576000000002,0.1
-0.19999572000000002,0.1
-0.19999568,0.30000000000000004
-0.19999564,0.1
-0.19999560000000002,0.1
-0.19999556000000002,0.30000000000000004
-0.19999552,-0.30000000000000004
-0.19999548,0.1
-0.19999544000000002,-0.30000000000000004
-0.19999540000000002,-0.30000000000000004
-0.19999536,-0.1
-0.19999532,-0.30000000000000004
-0.19999528,-0.1
-0.19999524000000002,0.1
-0.1999952,-0.1
-0.19999516,0.1
-0.19999512,-0.1
-0.19999508000000002,-0.1
-0.19999504,-0.1
-0.199995,0.1
-0.19999496,-0.1
-0.19999492000000002,-0.30000000000000004
-0.19999488,0.30000000000000004
-0.19999484,-0.1
-0.1999948,0.1
-0.19999476000000002,0.30000000000000004
-0.19999472000000001,-0.1
-0.19999468,0.30000000000000004
-0.19999464,-0.1
-0.19999460000000002,-0.1
-0.19999456000000002,-0.1
-0.19999452,-0.1
-0.19999448,-0.1
-0.19999444000000002,0.1
-0.19999440000000002,0.1
-0.19999436,-0.1
-0.19999432,-0.1
-0.19999428000000002,-0.1
-0.19999424000000002,-0.1
-0.1999942,-0.30000000000000004
-0.19999416,-0.1
-0.19999412,0.30000000000000004
-0.19999408000000002,-0.1
-0.19999404,-0.1
-0.199994,0.1
-0.19999396,-0.1
-0.19999392000000002,0.30000000000000004
-0.19999388,0.1
-0.19999384,-0.30000000000000004
-0.1999938,-0.30000000000000004
-0.19999376000000002,-0.5
-0.19999372,-0.1
-0.19999368,-0.1
-0.19999364,-0.1
-0.19999360000000002,-0.1
-0.19999356000000001,0.5
-0.19999352,-0.7000000000000001
-0.19999348,-0.30000000000000004
-0.19999344000000002,-0.1
-0.19999340000000002,-0.5
-0.19999336,-0.30000000000000004
-0.19999332,-0.1
-0.19999328000000002,-0.30000000000000004
-0.19999324000000002,-0.1
-0.1999932,-0.30000000000000004
-0.19999316,-0.1
-0.19999312000000002,-0.9
-0.19999308000000002,-0.1
-0.19999304,-0.30000000000000004
-0.199993,0.1
-0.19999296,-0.30000000000000004
-0.19999292000000002,0.30000000000000004
-0.19999288,-0.1
-0.19999284,0.30000000000000004
-0.1999928,-0.1
-0.19999276000000002,0.1
-0.19999272,-0.5
-0.19999268,-0.1
-0.19999264,0.1
-0.19999260000000002,-0.1
-0.19999256,-0.1
-0.19999252,-0.1
-0.19999248,0.30000000000000004
-0.19999244000000002,-0.30000000000000004
-0.19999240000000001,-0.1
-0.19999236,0.30000000000000004
-0.19999232,0.1
-0.19999228000000002,-0.30000000000000004
-0.19999224000000002,-0.30000000000000004
-0.1999922,0.1
-0.19999216,-0.1
-0.19999212000000002,0.1
-0.19999208000000002,-0.1
-0.19999204,-0.1
-0.199992,-0.1
-0.19999196000000002,-0.1
-0.19999192000000002,0.1
-0.19999188,-0.1
-0.19999184,0.30000000000000004
-0.1999918,-0.1
-0.19999176000000002,0.30000000000000004
-0.19999172,0.30000000000000004
-0.19999168,0.1
-0.19999164,0.1
-0.19999160000000002,0.1
-0.19999156,-0.1
-0.19999152,-0.1
-0.19999148,-0.5
-0.19999144000000002,-0.1
-0.1999914,-0.30000000000000004
-0.19999136,-0.30000000000000004
-0.19999132,0.1
-0.19999128000000002,0.30000000000000004
-0.19999124000000001,0.1
-0.1999912,0.30000000000000004
-0.19999116,-0.30000000000000004
-0.19999112000000002,-0.1
-0.19999108000000002,-0.1
-0.19999104,-0.1
-0.199991,-0.1
-0.19999096000000002,-0.5
-0.19999092000000002,0.1
-0.19999088,-0.1
-0.19999084,-0.30000000000000004
-0.19999080000000002,-0.5
-0.19999076000000002,-0.1
-0.19999072,-0.1
-0.19999068,0.30000000000000004
-0.19999064,0.1
-0.19999060000000002,-0.30000000000000004
-0.19999056,-0.1
-0.19999052,-0.30000000000000004
-0.19999048,-0.1
-0.19999044000000002,-0.30000000000000004
-0.1999904,-0.30000000000000004
-0.19999036,-0.30000000000000004
-0.19999032,-0.1
-0.19999028000000002,-0.30000000000000004
-0.19999024,0.1
-0.1999902,0.1
-0.19999016,-0.1
-0.19999012000000002,-0.1
-0.19999008000000001,-0.1
-0.19999004,-0.30000000000000004
-0.19999,0.1
-0.19998996000000002,-0.30000000000000004
-0.19998992000000002,-0.1
-0.19998988,0.1
-0.19998984,-0.5
-0.19998980000000002,-0.1
-0.19998976000000002,0.30000000000000004
-0.19998972,-0.1
-0.19998968,-0.1
-0.19998964000000002,-0.1
-0.19998960000000002,-0.30000000000000004
-0.19998956,0.30000000000000004
-0.19998952,-0.5
-0.19998948,-0.1
-0.19998944000000002,-0.1
-0.1999894,-0.30000000000000004
-0.19998936,0.1
-0.19998932,0.1
-0.19998928000000002,-0.1
-0.19998924,-0.1
-0.1999892,-0.1
-0.19998916,-0.1
-0.19998912000000002,-0.30000000000000004
-0.19998908,-0.1
-0.19998904,-0.1
-0.199989,-0.1
-0.19998896000000002,-0.1
-0.19998892000000001,-0.1
-0.19998888,-0.30000000000000004
-0.19998884,-0.30000000000000004
-0.19998880000000002,-0.30000000000000004
-0.19998876000000002,-0.1
-0.19998872,-0.1
-0.19998868,0.1
-0.19998864000000002,-0.30000000000000004
-0.19998860000000002,-0.5
-0.19998856,0.1
-0.19998852,-0.30000000000000004
-0.19998848000000002,0.30000000000000004
-0.19998844000000002,-0.30000000000000004
-0.1999884,-0.30000000000000004
-0.19998836,-0.1
-0.19998832000000002,0.1
-0.19998828000000002,-0.1
-0.19998824,0.30000000000000004
-0.1999882,-0.1
-0.19998816,-0.30000000000000004
-0.19998812000000002,-0.1
-0.19998808,-0.1
-0.19998804,-0.1
-0.199988,0.1
-0.19998796000000002,0.30000000000000004
-0.19998792,-0.1
-0.19998788,0.1
-0.19998784,0.1
-0.19998780000000002,-0.1
-0.19998776000000001,0.30000000000000004
-0.19998772,0.30000000000000004
-0.19998768,0.30000000000000004
-0.19998764000000002,0.1
-0.19998760000000002,-0.30000000000000004
-0.19998756,0.30000000000000004
-0.19998752,0.1
-0.19998748000000002,-0.1
-0.19998744000000002,-0.1
-0.1999874,0.30000000000000004
-0.19998736,0.30000000000000004
-0.19998732000000002,0.1
-0.19998728000000002,-0.1
-0.19998724,-0.1
-0.1999872,-0.30000000000000004
-0.19998716000000002,-0.1
-0.19998712000000002,0.30000000000000004
-0.19998708,0.1
-0.19998704,0.1
-0.199987,-0.30000000000000004
-0.19998696000000002,0.1
-0.19998692,-0.1
-0.19998688,-0.1
-0.19998684,-0.30000000000000004
-0.19998680000000002,-0.30000000000000004
-0.19998676,0.5
-0.19998672,-0.1
-0.19998668,0.5
-0.19998664000000002,0.5
-0.19998660000000001,0.30000000000000004
-0.19998656,-0.1
-0.19998652,-0.1
-0.19998648000000002,0.30000000000000004
-0.19998644000000002,0.1
-0.1999864,0.30000000000000004
-0.19998636,0.30000000000000004
-0.19998632000000002,0.1
-0.19998628000000002,0.1
-0.19998624,0.30000000000000004
-0.1999862,-0.1
-0.19998616000000002,-0.1
-0.19998612000000002,-0.1
-0.19998608,-0.1
-0.19998604,-0.30000000000000004
-0.19998600000000002,-0.1
-0.19998596000000002,-0.30000000000000004
-0.19998592,-0.1
-0.19998588,0.1
-0.19998584,-0.1
-0.19998580000000002,0.30000000000000004
-0.19998576,-0.1
-0.19998572,-0.30000000000000004
-0.19998568,-0.1
-0.19998564000000002,-0.30000000000000004
-0.1999856,0.30000000000000004
-0.19998556,-0.30000000000000004
-0.19998552,0.30000000000000004
-0.19998548000000002,-0.1
-0.19998544000000001,-0.1
-0.1999854,-0.30000000000000004
-0.19998536,0.1
-0.19998532000000002,0.30000000000000004
-0.19998528000000002,-0.1
-0.19998524,0.1
-0.1999852,0.1
-0.19998516000000002,-0.1
-0.19998512000000002,-0.1
-0.19998508,-0.1
-0.19998504,0.1
-0.19998500000000002,0.30000000000000004
-0.19998496000000002,-0.30000000000000004
-0.19998492,-0.1
-0.19998488,-0.30000000000000004
-0.19998484000000002,0.1
-0.19998480000000002,-0.30000000000000004
-0.19998476,-0.1
-0.19998472,-0.30000000000000004
-0.19998468,-0.1
-0.19998464000000002,-0.1
-0.1999846,0.1
-0.19998456,-0.1
-0.19998452,0.1
-0.19998448000000002,-0.1
-0.19998444,0.1
-0.1999844,-0.1
-0.19998436,-0.1
-0.19998432000000002,-0.1
-0.19998428000000001,-0.1
-0.19998424,0.1
-0.1999842,0.1
-0.19998416000000002,-0.1
-0.19998412000000002,-0.1
-0.19998408,-0.1
-0.19998404,-0.1
-0.19998400000000002,-0.30000000000000004
-0.19998396000000002,0.1
-0.19998392,0.1
-0.19998388,-0.1
-0.19998384000000002,-0.30000000000000004
-0.19998380000000002,-0.1
-0.19998376,0.30000000000000004
-0.19998372,0.30000000000000004
-0.19998368000000002,-0.30000000000000004
-0.19998364000000002,0.30000000000000004
-0.1999836,-0.5
-0.19998356,0.1
-0.19998352,-0.1
-0.19998348000000002,-0.1
-0.19998344,-0.1
-0.1999834,0.1
-0.19998336,0.1
-0.19998332000000002,-0.1
-0.19998328,-0.5
-0.19998324,0.1
-0.1999832,-0.1
-0.19998316000000002,-0.1
-0.19998312000000001,0.30000000000000004
-0.19998308,-0.30000000000000004
-0.19998304,-0.1
-0.19998300000000002,0.1
-0.19998296000000002,-0.1
-0.19998292,-0.1
-0.19998288,0.1
-0.19998284000000002,0.30000000000000004
-0.19998280000000002,-0.30000000000000004
-0.19998276,-0.5
-0.19998272,-0.1
-0.19998268000000002,-0.1
-0.19998264000000002,-0.30000000000000004
-0.1999826,-0.1
-0.19998256,-0.1
-0.19998252000000002,0.1
-0.19998248000000002,0.1
-0.19998244,0.1
-0.1999824,-0.7000000000000001
-0.19998236,-0.1
-0.19998232000000002,-0.1
-0.19998228,-0.30000000000000004
-0.19998224,-0.1
-0.1999822,-0.1
-0.19998216000000002,-0.30000000000000004
-0.19998212,-0.1
-0.19998208,0.30000000000000004
-0.19998204,-0.30000000000000004
-0.19998200000000002,-0.1
-0.19998196000000001,0.30000000000000004
-0.19998192,-0.1
-0.19998188,0.1
-0.19998184000000002,-0.1
-0.19998180000000002,0.30000000000000004
-0.19998176,0.1
-0.19998172,-0.30000000000000004
-0.19998168000000002,0.30000000000000004
-0.19998164000000002,0.30000000000000004
-0.1999816,0.1
-0.19998156,-0.1
-0.19998152000000002,0.30000000000000004
-0.19998148000000002,0.30000000000000004
-0.19998144,-0.1
-0.1999814,-0.1
-0.19998136000000002,-0.30000000000000004
-0.19998132000000002,0.30000000000000004
-0.19998128,0.30000000000000004
-0.19998124,0.1
-0.1999812,-0.30000000000000004
-0.19998116000000002,-0.1
-0.19998112,-0.30000000000000004
-0.19998108,0.30000000000000004
-0.19998104,0.1
-0.19998100000000002,-0.1
-0.19998096,-0.1
-0.19998092,-0.1
-0.19998088,-0.30000000000000004
-0.19998084000000002,-0.1
-0.19998080000000001,0.30000000000000004
-0.19998076,-0.1
-0.19998072,0.30000000000000004
-0.19998068000000002,0.30000000000000004
-0.19998064000000002,-0.30000000000000004
-0.1999806,-0.1
-0.19998056,-0.1
-0.19998052000000002,-0.30000000000000004
-0.19998048000000002,-0.30000000000000004
-0.19998044,-0.30000000000000004
-0.1999804,-0.1
-0.19998036000000002,0.30000000000000004
-0.19998032000000002,-0.1
-0.19998028,-0.1
-0.19998024,-0.30000000000000004
-0.19998020000000002,-0.1
-0.19998016000000002,0.1
-0.19998012,0.30000000000000004
-0.19998008,0.30000000000000004
-0.19998004,-0.5
-0.19998000000000002,0.1
-0.19997996,-0.1
-0.19997992,-0.30000000000000004
-0.19997988,-0.30000000000000004
-0.19997984000000002,-0.1
-0.1999798,-0.5
-0.19997976,-0.1
-0.19997972,0.1
-0.19997968000000002,-0.30000000000000004
-0.19997964000000001,-0.30000000000000004
-0.1999796,0.1
-0.19997956,0.30000000000000004
-0.19997952000000002,-0.30000000000000004
-0.19997948000000002,-0.1
-0.19997944,-0.30000000000000004
-0.1999794,-0.1
-0.19997936000000002,0.30000000000000004
-0.19997932000000002,-0.1
-0.19997928,-0.30000000000000004
-0.19997924,0.30000000000000004
-0.19997920000000002,-0.1
-0.19997916000000002,0.1
-0.19997912,-0.1
-0.19997908,-0.1
-0.19997904000000002,-0.30000000000000004
-0.19997900000000002,-0.1
-0.19997896,0.1
-0.19997892,-0.30000000000000004
-0.19997888,0.30000000000000004
-0.19997884000000002,-0.1
-0.1999788,0.30000000000000004
-0.19997876,-0.30000000000000004
-0.19997872,-0.1
-0.19997868000000002,0.30000000000000004
-0.19997864,-0.1
-0.1999786,-0.1
-0.19997856,-0.5
-0.19997852000000002,-0.30000000000000004
-0.19997848000000001,-0.1
-0.19997844,-0.30000000000000004
-0.1999784,-0.30000000000000004
-0.19997836000000002,0.1
-0.19997832000000001,-0.5
-0.19997828,-0.1
-0.19997824,0.1
-0.19997820000000002,0.1
-0.19997816000000002,-0.7000000000000001
-0.19997812,0.1
-0.19997808,-0.1
-0.19997804000000002,-0.5
-0.19997800000000002,0.1
-0.19997796,-0.30000000000000004
-0.19997792,-0.1
-0.19997788000000002,-0.1
-0.19997784000000002,-0.30000000000000004
-0.1999778,0.1
-0.19997776,0.30000000000000004
-0.19997772,-0.1
-0.19997768000000002,-0.1
-0.19997764,-0.1
-0.1999776,0.1
-0.19997756,-0.1
-0.19997752000000002,-0.1
-0.19997748,-0.30000000000000004
-0.19997744,-0.30000000000000004
-0.1999774,-0.1
-0.19997736000000002,-0.30000000000000004
-0.19997732000000001,-0.1
-0.19997728,-0.7000000000000001
-0.19997724,0.30000000000000004
-0.19997720000000002,-0.1
-0.19997716000000001,0.1
-0.19997712,-0.30000000000000004
-0.19997708,-0.1
-0.19997704000000002,0.1
-0.19997700000000002,0.1
-0.19997696,-0.1
-0.19997692,-0.1
-0.19997688000000002,0.1
-0.19997684000000002,-0.30000000000000004
-0.1999768,-0.1
-0.19997676,-0.1
-0.19997672000000002,0.1
-0.19997668000000002,-0.1
-0.19997664,-0.1
-0.1999766,0.1
-0.19997656,-0.5
-0.19997652000000002,-0.1
-0.19997648,-0.1
-0.19997644,-0.1
-0.1999764,0.1
-0.19997636000000002,-0.30000000000000004
-0.19997632,0.1
-0.19997628,-0.1
-0.19997624,-0.1
-0.19997620000000002,0.1
-0.19997616000000001,-0.30000000000000004
-0.19997612,-0.5
-0.19997608,-0.30000000000000004
-0.19997604000000002,0.30000000000000004
-0.19997600000000001,-0.1
-0.19997596,-0.30000000000000004
-0.19997592,0.1
-0.19997588000000002,0.30000000000000004
-0.19997584000000002,-0.30000000000000004
-0.1999758,-0.1
-0.19997576,0.1
-0.19997572000000002,0.1
-0.19997568000000002,0.5
-0.19997564,-0.1
-0.1999756,-0.1
-0.19997556000000002,-0.30000000000000004
-0.19997552000000002,0.1
-0.19997548,0.1
-0.19997544,-0.1
-0.1999754,-0.1
-0.19997536000000002,-0.30000000000000004
-0.19997532,-0.1
-0.19997528,0.1
-0.19997524,-0.1
-0.19997520000000002,0.1
-0.19997516,0.1
-0.19997512,-0.30000000000000004
-0.19997508,-0.30000000000000004
-0.19997504000000002,0.1
-0.199975,-0.1
-0.19997496,-0.5
-0.19997492,0.1
-0.19997488000000002,0.30000000000000004
-0.19997484000000001,-0.30000000000000004
-0.1999748,-0.1
-0.19997476,-0.1
-0.19997472000000002,0.30000000000000004
-0.19997468000000002,0.1
-0.19997464,0.1
-0.1999746,-0.1
-0.19997456000000002,0.1
-0.19997452000000002,0.1
-0.19997448,0.30000000000000004
-0.19997444,-0.5
-0.19997440000000002,-0.5
-0.19997436000000002,0.1
-0.19997432,0.1
-0.19997428,-0.30000000000000004
-0.19997424,-0.1
-0.19997420000000002,-0.1
-0.19997416,0.5
-0.19997412,0.30000000000000004
-0.19997408,-0.30000000000000004
-0.19997404000000002,-0.1
-0.199974,0.30000000000000004
-0.19997396,-0.1
-0.19997392,0.30000000000000004
-0.19997388000000002,-0.1
-0.19997384,-0.1
-0.1999738,-0.1
-0.19997376,0.1
-0.19997372000000002,-0.30000000000000004
-0.19997368000000001,-0.1
-0.19997364,0.1
-0.1999736,-0.1
-0.19997356000000002,-0.1
-0.19997352000000002,-0.30000000000000004
-0.19997348,0.30000000000000004
-0.19997344,-0.30000000000000004
-0.19997340000000002,0.1
-0.19997336000000002,0.30000000000000004
-0.19997332,0.1
-0.19997328,0.30000000000000004
-0.19997324000000002,0.1
-0.19997320000000002,-0.1
-0.19997316,0.30000000000000004
-0.19997312,-0.1
-0.19997308,-0.1
-0.19997304000000002,-0.1
-0.199973,-0.30000000000000004
-0.19997296,0.1
-0.19997292,-0.1
-0.19997288000000002,-0.1
-0.19997284,0.1
-0.1999728,0.30000000000000004
-0.19997276,0.1
-0.19997272000000002,-0.1
-0.19997268,0.1
-0.19997264,-0.1
-0.1999726,-0.1
-0.19997256000000002,-0.1
-0.19997252000000001,-0.1
-0.19997248,0.30000000000000004
-0.19997244,0.1
-0.19997240000000002,-0.1
-0.19997236000000002,-0.1
-0.19997232,-0.7000000000000001
-0.19997228,-0.30000000000000004
-0.19997224000000002,-0.1
-0.19997220000000002,-0.30000000000000004
-0.19997216,-0.30000000000000004
-0.19997212,-0.30000000000000004
-0.19997208000000002,0.30000000000000004
-0.19997204000000002,-0.30000000000000004
-0.199972,-0.1
-0.19997196,0.30000000000000004
-0.19997192,0.30000000000000004
-0.19997188000000002,-0.1
-0.19997184,-0.5
-0.1999718,0.1
-0.19997176,0.30000000000000004
-0.19997172000000002,0.30000000000000004
-0.19997168,-0.30000000000000004
-0.19997164,0.30000000000000004
-0.1999716,0.1
-0.19997156000000002,-0.1
-0.19997152,-0.5
-0.19997148,0.1
-0.19997144,-0.30000000000000004
-0.19997140000000002,-0.1
-0.19997136000000001,0.1
-0.19997132,-0.30000000000000004
-0.19997128,0.1
-0.19997124000000002,-0.1
-0.19997120000000002,0.1
-0.19997116,-0.7000000000000001
-0.19997112,-0.30000000000000004
-0.19997108000000002,-0.1
-0.19997104000000002,-0.1
-0.199971,-0.30000000000000004
-0.19997096,-0.1
-0.19997092000000002,-0.1
-0.19997088000000002,-0.1
-0.19997084,-0.1
-0.1999708,0.1
-0.19997076,-0.1
-0.19997072000000002,-0.1
-0.19997068,0.1
-0.19997064,-0.1
-0.1999706,-0.30000000000000004
-0.19997056000000002,-0.7000000000000001
-0.19997052,0.1
-0.19997048,-0.1
-0.19997044,-0.1
-0.19997040000000002,-0.1
-0.19997036,0.1
-0.19997032,-0.1
-0.19997028,-0.1
-0.19997024000000002,-0.1
-0.19997020000000001,-0.30000000000000004
-0.19997016,0.1
-0.19997012,-0.1
-0.19997008000000002,0.1
-0.19997004000000002,-0.30000000000000004
-0.19997,0.1
-0.19996996,-0.1
-0.19996992000000002,0.1
-0.19996988000000002,-0.1
-0.19996984,-0.30000000000000004
-0.1999698,-0.1
-0.19996976000000002,-0.5
-0.19996972000000002,-0.1
-0.19996968,-0.30000000000000004
-0.19996964,0.1
-0.1999696,0.30000000000000004
-0.19996956000000002,0.1
-0.19996952,0.1
-0.19996948,0.1
-0.19996944,-0.1
-0.19996940000000002,-0.1
-0.19996936,-0.1
-0.19996932,0.1
-0.19996928,-0.30000000000000004
-0.19996924000000002,-0.1
-0.1999692,0.1
-0.19996916,-0.5
-0.19996912,-0.30000000000000004
-0.19996908000000002,0.30000000000000004
-0.19996904000000001,0.1
-0.199969,-0.1
-0.19996896,-0.1
-0.19996892000000002,-0.1
-0.19996888000000002,0.1
-0.19996884,0.1
-0.1999688,-0.1
-0.19996876000000002,0.1
-0.19996872000000002,-0.1
-0.19996868,0.1
-0.19996864,-0.1
-0.19996860000000002,-0.1
-0.19996856000000002,-0.1
-0.19996852,-0.5
-0.19996848,-0.1
-0.19996844,0.1
-0.19996840000000002,0.1
-0.19996836,-0.1
-0.19996832,0.30000000000000004
-0.19996828,0.30000000000000004
-0.19996824000000002,0.30000000000000004
-0.1999682,0.1
-0.19996816,-0.30000000000000004
-0.19996812,-0.30000000000000004
-0.19996808000000002,-0.30000000000000004
-0.19996804,-0.1
-0.199968,0.1
-0.19996796,-0.1
-0.19996792000000002,-0.1
-0.19996788000000001,0.1
-0.19996784,-0.1
-0.1999678,0.30000000000000004
-0.19996776000000002,0.30000000000000004
-0.19996772000000002,-0.30000000000000004
-0.19996768,-0.1
-0.19996764,-0.1
-0.19996760000000002,-0.1
-0.19996756000000002,0.30000000000000004
-0.19996752,0.1
-0.19996748,-0.1
-0.19996744000000002,0.1
-0.19996740000000002,-0.1
-0.19996736,-0.1
-0.19996732,0.30000000000000004
-0.19996728,-0.1
-0.19996724000000002,0.1
-0.1999672,0.1
-0.19996716,0.30000000000000004
-0.19996712,0.30000000000000004
-0.19996708000000002,0.30000000000000004
-0.19996704,0.30000000000000004
-0.199967,0.1
-0.19996696,-0.1
-0.19996692000000002,0.30000000000000004
-0.19996688,-0.1
-0.19996684,-0.1
-0.1999668,-0.1
-0.19996676000000002,-0.30000000000000004
-0.19996672000000001,-0.1
-0.19996668,0.1
-0.19996664,-0.1
-0.19996660000000002,-0.1
-0.19996656000000002,-0.30000000000000004
-0.19996652,-0.1
-0.19996648,-0.1
-0.19996644000000002,-0.1
-0.19996640000000002,-0.1
-0.19996636,0.1
-0.19996632,-0.1
-0.19996628000000002,-0.1
-0.19996624000000002,-0.1
-0.1999662,-0.5
-0.19996616,0.1
-0.19996612000000002,0.1
-0.19996608000000002,-0.1
-0.19996604,0.1
-0.199966,-0.30000000000000004
-0.19996596,-0.1
-0.19996592000000002,0.1
-0.19996588,0.30000000000000004
-0.19996584,-0.1
-0.1999658,0.1
-0.19996576000000002,-0.30000000000000004
-0.19996572,-0.1
-0.19996568,-0.1
-0.19996564,-0.5
-0.19996560000000002,0.1
-0.19996556000000001,-0.30000000000000004
-0.19996552,-0.1
-0.19996548,0.30000000000000004
-0.19996544000000002,-0.1
-0.19996540000000002,-0.1
-0.19996536,0.1
-0.19996532,-0.30000000000000004
-0.19996528000000002,-0.1
-0.19996524000000002,-0.30000000000000004
-0.1999652,-0.1
-0.19996516,-0.1
-0.19996512000000002,-0.30000000000000004
-0.19996508000000002,0.1
-0.19996504,0.1
-0.199965,-0.1
-0.19996496000000002,0.30000000000000004
-0.19996492000000002,-0.1
-0.19996488,0.1
-0.19996484,-0.30000000000000004
-0.1999648,-0.30000000000000004
-0.19996476000000002,-0.1
-0.19996472,-0.1
-0.19996468,0.30000000000000004
-0.19996464,0.5
-0.19996460000000002,0.1
-0.19996456,-0.1
-0.19996452,-0.30000000000000004
-0.19996448,-0.1
-0.19996444000000002,-0.1
-0.19996440000000001,0.30000000000000004
-0.19996436,-0.30000000000000004
-0.19996432,-0.30000000000000004
-0.19996428000000002,0.1
-0.19996424000000002,-0.5
-0.1999642,-0.1
-0.19996416,0.30000000000000004
-0.19996412000000002,-0.30000000000000004
-0.19996408000000002,-0.1
-0.19996404,-0.1
-0.199964,-0.1
-0.19996396000000002,0.30000000000000004
-0.19996392000000002,-0.30000000000000004
-0.19996388,-0.1
-0.19996384,0.1
-0.19996380000000002,0.30000000000000004
-0.19996376000000002,-0.30000000000000004
-0.19996372,-0.1
-0.19996368,0.1
-0.19996364,0.30000000000000004
-0.19996360000000002,-0.30000000000000004
-0.19996356,-0.1
-0.19996352,0.1
-0.19996348,-0.30000000000000004
-0.19996344000000002,-0.1
-0.1999634,-0.1
-0.19996336,-0.5
-0.19996332,-0.1
-0.19996328000000002,-0.30000000000000004
-0.19996324000000001,-0.1
-0.1999632,-0.1
-0.19996316,0.1
-0.19996312000000002,0.30000000000000004
-0.19996308000000002,-0.1
-0.19996304,-0.5
-0.199963,-0.5
-0.19996296000000002,-0.1
-0.19996292000000002,-0.30000000000000004
-0.19996288,-0.5
-0.19996284,-0.30000000000000004
-0.19996280000000002,0.1
-0.19996276000000002,0.30000000000000004
-0.19996272,0.1
-0.19996268,-0.1
-0.19996264000000002,-0.1
-0.19996260000000002,0.1
-0.19996256,-0.1
-0.19996252,-0.1
-0.19996248,0.1
-0.19996244000000002,-0.1
-0.1999624,-0.5
-0.19996236,-0.1
-0.19996232,-0.1
-0.19996228000000002,-0.30000000000000004
-0.19996224,-0.5
-0.1999622,-0.1
-0.19996216,-0.1
-0.19996212000000002,0.1
-0.19996208000000001,0.1
-0.19996204,-0.30000000000000004
-0.199962,0.1
-0.19996196000000002,-0.1
-0.19996192000000002,-0.30000000000000004
-0.19996188,-0.1
-0.19996184,0.1
-0.19996180000000002,-0.1
-0.19996176000000002,0.30000000000000004
-0.19996172,0.30000000000000004
-0.19996168,-0.1
-0.19996164000000002,0.1
-0.19996160000000002,-0.1
-0.19996156,0.30000000000000004
-0.19996152,-0.1
-0.19996148000000002,-0.30000000000000004
-0.19996144000000002,-0.1
-0.1999614,-0.1
-0.19996136,-0.30000000000000004
-0.19996132,-0.1
-0.19996128000000002,-0.30000000000000004
-0.19996124,-0.1
-0.1999612,0.30000000000000004
-0.19996116,-0.1
-0.19996112000000002,-0.1
-0.19996108,-0.7000000000000001
-0.19996104,0.1
-0.199961,-0.1
-0.19996096000000002,-0.1
-0.19996092000000001,-0.1
-0.19996088,-0.1
-0.19996084,0.1
-0.19996080000000002,0.1
-0.19996076000000002,0.30000000000000004
-0.19996072,-0.30000000000000004
-0.19996068,-0.30000000000000004
-0.19996064000000002,-0.30000000000000004
-0.19996060000000002,-0.1
-0.19996056,-0.30000000000000004
-0.19996052,-0.1
-0.19996048000000002,-0.1
-0.19996044000000002,-0.1
-0.1999604,-0.1
-0.19996036,-0.1
-0.19996032000000002,-0.1
-0.19996028000000002,-0.30000000000000004
-0.19996024,-0.30000000000000004
-0.1999602,0.30000000000000004
-0.19996016,-0.1
-0.19996012000000002,0.1
-0.19996008,-0.1
-0.19996004,-0.30000000000000004
-0.19996,-0.5
-0.19995996000000002,0.1
-0.19995992,-0.1
-0.19995988,-0.1
-0.19995984,-0.1
-0.19995980000000002,-0.1
-0.19995976000000001,-0.1
-0.19995972,-0.30000000000000004
-0.19995968,-0.30000000000000004
-0.19995964000000002,-0.30000000000000004
-0.19995960000000002,0.30000000000000004
-0.19995956,0.30000000000000004
-0.19995952,0.1
-0.19995948000000002,0.1
-0.19995944000000002,0.30000000000000004
-0.1999594,-0.1
-0.19995936,0.1
-0.19995932000000002,-0.1
-0.19995928000000002,-0.1
-0.19995924,-0.1
-0.1999592,-0.1
-0.19995916000000002,0.1
-0.19995912000000002,0.1
-0.19995908,-0.30000000000000004
-0.19995904,0.30000000000000004
-0.199959,0.30000000000000004
-0.19995896000000002,0.1
-0.19995892,-0.1
-0.19995888,0.30000000000000004
-0.19995884,-0.1
-0.19995880000000002,-0.30000000000000004
-0.19995876,0.1
-0.19995872,0.1
-0.19995868,-0.30000000000000004
-0.19995864000000002,-0.1
-0.19995860000000001,-0.5
-0.19995856,-0.1
-0.19995852,-0.30000000000000004
-0.19995848000000002,-0.1
-0.19995844000000002,-0.1
-0.1999584,-0.1
-0.19995836,-0.30000000000000004
-0.19995832000000002,-0.1
-0.19995828000000002,-0.30000000000000004
-0.19995824,-0.1
-0.1999582,0.30000000000000004
-0.19995816000000002,-0.1
-0.19995812000000002,0.30000000000000004
-0.19995808,-0.1
-0.19995804,-0.1
-0.19995800000000002,0.1
-0.19995796000000002,-0.30000000000000004
-0.19995792,-0.30000000000000004
-0.19995788,0.30000000000000004
-0.19995784,-0.5
-0.19995780000000002,0.1
-0.19995776,-0.30000000000000004
-0.19995772,-0.30000000000000004
-0.19995768,-0.1
-0.19995764000000002,-0.1
-0.1999576,-0.5
-0.19995756,-0.1
-0.19995752,-0.1
-0.19995748000000002,-0.1
-0.19995744000000001,-0.1
-0.1999574,-0.30000000000000004
-0.19995736,-0.1
-0.19995732000000002,0.1
-0.19995728000000002,-0.1
-0.19995724,-0.1
-0.1999572,-0.30000000000000004
-0.19995716000000002,-0.7000000000000001
-0.19995712000000002,0.30000000000000004
-0.19995708,-0.1
-0.19995704,0.30000000000000004
-0.19995700000000002,-0.30000000000000004
-0.19995696000000002,-0.1
-0.19995692,-0.1
-0.19995688,-0.1
-0.19995684000000002,-0.30000000000000004
-0.19995680000000002,0.1
-0.19995676,-0.1
-0.19995672,-0.1
-0.19995668,-0.1
-0.19995664000000002,-0.30000000000000004
-0.1999566,0.30000000000000004
-0.19995656,-0.7000000000000001
-0.19995652,-0.1
-0.19995648000000002,-0.1
-0.19995644,0.1
-0.1999564,-0.1
-0.19995636,0.30000000000000004
-0.19995632000000002,-0.1
-0.19995628000000001,-0.1
-0.19995624,0.30000000000000004
-0.1999562,-0.1
-0.19995616000000002,-0.30000000000000004
-0.19995612000000001,0.1
-0.19995608,-0.1
-0.19995604,-0.30000000000000004
-0.19995600000000002,-0.1
-0.19995596000000002,0.1
-0.19995592,-0.1
-0.19995588,-0.1
-0.19995584000000002,0.30000000000000004
-0.19995580000000002,0.30000000000000004
-0.19995576,-0.1
-0.19995572,0.30000000000000004
-0.19995568000000002,-0.30000000000000004
-0.19995564000000002,-0.30000000000000004
-0.1999556,-0.1
-0.19995556,-0.1
-0.19995552,-0.30000000000000004
-0.19995548000000002,-0.1
-0.19995544,-0.1
-0.1999554,-0.30000000000000004
-0.19995536,-0.1
-0.19995532000000002,-0.1
-0.19995528,-0.1
-0.19995524,0.30000000000000004
-0.1999552,0.1
-0.19995516000000002,-0.30000000000000004
-0.19995512000000001,0.1
-0.19995508,0.1
-0.19995504,-0.5
-0.19995500000000002,-0.7000000000000001
-0.19995496000000001,0.1
-0.19995492,-0.1
-0.19995488,-0.1
-0.19995484000000002,0.1
-0.19995480000000002,-0.30000000000000004
-0.19995476,0.30000000000000004
-0.19995472,-0.5
-0.19995468000000002,0.30000000000000004
-0.19995464000000002,0.30000000000000004
-0.1999546,-0.1
-0.19995456,-0.1
-0.19995452000000002,-0.30000000000000004
-0.19995448000000002,0.30000000000000004
-0.19995444,0.1
-0.1999544,-0.1
-0.19995436,-0.30000000000000004
-0.19995432000000002,-0.1
-0.19995428,0.1
-0.19995424,-0.1
-0.1999542,0.1
-0.19995416000000002,-0.1
-0.19995412,0.30000000000000004
-0.19995408,-0.1
-0.19995404,-0.1
-0.19995400000000002,0.30000000000000004
-0.19995396000000001,0.1
-0.19995392,0.1
-0.19995388,0.1
-0.19995384000000002,-0.30000000000000004
-0.19995380000000001,-0.1
-0.19995376,-0.1
-0.19995372,0.30000000000000004
-0.19995368000000002,0.1
-0.19995364000000002,-0.1
-0.1999536,0.30000000000000004
-0.19995356,-0.1
-0.19995352000000002,-0.1
-0.19995348000000002,-0.1
-0.19995344,-0.1
-0.1999534,0.1
-0.19995336000000002,-0.1
-0.19995332000000002,-0.1
-0.19995328,-0.1
-0.19995324,-0.1
-0.1999532,0.30000000000000004
-0.19995316000000002,0.30000000000000004
-0.19995312,-0.1
-0.19995308,-0.1
-0.19995304,-0.30000000000000004
-0.19995300000000002,0.30000000000000004
-0.19995296,0.1
-0.19995292,-0.7000000000000001
-0.19995288,-0.30000000000000004
-0.19995284000000002,0.30000000000000004
-0.1999528,-0.30000000000000004
-0.19995276,0.30000000000000004
-0.19995272,0.1
-0.19995268000000002,-0.30000000000000004
-0.19995264000000001,-0.1
-0.1999526,-0.1
-0.19995256,0.1
-0.19995252000000002,0.1
-0.19995248000000002,-0.1
-0.19995244,-0.1
-0.1999524,0.1
-0.19995236000000002,0.1
-0.19995232000000002,-0.1
-0.19995228,0.30000000000000004
-0.19995224,-0.30000000000000004
-0.19995220000000002,-0.7000000000000001
-0.19995216000000002,-0.30000000000000004
-0.19995212,0.1
-0.19995208,0.1
-0.19995204,-0.1
-0.19995200000000002,-0.1
-0.19995196,0.1
-0.19995192,-0.1
-0.19995188,0.1
-0.19995184000000002,0.30000000000000004
-0.1999518,-0.1
-0.19995176,-0.1
-0.19995172,-0.30000000000000004
-0.19995168000000002,-0.1
-0.19995164,-0.1
-0.1999516,-0.30000000000000004
-0.19995156,-0.5
-0.19995152000000002,0.1
-0.19995148000000001,0.30000000000000004
-0.19995144,-0.1
-0.1999514,-0.1
-0.19995136000000002,0.30000000000000004
-0.19995132000000002,-0.7000000000000001
-0.19995128,-0.30000000000000004
-0.19995124,-0.1
-0.19995120000000002,0.30000000000000004
-0.19995116000000002,-0.1
-0.19995112,-0.1
-0.19995108,-0.1
-0.19995104000000002,-0.30000000000000004
-0.19995100000000002,0.1
-0.19995096,-0.1
-0.19995092,0.30000000000000004
-0.19995088,0.30000000000000004
-0.19995084000000002,0.30000000000000004
-0.1999508,-0.1
-0.19995076,0.5
-0.19995072,0.1
-0.19995068000000002,-0.1
-0.19995064,-0.30000000000000004
-0.1999506,-0.1
-0.19995056,-0.30000000000000004
-0.19995052000000002,-0.1
-0.19995048,-0.1
-0.19995044,0.30000000000000004
-0.1999504,0.1
-0.19995036000000002,0.30000000000000004
-0.19995032000000001,-0.30000000000000004
-0.19995028,-0.5
-0.19995024,-0.1
-0.19995020000000002,-0.30000000000000004
-0.19995016000000002,-0.1
-0.19995012,-0.1
-0.19995008,-0.30000000000000004
-0.19995004000000002,-0.1
-0.19995000000000002,-0.1
-0.19994996,-0.1
-0.19994992,-0.30000000000000004
-0.19994988000000002,0.1
-0.19994984000000002,-0.1
-0.1999498,0.1
-0.19994976,0.1
-0.19994972,-0.1
-0.19994968000000002,0.30000000000000004
-0.19994964,-0.30000000000000004
-0.1999496,-0.1
-0.19994956,0.1
-0.19994952000000002,0.1
-0.19994948,-0.30000000000000004
-0.19994944,-0.1
-0.1999494,-0.1
-0.19994936000000002,0.1
-0.19994932,-0.30000000000000004
-0.19994928,-0.30000000000000004
-0.19994924,0.30000000000000004
-0.19994920000000002,-0.1
-0.19994916000000001,-0.1
-0.19994912,-0.30000000000000004
-0.19994908,-0.1
-0.19994904000000002,-0.1
-0.19994900000000002,-0.1
-0.19994896,-0.30000000000000004
-0.19994892,-0.1
-0.19994888000000002,-0.1
-0.19994884000000002,0.30000000000000004
-0.1999488,0.30000000000000004
-0.19994876,-0.5
-0.19994872000000002,-0.1
-0.19994868000000002,-0.1
-0.19994864,-0.30000000000000004
-0.1999486,-0.5
-0.19994856,-0.30000000000000004
-0.19994852000000002,0.1
-0.19994848,-0.1
-0.19994844,-0.30000000000000004
-0.1999484,-0.1
-0.19994836000000002,0.1
-0.19994832,-0.30000000000000004
-0.19994828,-0.1
-0.19994824,0.1
-0.19994820000000002,-0.1
-0.19994816,-0.30000000000000004
-0.19994812,-0.1
-0.19994808,-0.1
-0.19994804000000002,-0.30000000000000004
-0.19994800000000001,-0.1
-0.19994796,0.1
-0.19994792,-0.5
-0.19994788000000002,-0.1
-0.19994784000000002,-0.1
-0.1999478,-0.1
-0.19994776,-0.1
-0.19994772000000002,-0.30000000000000004
-0.19994768000000002,-0.30000000000000004
-0.19994764,0.1
-0.1999476,0.1
-0.19994756000000002,-0.30000000000000004
-0.19994752000000002,-0.1
-0.19994748,0.1
-0.19994744,0.30000000000000004
-0.1999474,-0.1
-0.19994736000000002,-0.1
-0.19994732,-0.1
-0.19994728,-0.1
-0.19994724,-0.1
-0.19994720000000002,0.7000000000000001
-0.19994716,-0.30000000000000004
-0.19994712,-0.30000000000000004
-0.19994708,0.30000000000000004
-0.19994704000000002,-0.30000000000000004
-0.199947,0.1
-0.19994696,-0.1
-0.19994692,0.1
-0.19994688000000002,-0.30000000000000004
-0.19994684000000001,-0.30000000000000004
-0.1999468,-0.5
-0.19994676,-0.1
-0.19994672000000002,-0.1
-0.19994668000000002,-0.1
-0.19994664,-0.30000000000000004
-0.1999466,-0.30000000000000004
-0.19994656000000002,-0.1
-0.19994652000000002,0.30000000000000004
-0.19994648,-0.1
-0.19994644,-0.1
-0.19994640000000002,-0.1
-0.19994636000000002,0.1
-0.19994632,-0.30000000000000004
-0.19994628,-0.1
-0.19994624,0.30000000000000004
-0.19994620000000002,-0.5
-0.19994616,0.30000000000000004
-0.19994612,0.9
-0.19994608,-0.1
-0.19994604000000002,0.30000000000000004
-0.199946,0.1
-0.19994596,-0.30000000000000004
-0.19994592,-0.1
-0.19994588000000002,-0.30000000000000004
-0.19994584,0.30000000000000004
-0.1999458,-0.1
-0.19994576,-0.5
-0.19994572000000002,0.5
-0.19994568000000001,0.30000000000000004
-0.19994564,-0.1
-0.1999456,-0.1
-0.19994556000000002,0.30000000000000004
-0.19994552000000002,-0.1
-0.19994548,-0.1
-0.19994544,-0.1
-0.19994540000000002,0.1
-0.19994536000000002,-0.1
-0.19994532,-0.30000000000000004
-0.19994528,-0.1
-0.19994524000000002,-0.1
-0.19994520000000002,-0.1
-0.19994516,-0.1
-0.19994512,0.30000000000000004
-0.19994508,-0.30000000000000004
-0.19994504000000002,-0.1
-0.199945,0.5
-0.19994496,-0.1
-0.19994492,-0.1
-0.19994488000000002,-0.30000000000000004
-0.19994484,-0.30000000000000004
-0.1999448,0.1
-0.19994476,-0.30000000000000004
-0.19994472000000002,0.1
-0.19994468,0.1
-0.19994464,0.1
-0.1999446,-0.1
-0.19994456000000002,-0.1
-0.19994452000000001,-0.5
-0.19994448,-0.30000000000000004
-0.19994444,-0.1
-0.19994440000000002,0.1
-0.19994436000000002,-0.1
-0.19994432,-0.30000000000000004
-0.19994428,-0.1
-0.19994424000000002,-0.1
-0.19994420000000002,-0.1
-0.19994416,0.30000000000000004
-0.19994412,0.30000000000000004
-0.19994408000000002,0.30000000000000004
-0.19994404000000002,-0.1
-0.199944,-0.30000000000000004
-0.19994396,0.1
-0.19994392000000002,-0.1
-0.19994388000000002,-0.5
-0.19994384,-0.1
-0.1999438,0.1
-0.19994376,0.1
-0.19994372000000002,-0.1
-0.19994368,-0.1
-0.19994364,0.1
-0.1999436,-0.1
-0.19994356000000002,-0.30000000000000004
-0.19994352,-0.1
-0.19994348,0.30000000000000004
-0.19994344,-0.1
-0.19994340000000002,-0.30000000000000004
-0.19994336000000001,-0.5
-0.19994332,0.1
-0.19994328,-0.5
-0.19994324000000002,0.1
-0.19994320000000002,-0.5
-0.19994316,-0.1
-0.19994312,0.30000000000000004
-0.19994308000000002,-0.1
-0.19994304000000002,-0.1
-0.199943,0.1
-0.19994296,-0.1
-0.19994292000000002,-0.30000000000000004
-0.19994288000000002,-0.30000000000000004
-0.19994284,0.30000000000000004
-0.1999428,-0.30000000000000004
-0.19994276000000002,-0.1
-0.19994272000000002,0.1
-0.19994268,-0.1
-0.19994264,-0.30000000000000004
-0.1999426,-0.1
-0.19994256000000002,0.30000000000000004
-0.19994252,-0.1
-0.19994248,-0.30000000000000004
-0.19994244,-0.1
-0.19994240000000002,-0.1
-0.19994236,-0.1
-0.19994232,-0.1
-0.19994228,-0.1
-0.19994224000000002,-0.1
-0.19994220000000001,-0.30000000000000004
-0.19994216,-0.1
-0.19994212,-0.30000000000000004
-0.19994208000000002,-0.1
-0.19994204000000002,-0.1
-0.199942,-0.1
-0.19994196,-0.1
-0.19994192000000002,-0.30000000000000004
-0.19994188000000002,-0.30000000000000004
-0.19994184,0.30000000000000004
-0.1999418,-0.1
-0.19994176000000002,-0.5
-0.19994172000000002,-0.30000000000000004
-0.19994168,-0.1
-0.19994164,-0.30000000000000004
-0.19994160000000002,-0.1
-0.19994156000000002,0.1
-0.19994152,-0.30000000000000004
-0.19994148,0.1
-0.19994144,-0.30000000000000004
-0.19994140000000002,-0.1
-0.19994136,-0.1
-0.19994132,-0.1
-0.19994128,-0.5
-0.19994124000000002,-0.30000000000000004
-0.1999412,0.1
-0.19994116,-0.1
-0.19994112,-0.1
-0.19994108000000002,0.1
-0.19994104000000001,0.1
-0.199941,-0.30000000000000004
-0.19994096,-0.1
-0.19994092000000002,0.30000000000000004
-0.19994088000000002,-0.1
-0.19994084,0.1
-0.1999408,0.1
-0.19994076000000002,-0.1
-0.19994072000000002,-0.1
-0.19994068,-0.1
-0.19994064,-0.1
-0.19994060000000002,-0.1
-0.19994056000000002,-0.1
-0.19994052,-0.1
-0.19994048,0.30000000000000004
-0.19994044000000002,0.30000000000000004
-0.19994040000000002,-0.1
-0.19994036,-0.1
-0.19994032,-0.30000000000000004
-0.19994028,-0.30000000000000004
-0.19994024000000002,-0.5
-0.1999402,-0.1
-0.19994016,-0.30000000000000004
-0.19994012,-0.1
-0.19994008000000002,-0.30000000000000004
-0.19994004,-0.1
-0.19994,0.1
-0.19993996,-0.1
-0.19993992000000002,-0.1
-0.19993988000000001,0.1
-0.19993984,0.30000000000000004
-0.1999398,-0.1
-0.19993976000000002,-0.30000000000000004
-0.19993972000000002,-0.1
-0.19993968,-0.1
-0.19993964,-0.1
-0.19993960000000002,0.1
-0.19993956000000002,0.1
-0.19993952,-0.1
-0.19993948,-0.30000000000000004
-0.19993944000000002,0.30000000000000004
-0.19993940000000002,-0.1
-0.19993936,-0.5
-0.19993932,-0.30000000000000004
-0.19993928000000002,0.1
-0.19993924000000002,-0.1
-0.1999392,-0.1
-0.19993916,-0.1
-0.19993912,-0.30000000000000004
-0.19993908000000002,0.30000000000000004
-0.19993904,-0.1
-0.199939,-0.30000000000000004
-0.19993896,-0.1
-0.19993892000000002,-0.1
-0.19993888,-0.30000000000000004
-0.19993884,-0.1
-0.1999388,0.30000000000000004
-0.19993876000000002,-0.1
-0.19993872000000001,0.30000000000000004
-0.19993868,-0.30000000000000004
-0.19993864,-0.1
-0.19993860000000002,0.1
-0.19993856000000002,-0.30000000000000004
-0.19993852,-0.1
-0.19993848,0.1
-0.19993844000000002,0.30000000000000004
-0.19993840000000002,-0.1
-0.19993836,0.1
-0.19993832,0.1
-0.19993828000000002,-0.30000000000000004
-0.19993824000000002,-0.30000000000000004
-0.1999382,-0.1
-0.19993816,-0.1
-0.19993812000000002,-0.1
-0.19993808000000002,-0.1
-0.19993804,0.7000000000000001
-0.199938,0.1
-0.19993796,-0.1
-0.19993792000000002,-0.30000000000000004
-0.19993788,-0.1
-0.19993784,-0.1
-0.1999378,-0.1
-0.19993776000000002,-0.30000000000000004
-0.19993772,0.1
-0.19993768,0.30000000000000004
-0.19993764,-0.1
-0.19993760000000002,0.30000000000000004
-0.19993756000000001,-0.1
-0.19993752,0.30000000000000004
-0.19993748,-0.5
-0.19993744000000002,-0.1
-0.19993740000000002,-0.30000000000000004
-0.19993736,-0.1
-0.19993732,-0.5
-0.19993728000000002,-0.1
-0.19993724000000002,0.30000000000000004
-0.1999372,0.30000000000000004
-0.19993716,0.1
-0.19993712000000002,-0.30000000000000004
-0.19993708000000002,-0.1
-0.19993704,0.30000000000000004
-0.199937,-0.30000000000000004
-0.19993696000000002,0.1
-0.19993692000000002,-0.5
-0.19993688,-0.1
-0.19993684,-0.5
-0.1999368,-0.30000000000000004
-0.19993676000000002,-0.1
-0.19993672,-0.1
-0.19993668,-0.30000000000000004
-0.19993664,-0.30000000000000004
-0.19993660000000002,-0.30000000000000004
-0.19993656,-0.1
-0.19993652,0.1
-0.19993648,0.1
-0.19993644000000002,0.30000000000000004
-0.19993640000000001,0.30000000000000004
-0.19993636,0.30000000000000004
-0.19993632,0.1
-0.19993628000000002,-0.30000000000000004
-0.19993624000000002,-0.1
-0.1999362,-0.1
-0.19993616,0.30000000000000004
-0.19993612000000002,-0.5
-0.19993608000000002,-0.1
-0.19993604,-0.1
-0.199936,-0.1
-0.19993596000000002,0.1
-0.19993592000000002,-0.7000000000000001
-0.19993588,0.30000000000000004
-0.19993584,0.1
-0.19993580000000002,-0.30000000000000004
-0.19993576000000002,-0.30000000000000004
-0.19993572,-0.1
-0.19993568,-0.30000000000000004
-0.19993564,-0.1
-0.19993560000000002,0.30000000000000004
-0.19993556,-0.30000000000000004
-0.19993552,0.1
-0.19993548,0.1
-0.19993544000000002,0.1
-0.1999354,-0.30000000000000004
-0.19993536,-0.30000000000000004
-0.19993532,-0.30000000000000004
-0.19993528000000002,-0.30000000000000004
-0.19993524000000001,-0.7000000000000001
-0.1999352,-0.1
-0.19993516,-0.30000000000000004
-0.19993512000000002,-0.1
-0.19993508000000002,-0.1
-0.19993504,-0.1
-0.199935,-0.1
-0.19993496000000002,-0.1
-0.19993492000000002,-0.7000000000000001
-0.19993488,-0.1
-0.19993484,-0.1
-0.19993480000000002,-0.5
-0.19993476000000002,0.30000000000000004
-0.19993472,0.1
-0.19993468,0.30000000000000004
-0.19993464000000002,-0.30000000000000004
-0.19993460000000002,-0.30000000000000004
-0.19993456,-0.1
-0.19993452,-0.30000000000000004
-0.19993448,-0.1
-0.19993444000000002,-0.30000000000000004
-0.1999344,-0.30000000000000004
-0.19993436,0.1
-0.19993432,-0.30000000000000004
-0.19993428000000002,0.30000000000000004
-0.19993424,0.30000000000000004
-0.1999342,-0.1
-0.19993416,-0.1
-0.19993412000000002,-0.1
-0.19993408000000001,-0.1
-0.19993404,-0.1
-0.199934,-0.1
-0.19993396000000002,-0.1
-0.19993392000000001,-0.1
-0.19993388,0.30000000000000004
-0.19993384,-0.5
-0.19993380000000002,-0.1
-0.19993376000000002,-0.1
-0.19993372,0.1
-0.19993368,0.30000000000000004
-0.19993364000000002,0.30000000000000004
-0.19993360000000002,-0.1
-0.19993356,-0.30000000000000004
-0.19993352,-0.30000000000000004
-0.19993348000000002,0.1
-0.19993344000000002,-0.1
-0.1999334,-0.1
-0.19993336,-0.1
-0.19993332,0.1
-0.19993328000000002,-0.1
-0.19993324,-0.1
-0.1999332,-0.30000000000000004
-0.19993316,-0.1
-0.19993312000000002,-0.30000000000000004
-0.19993308,-0.30000000000000004
-0.19993304,-0.1
-0.199933,0.1
-0.19993296000000002,0.30000000000000004
-0.19993292000000001,-0.1
-0.19993288,0.1
-0.19993284,0.30000000000000004
-0.19993280000000002,0.1
-0.19993276000000001,-0.1
-0.19993272,-0.1
-0.19993268,-0.1
-0.19993264000000002,0.30000000000000004
-0.19993260000000002,-0.30000000000000004
-0.19993256,-0.1
-0.19993252,0.30000000000000004
-0.19993248000000002,-0.1
-0.19993244000000002,-0.1
-0.1999324,-0.1
-0.19993236,-0.30000000000000004
-0.19993232000000002,0.30000000000000004
-0.19993228000000002,0.1
-0.19993224,-0.1
-0.1999322,0.30000000000000004
-0.19993216,0.1
-0.19993212000000002,-0.5
-0.19993208,0.30000000000000004
-0.19993204,-0.1
-0.199932,-0.1
-0.19993196000000002,0.30000000000000004
-0.19993192,0.1
-0.19993188,-0.30000000000000004
-0.19993184,-0.30000000000000004
-0.19993180000000002,0.30000000000000004
-0.19993176000000001,-0.5
-0.19993172,0.1
-0.19993168,0.30000000000000004
-0.19993164000000002,0.1
-0.19993160000000001,-0.1
-0.19993156,-0.30000000000000004
-0.19993152,-0.30000000000000004
-0.19993148000000002,-0.1
-0.19993144000000002,-0.1
-0.1999314,-0.1
-0.19993136,0.30000000000000004
-0.19993132000000002,0.1
-0.19993128000000002,-0.1
-0.19993124,0.1
-0.1999312,-0.1
-0.19993116000000002,-0.30000000000000004
-0.19993112000000002,-0.1
-0.19993108,-0.1
-0.19993104,-0.30000000000000004
-0.199931,0.1
-0.19993096000000002,-0.1
-0.19993092,-0.1
-0.19993088,0.30000000000000004
-0.19993084,-0.1
-0.19993080000000002,0.1
-0.19993076,-0.1
-0.19993072,-0.1
-0.19993068,-0.1
-0.19993064000000002,0.1
-0.1999306,-0.1
-0.19993056,-0.1
-0.19993052,-0.1
-0.19993048000000002,-0.30000000000000004
-0.19993044000000001,-0.1
-0.1999304,-0.1
-0.19993036,-0.1
-0.19993032000000002,-0.30000000000000004
-0.19993028000000002,-0.5
-0.19993024,-0.1
-0.1999302,-0.1
-0.19993016000000002,-0.30000000000000004
-0.19993012000000002,0.1
-0.19993008,-0.5
-0.19993004,0.30000000000000004
-0.19993000000000002,0.1
-0.19992996000000002,0.1
-0.19992992,0.1
-0.19992988,-0.1
-0.19992984,0.30000000000000004
-0.19992980000000002,-0.1
-0.19992976,-0.1
-0.19992972,-0.1
-0.19992968,-0.1
-0.19992964000000002,-0.1
-0.1999296,0.30000000000000004
-0.19992956,-0.1
-0.19992952,-0.1
-0.19992948000000002,-0.1
-0.19992944,0.30000000000000004
-0.1999294,-0.1
-0.19992936,-0.1
-0.19992932000000002,-0.1
-0.19992928000000001,-0.1
-0.19992924,-0.1
-0.1999292,0.1
-0.19992916000000002,-0.1
-0.19992912000000002,0.30000000000000004
-0.19992908,-0.1
-0.19992904,-0.1
-0.19992900000000002,-0.1
-0.19992896000000002,-0.30000000000000004
-0.19992892,0.1
-0.19992888,0.5
-0.19992884000000002,-0.1
-0.19992880000000002,-0.1
-0.19992876,0.1
-0.19992872,0.30000000000000004
-0.19992868,-0.1
-0.19992864000000002,0.1
-0.1999286,0.30000000000000004
-0.19992856,-0.30000000000000004
-0.19992852,-0.1
-0.19992848000000002,-0.1
-0.19992844,-0.1
-0.1999284,0.7000000000000001
-0.19992836,-0.1
-0.19992832000000002,-0.1
-0.19992828,0.1
-0.19992824,0.1
-0.1999282,0.1
-0.19992816000000002,0.30000000000000004
-0.19992812000000001,-0.1
-0.19992808,-0.30000000000000004
-0.19992804,0.1
-0.19992800000000002,0.30000000000000004
-0.19992796000000002,-0.1
-0.19992792,0.1
-0.19992788,0.1
-0.19992784000000002,-0.1
-0.19992780000000002,0.1
-0.19992776,-0.1
-0.19992772,-0.1
-0.19992768000000002,-0.1
-0.19992764000000002,0.30000000000000004
-0.1999276,0.1
-0.19992756,-0.5
-0.19992752,0.1
-0.19992748000000002,-0.30000000000000004
-0.19992744,-0.1
-0.1999274,-0.1
-0.19992736,-0.1
-0.19992732000000002,-0.1
-0.19992728,-0.1
-0.19992724,0.1
-0.1999272,-0.1
-0.19992716000000002,-0.30000000000000004
-0.19992712,-0.30000000000000004
-0.19992708,0.1
-0.19992704,0.1
-0.19992700000000002,-0.1
-0.19992696000000001,0.5
-0.19992692,0.30000000000000004
-0.19992688,-0.1
-0.19992684000000002,0.1
-0.19992680000000002,0.30000000000000004
-0.19992676,-0.1
-0.19992672,0.30000000000000004
-0.19992668000000002,0.1
-0.19992664000000002,0.1
-0.1999266,-0.1
-0.19992656,-0.30000000000000004
-0.19992652000000002,0.1
-0.19992648000000002,0.30000000000000004
-0.19992644,-0.1
-0.1999264,-0.1
-0.19992636,-0.30000000000000004
-0.19992632000000002,-0.7000000000000001
-0.19992628,0.1
-0.19992624,0.30000000000000004
-0.1999262,-0.1
-0.19992616000000002,0.1
-0.19992612,0.30000000000000004
-0.19992608,0.30000000000000004
-0.19992604,0.30000000000000004
-0.19992600000000002,-0.1
-0.19992596,0.1
-0.19992592,-0.1
-0.19992588,-0.1
-0.19992584000000002,-0.30000000000000004
-0.19992580000000001,-0.30000000000000004
-0.19992576,-0.1
-0.19992572,-0.1
-0.19992568000000002,-0.1
-0.19992564000000002,-0.30000000000000004
-0.1999256,-0.5
-0.19992556,-0.30000000000000004
-0.19992552000000002,0.30000000000000004
-0.19992548000000002,-0.1
-0.19992544,0.1
-0.1999254,-0.1
-0.19992536000000002,-0.1
-0.19992532000000002,-0.1
-0.19992528,0.1
-0.19992524,0.30000000000000004
-0.1999252,0.1
-0.19992516000000002,0.1
-0.19992512,-0.30000000000000004
-0.19992508,-0.30000000000000004
-0.19992504,-0.1
-0.19992500000000002,0.1
-0.19992496,-0.1
-0.19992492,-0.1
-0.19992488,-0.30000000000000004
-0.19992484000000002,-0.30000000000000004
-0.1999248,0.5
-0.19992476,0.5
-0.19992472,-0.1
-0.19992468000000002,0.1
-0.19992464000000001,-0.1
-0.1999246,-0.1
-0.19992456,0.30000000000000004
-0.19992452000000002,0.1
-0.19992448000000002,-0.30000000000000004
-0.19992444,-0.30000000000000004
-0.1999244,-0.1
-0.19992436000000002,0.5
-0.19992432000000002,-0.30000000000000004
-0.19992428,0.1
-0.19992424,-0.30000000000000004
-0.19992420000000002,-0.1
-0.19992416000000002,0.1
-0.19992412,0.1
-0.19992408,0.30000000000000004
-0.19992404,-0.1
-0.19992400000000002,-0.30000000000000004
-0.19992396,0.30000000000000004
-0.19992392,-0.30000000000000004
-0.19992388,-0.30000000000000004
-0.19992384000000002,-0.1
-0.1999238,0.5
-0.19992376,-0.1
-0.19992372,-0.5
-0.19992368000000002,-0.1
-0.19992364,-0.30000000000000004
-0.1999236,-0.30000000000000004
-0.19992356,-0.1
-0.19992352000000002,-0.1
-0.19992348000000001,0.1
-0.19992344,-0.30000000000000004
-0.1999234,-0.30000000000000004
-0.19992336000000002,-0.30000000000000004
-0.19992332000000002,0.5
-0.19992328,-0.5
-0.19992324,0.1
-0.19992320000000002,-0.1
-0.19992316000000002,0.30000000000000004
-0.19992312,0.1
-0.19992308,0.1
-0.19992304000000002,0.30000000000000004
-0.19992300000000002,0.1
-0.19992296,-0.30000000000000004
-0.19992292,-0.1
-0.19992288,0.1
-0.19992284000000002,-0.1
-0.1999228,0.1
-0.19992276,-0.30000000000000004
-0.19992272,-0.1
-0.19992268000000002,-0.1
-0.19992264,0.1
-0.1999226,-0.1
-0.19992256,0.1
-0.19992252000000002,0.30000000000000004
-0.19992248,-0.30000000000000004
-0.19992244,0.1
-0.1999224,0.1
-0.19992236000000002,-0.1
-0.19992232000000001,-0.1
-0.19992228,0.30000000000000004
-0.19992224,-0.1
-0.19992220000000002,-0.30000000000000004
-0.19992216000000002,0.5
-0.19992212,-0.30000000000000004
-0.19992208,0.30000000000000004
-0.19992204000000002,-0.30000000000000004
-0.19992200000000002,-0.1
-0.19992196,-0.5
-0.19992192,0.1
-0.19992188000000002,-0.1
-0.19992184000000002,-0.1
-0.1999218,0.1
-0.19992176,-0.1
-0.19992172000000002,-0.1
-0.19992168000000002,-0.1
-0.19992164,0.30000000000000004
-0.1999216,-0.9
-0.19992156,0.30000000000000004
-0.19992152000000002,-0.1
-0.19992148,0.30000000000000004
-0.19992144,0.1
-0.1999214,-0.1
-0.19992136000000002,-0.1
-0.19992132,0.1
-0.19992128,-0.1
-0.19992124,-0.1
-0.19992120000000002,0.30000000000000004
-0.19992116000000001,-0.1
-0.19992112,-0.1
-0.19992108,-0.1
-0.19992104000000002,0.1
-0.19992100000000002,0.1
-0.19992096,-0.1
-0.19992092,-0.1
-0.19992088000000002,-0.30000000000000004
-0.19992084000000002,0.30000000000000004
-0.1999208,-0.30000000000000004
-0.19992076,-0.30000000000000004
-0.19992072000000002,0.30000000000000004
-0.19992068000000002,-0.30000000000000004
-0.19992064,-0.1
-0.1999206,-0.30000000000000004
-0.19992056000000002,-0.1
-0.19992052000000002,-0.1
-0.19992048,0.30000000000000004
-0.19992044,0.30000000000000004
-0.1999204,0.30000000000000004
-0.19992036000000002,-0.1
-0.19992032,-0.1
-0.19992028,-0.30000000000000004
-0.19992024,0.1
-0.19992020000000002,0.1
-0.19992016,-0.30000000000000004
-0.19992012,-0.30000000000000004
-0.19992008,-0.1
-0.19992004000000002,0.30000000000000004
-0.19992000000000001,-0.30000000000000004
-0.19991996,0.1
-0.19991992,0.1
-0.19991988000000002,-0.1
-0.19991984000000002,-0.30000000000000004
-0.1999198,-0.1
-0.19991976,-0.1
-0.19991972000000002,0.1
-0.19991968000000002,-0.1
-0.19991964,0.30000000000000004
-0.1999196,0.1
-0.19991956000000002,0.1
-0.19991952000000002,0.1
-0.19991948,-0.1
-0.19991944,-0.30000000000000004
-0.19991940000000002,-0.1
-0.19991936000000002,0.1
-0.19991932,-0.30000000000000004
-0.19991928,-0.1
-0.19991924,-0.1
-0.19991920000000002,0.30000000000000004
-0.19991916,-0.1
-0.19991912,-0.30000000000000004
-0.19991908,-0.1
-0.19991904000000002,0.30000000000000004
-0.199919,-0.5
-0.19991896,-0.1
-0.19991892,-0.1
-0.19991888000000002,-0.1
-0.19991884000000001,0.1
-0.1999188,-0.30000000000000004
-0.19991876,0.1
-0.19991872000000002,0.1
-0.19991868000000002,0.1
-0.19991864,-0.1
-0.1999186,-0.1
-0.19991856000000002,0.30000000000000004
-0.19991852000000002,-0.1
-0.19991848,-0.1
-0.19991844,-0.1
-0.19991840000000002,0.1
-0.19991836000000002,-0.1
-0.19991832,-0.30000000000000004
-0.19991828,0.1
-0.19991824000000002,-0.30000000000000004
-0.19991820000000002,-0.1
-0.19991816,0.1
-0.19991812,-0.1
-0.19991808,0.30000000000000004
-0.19991804000000002,-0.5
-0.199918,-0.1
-0.19991796,0.1
-0.19991792,0.30000000000000004
-0.19991788000000002,-0.1
-0.19991784,0.30000000000000004
-0.1999178,0.1
-0.19991776,-0.30000000000000004
-0.19991772000000002,-0.30000000000000004
-0.19991768000000001,-0.1
-0.19991764,0.1
-0.1999176,-0.1
-0.19991756000000002,-0.30000000000000004
-0.19991752000000002,-0.1
-0.19991748,0.5
-0.19991744,0.1
-0.19991740000000002,-0.1
-0.19991736000000002,0.30000000000000004
-0.19991732,-0.1
-0.19991728,-0.30000000000000004
-0.19991724000000002,0.30000000000000004
-0.19991720000000002,-0.5
-0.19991716,-0.5
-0.19991712,0.1
-0.19991708000000002,0.30000000000000004
-0.19991704000000002,0.1
-0.199917,0.30000000000000004
-0.19991696,0.30000000000000004
-0.19991692,-0.1
-0.19991688000000002,0.30000000000000004
-0.19991684,0.30000000000000004
-0.1999168,-0.30000000000000004
-0.19991676,0.30000000000000004
-0.19991672000000002,0.30000000000000004
-0.19991668,-0.5
-0.19991664,-0.30000000000000004
-0.1999166,-0.1
-0.19991656000000002,0.1
-0.19991652000000001,0.1
-0.19991648,-0.1
-0.19991644,-0.1
-0.19991640000000002,0.30000000000000004
-0.19991636000000002,-0.1
-0.19991632,0.1
-0.19991628,0.30000000000000004
-0.19991624000000002,-0.30000000000000004
-0.19991620000000002,-0.1
-0.19991616,0.1
-0.19991612,0.30000000000000004
-0.19991608000000002,-0.1
-0.19991604000000002,-0.1
-0.199916,-0.30000000000000004
-0.19991596,-0.1
-0.19991592000000002,-0.1
-0.19991588000000002,-0.1
-0.19991584,-0.1
-0.1999158,0.30000000000000004
-0.19991576,-0.1
-0.19991572000000002,-0.30000000000000004
-0.19991568,-0.1
-0.19991564,-0.1
-0.1999156,-0.30000000000000004
-0.19991556000000002,0.1
-0.19991552,0.30000000000000004
-0.19991548,0.1
-0.19991544,0.30000000000000004
-0.19991540000000002,0.1
-0.19991536000000001,-0.5
-0.19991532,-0.30000000000000004
-0.19991528,0.5
-0.19991524000000002,0.30000000000000004
-0.19991520000000002,0.30000000000000004
-0.19991516,0.30000000000000004
-0.19991512,0.30000000000000004
-0.19991508000000002,0.30000000000000004
-0.19991504000000002,-0.30000000000000004
-0.199915,-0.1
-0.19991496,-0.1
-0.19991492000000002,0.1
-0.19991488000000002,-0.1
-0.19991484,-0.30000000000000004
-0.1999148,-0.30000000000000004
-0.19991476000000002,-0.1
-0.19991472000000002,-0.7000000000000001
-0.19991468,0.30000000000000004
-0.19991464,0.30000000000000004
-0.1999146,0.1
-0.19991456000000002,-0.1
-0.19991452,0.30000000000000004
-0.19991448,0.1
-0.19991444,-0.1
-0.19991440000000002,-0.30000000000000004
-0.19991436,0.1
-0.19991432,-0.1
-0.19991428,-0.30000000000000004
-0.19991424000000002,-0.30000000000000004
-0.19991420000000001,-0.1
-0.19991416,0.30000000000000004
-0.19991412,-0.1
-0.19991408000000002,0.5
-0.19991404000000002,-0.1
-0.199914,-0.1
-0.19991396,-0.30000000000000004
-0.19991392000000002,0.1
-0.19991388000000002,0.30000000000000004
-0.19991384,0.30000000000000004
-0.1999138,-0.5
-0.19991376000000002,-0.1
-0.19991372000000002,-0.1
-0.19991368,0.1
-0.19991364,0.1
-0.19991360000000002,-0.30000000000000004
-0.19991356000000002,0.5
-0.19991352,0.1
-0.19991348,0.30000000000000004
-0.19991344,-0.1
-0.19991340000000002,-0.1
-0.19991336,-0.30000000000000004
-0.19991332,-0.1
-0.19991328,-0.1
-0.19991324000000002,-0.1
-0.1999132,0.1
-0.19991316,0.30000000000000004
-0.19991312,0.30000000000000004
-0.19991308000000002,-0.30000000000000004
-0.19991304000000001,0.1
-0.199913,-0.1
-0.19991296,-0.30000000000000004
-0.19991292000000002,0.30000000000000004
-0.19991288000000002,-0.1
-0.19991284,-0.1
-0.1999128,-0.30000000000000004
-0.19991276000000002,-0.1
-0.19991272000000002,0.30000000000000004
-0.19991268,0.1
-0.19991264,0.5
-0.19991260000000002,-0.1
-0.19991256000000002,-0.1
-0.19991252,0.1
-0.19991248,0.30000000000000004
-0.19991244000000002,0.1
-0.19991240000000002,0.5
-0.19991236,0.30000000000000004
-0.19991232,0.1
-0.19991228,-0.1
-0.19991224000000002,0.30000000000000004
-0.1999122,-0.1
-0.19991216,-0.1
-0.19991212,-0.30000000000000004
-0.19991208000000002,0.7000000000000001
-0.19991204,-0.1
-0.199912,-0.30000000000000004
-0.19991196,0.30000000000000004
-0.19991192000000002,0.1
-0.19991188000000001,-0.1
-0.19991184,0.30000000000000004
-0.1999118,-0.30000000000000004
-0.19991176000000002,-0.1
-0.19991172000000001,-0.1
-0.19991168,-0.1
-0.19991164,-0.30000000000000004
-0.19991160000000002,0.1
-0.19991156000000002,0.30000000000000004
-0.19991152,-0.1
-0.19991148,0.30000000000000004
-0.19991144000000002,0.30000000000000004
-0.19991140000000002,0.1
-0.19991136,-0.1
-0.19991132,0.1
-0.19991128000000002,0.30000000000000004
-0.19991124000000002,-0.1
-0.1999112,0.1
-0.19991116,-0.1
-0.19991112,-0.30000000000000004
-0.19991108000000002,0.1
-0.19991104,0.1
-0.199911,-0.30000000000000004
-0.19991096,0.30000000000000004
-0.19991092000000002,-0.1
-0.19991088,-0.1
-0.19991084,0.30000000000000004
-0.1999108,0.1
-0.19991076000000002,-0.1
-0.19991072000000001,-0.1
-0.19991068,-0.30000000000000004
-0.19991064,-0.1
-0.19991060000000002,-0.30000000000000004
-0.19991056000000001,-0.1
-0.19991052,-0.1
-0.19991048,0.1
-0.19991044000000002,-0.30000000000000004
-0.19991040000000002,-0.30000000000000004
-0.19991036,-0.1
-0.19991032,-0.30000000000000004
-0.19991028000000002,0.30000000000000004
-0.19991024000000002,-0.1
-0.1999102,-0.1
-0.19991016,0.1
-0.19991012000000002,-0.1
-0.19991008000000002,-0.1
-0.19991004,-0.30000000000000004
-0.19991,-0.1
-0.19990996,-0.30000000000000004
-0.19990992000000002,-0.30000000000000004
-0.19990988,-0.1
-0.19990984,0.1
-0.1999098,-0.1
-0.19990976000000002,-0.1
-0.19990972,0.1
-0.19990968,0.1
-0.19990964,-0.1
-0.19990960000000002,-0.1
-0.19990956000000001,-0.1
-0.19990952,-0.1
-0.19990948,-0.1
-0.19990944000000002,0.30000000000000004
-0.19990940000000001,-0.1
-0.19990936,0.1
-0.19990932,-0.1
-0.19990928000000002,-0.30000000000000004
-0.19990924000000002,-0.1
-0.1999092,-0.1
-0.19990916,-0.1
-0.19990912000000002,-0.30000000000000004
-0.19990908000000002,0.30000000000000004
-0.19990904,-0.30000000000000004
-0.199909,-0.5
-0.19990896000000002,0.1
-0.19990892000000002,0.30000000000000004
-0.19990888,-0.1
-0.19990884,0.30000000000000004
-0.1999088,-0.1
-0.19990876000000002,-0.1
-0.19990872,-0.1
-0.19990868,-0.30000000000000004
-0.19990864,0.30000000000000004
-0.19990860000000002,0.30000000000000004
-0.19990856,-0.1
-0.19990852,-0.1
-0.19990848,-0.1
-0.19990844000000002,-0.1
-0.1999084,-0.1
-0.19990836,0.1
-0.19990832,-0.1
-0.19990828000000002,-0.1
-0.19990824000000001,-0.1
-0.1999082,-0.1
-0.19990816,-0.5
-0.19990812000000002,0.30000000000000004
-0.19990808000000002,-0.1
-0.19990804,-0.1
-0.199908,0.30000000000000004
-0.19990796000000002,0.30000000000000004
-0.19990792000000002,0.30000000000000004
-0.19990788,-0.30000000000000004
-0.19990784,-0.30000000000000004
-0.19990780000000002,-0.1
-0.19990776000000002,-0.30000000000000004
-0.19990772,0.30000000000000004
-0.19990768,0.30000000000000004
-0.19990764,-0.1
-0.19990760000000002,-0.5
-0.19990756,0.30000000000000004
-0.19990752,-0.1
-0.19990748,-0.1
-0.19990744000000002,-0.30000000000000004
-0.1999074,-0.1
-0.19990736,-0.1
-0.19990732,-0.1
-0.19990728000000002,-0.30000000000000004
-0.19990724,-0.1
-0.1999072,-0.1
-0.19990716,-0.1
-0.19990712000000002,-0.1
-0.19990708000000001,0.1
-0.19990704,-0.30000000000000004
-0.199907,-0.1
-0.19990696000000002,-0.30000000000000004
-0.19990692000000002,-0.1
-0.19990688,-0.1
-0.19990684,-0.30000000000000004
-0.19990680000000002,-0.1
-0.19990676000000002,-0.1
-0.19990672,-0.5
-0.19990668,-0.1
-0.19990664000000002,-0.1
-0.19990660000000002,0.1
-0.19990656,-0.1
-0.19990652,-0.30000000000000004
-0.19990648,-0.30000000000000004
-0.19990644000000002,0.30000000000000004
-0.1999064,0.30000000000000004
-0.19990636,-0.1
-0.19990632,-0.1
-0.19990628000000002,-0.1
-0.19990624,-0.1
-0.1999062,-0.1
-0.19990616,0.30000000000000004
-0.19990612000000002,-0.5
-0.19990608,-0.30000000000000004
-0.19990604,0.1
-0.199906,-0.1
-0.19990596000000002,-0.1
-0.19990592000000001,-0.30000000000000004
-0.19990588,-0.5
-0.19990584,-0.30000000000000004
-0.19990580000000002,0.30000000000000004
-0.19990576000000002,-0.30000000000000004
-0.19990572,0.1
-0.19990568,-0.1
-0.19990564000000002,-0.1
-0.19990560000000002,0.1
-0.19990556,-0.1
-0.19990552,-0.5
-0.19990548000000002,-0.1
-0.19990544000000002,-0.1
-0.1999054,-0.1
-0.19990536,-0.30000000000000004
-0.19990532,0.30000000000000004
-0.19990528000000002,-0.1
-0.19990524,-0.1
-0.1999052,-0.1
-0.19990516,0.30000000000000004
-0.19990512000000002,-0.1
-0.19990508,0.30000000000000004
-0.19990504,-0.1
-0.199905,0.5
-0.19990496000000002,-0.30000000000000004
-0.19990492,-0.1
-0.19990488,-0.1
-0.19990484,0.1
-0.19990480000000002,0.1
-0.19990476000000001,-0.1
-0.19990472,-0.1
-0.19990468,-0.1
-0.19990464000000002,-0.1
-0.19990460000000002,-0.1
-0.19990456,-0.1
-0.19990452,0.1
-0.19990448000000002,-0.1
-0.19990444000000002,0.1
-0.1999044,-0.1
-0.19990436,-0.1
-0.19990432000000002,-0.1
-0.19990428000000002,-0.5
-0.19990424,0.30000000000000004
-0.1999042,-0.30000000000000004
-0.19990416,0.1
-0.19990412000000002,-0.30000000000000004
-0.19990408,-0.1
-0.19990404,0.1
-0.199904,-0.1
-0.19990396000000002,-0.1
-0.19990392,0.5
-0.19990388,-0.30000000000000004
-0.19990384,-0.1
-0.19990380000000002,-0.1
-0.19990376,0.1
-0.19990372,0.30000000000000004
-0.19990368,-0.1
-0.19990364000000002,-0.1
-0.19990360000000001,-0.1
-0.19990356,-0.1
-0.19990352,0.1
-0.19990348000000002,-0.1
-0.19990344000000002,-0.1
-0.1999034,0.30000000000000004
-0.19990336,-0.1
-0.19990332000000002,0.1
-0.19990328000000002,-0.30000000000000004
-0.19990324,-0.1
-0.1999032,0.1
-0.19990316000000002,-0.30000000000000004
-0.19990312000000002,0.1
-0.19990308,-0.1
-0.19990304,0.1
-0.199903,-0.1
-0.19990296000000002,0.1
-0.19990292,0.30000000000000004
-0.19990288,-0.1
-0.19990284,0.30000000000000004
-0.19990280000000002,0.30000000000000004
-0.19990276,0.1
-0.19990272,-0.1
-0.19990268,0.30000000000000004
-0.19990264000000002,0.30000000000000004
-0.1999026,-0.30000000000000004
-0.19990256,-0.1
-0.19990252,0.30000000000000004
-0.19990248000000002,-0.1
-0.19990244000000001,0.30000000000000004
-0.1999024,0.1
-0.19990236,0.30000000000000004
-0.19990232000000002,0.30000000000000004
-0.19990228000000002,-0.1
-0.19990224,-0.5
-0.1999022,0.1
-0.19990216000000002,0.1
-0.19990212000000002,-0.1
-0.19990208,0.1
-0.19990204,-0.30000000000000004
-0.19990200000000002,-0.30000000000000004
-0.19990196000000002,-0.30000000000000004
-0.19990192,-0.30000000000000004
-0.19990188,-0.1
-0.19990184,0.30000000000000004
-0.19990180000000002,-0.30000000000000004
-0.19990176,-0.1
-0.19990172,-0.30000000000000004
-0.19990168,-0.1
-0.19990164000000002,0.1
-0.1999016,0.1
-0.19990156,-0.1
-0.19990152,-0.30000000000000004
-0.19990148000000002,0.1
-0.19990144,0.1
-0.1999014,-0.1
-0.19990136,-0.1
-0.19990132000000002,-0.30000000000000004
-0.19990128000000001,-0.1
-0.19990124,-0.1
-0.1999012,0.1
-0.19990116000000002,0.30000000000000004
-0.19990112000000002,0.30000000000000004
-0.19990108,-0.1
-0.19990104,0.1
-0.19990100000000002,-0.1
-0.19990096000000002,-0.1
-0.19990092,-0.1
-0.19990088,0.1
-0.19990084000000002,-0.5
-0.19990080000000002,-0.1
-0.19990076,-0.1
-0.19990072,0.30000000000000004
-0.19990068,-0.1
-0.19990064000000002,0.1
-0.1999006,-0.1
-0.19990056,-0.1
-0.19990052,0.30000000000000004
-0.19990048000000002,-0.1
-0.19990044,-0.30000000000000004
-0.1999004,0.30000000000000004
-0.19990036,-0.1
-0.19990032000000002,0.1
-0.19990028,-0.30000000000000004
-0.19990024,-0.1
-0.1999002,0.30000000000000004
-0.19990016000000002,-0.1
-0.19990012000000001,-0.30000000000000004
-0.19990008,-0.30000000000000004
-0.19990004,0.1
-0.19990000000000002,-0.1
-0.19989996000000002,-0.30000000000000004
-0.19989992,-0.1
-0.19989988,-0.1
-0.19989984000000002,0.30000000000000004
-0.19989980000000002,0.30000000000000004
-0.19989976,0.30000000000000004
-0.19989972,0.30000000000000004
-0.19989968000000002,-0.1
-0.19989964000000002,-0.5
-0.1998996,-0.1
-0.19989956,0.30000000000000004
-0.19989952000000002,0.1
-0.19989948000000002,-0.1
-0.19989944,0.30000000000000004
-0.1998994,-0.1
-0.19989936,-0.1
-0.19989932000000002,0.30000000000000004
-0.19989928,-0.1
-0.19989924,0.1
-0.1998992,-0.1
-0.19989916000000002,0.1
-0.19989912,-0.1
-0.19989908,-0.1
-0.19989904,-0.1
-0.19989900000000002,-0.1
-0.19989896000000001,-0.5
-0.19989892,-0.1
-0.19989888,0.30000000000000004
-0.19989884000000002,-0.1
-0.19989880000000002,-0.5
-0.19989876,-0.1
-0.19989872,0.1
-0.19989868000000002,-0.1
-0.19989864000000002,-0.1
-0.1998986,-0.30000000000000004
-0.19989856,0.30000000000000004
-0.19989852000000002,-0.1
-0.19989848000000002,-0.30000000000000004
-0.19989844,-0.1
-0.1998984,-0.1
-0.19989836000000002,-0.30000000000000004
-0.19989832000000002,-0.1
-0.19989828,-0.1
-0.19989824,-0.1
-0.1998982,-0.30000000000000004
-0.19989816000000002,-0.1
-0.19989812,-0.30000000000000004
-0.19989808,-0.1
-0.19989804,-0.1
-0.19989800000000002,-0.1
-0.19989796,0.30000000000000004
-0.19989792,-0.1
-0.19989788,-0.30000000000000004
-0.19989784000000002,-0.1
-0.19989780000000001,-0.1
-0.19989776,-0.1
-0.19989772,0.1
-0.19989768000000002,-0.30000000000000004
-0.19989764000000002,-0.30000000000000004
-0.1998976,-0.1
-0.19989756,-0.1
-0.19989752000000002,0.30000000000000004
-0.19989748000000002,0.1
-0.19989744,-0.1
-0.1998974,-0.5
-0.19989736000000002,-0.1
-0.19989732000000002,0.5
-0.19989728,0.1
-0.19989724,-0.1
-0.19989720000000002,-0.1
-0.19989716000000002,0.1
-0.19989712,-0.30000000000000004
-0.19989708,-0.1
-0.19989704,-0.1
-0.19989700000000002,0.30000000000000004
-0.19989696,0.30000000000000004
-0.19989692,0.30000000000000004
-0.19989688,0.30000000000000004
-0.19989684000000002,0.1
-0.1998968,-0.1
-0.19989676,-0.1
-0.19989672,-0.1
-0.19989668000000002,-0.5
-0.19989664000000001,-0.30000000000000004
-0.1998966,-0.30000000000000004
-0.19989656,-0.30000000000000004
-0.19989652000000002,-0.30000000000000004
-0.19989648000000002,-0.1
-0.19989644,0.30000000000000004
-0.1998964,0.30000000000000004
-0.19989636000000002,0.30000000000000004
-0.19989632000000002,-0.30000000000000004
-0.19989628,0.1
-0.19989624,-0.30000000000000004
-0.19989620000000002,0.1
-0.19989616000000002,0.30000000000000004
-0.19989612,-0.30000000000000004
-0.19989608,-0.1
-0.19989604000000002,-0.1
-0.19989600000000002,0.1
-0.19989596,0.1
-0.19989592,-0.30000000000000004
-0.19989588,0.1
-0.19989584000000002,-0.1
-0.1998958,-0.1
-0.19989576,-0.1
-0.19989572,0.30000000000000004
-0.19989568000000002,-0.30000000000000004
-0.19989564,0.1
-0.1998956,0.1
-0.19989556,-0.30000000000000004
-0.19989552000000002,-0.30000000000000004
-0.19989548000000001,0.1
-0.19989544,-0.1
-0.1998954,0.30000000000000004
-0.19989536000000002,-0.1
-0.19989532000000002,-0.30000000000000004
-0.19989528,-0.1
-0.19989524,-0.30000000000000004
-0.19989520000000002,-0.1
-0.19989516000000002,0.30000000000000004
-0.19989512,0.1
-0.19989508,-0.30000000000000004
-0.19989504000000002,0.1
-0.19989500000000002,-0.1
-0.19989496,-0.30000000000000004
-0.19989492,-0.30000000000000004
-0.19989488000000002,-0.1
-0.19989484000000002,0.1
-0.1998948,-0.1
-0.19989476,-0.1
-0.19989472,-0.30000000000000004
-0.19989468000000002,-0.30000000000000004
-0.19989464,-0.1
-0.1998946,0.30000000000000004
-0.19989456,0.1
-0.19989452000000002,0.1
-0.19989448,-0.1
-0.19989444,-0.30000000000000004
-0.1998944,0.30000000000000004
-0.19989436000000002,-0.1
-0.19989432000000001,-0.5
-0.19989428,-0.1
-0.19989424,-0.1
-0.19989420000000002,-0.30000000000000004
-0.19989416000000002,-0.1
-0.19989412,-0.1
-0.19989408,-0.1
-0.19989404000000002,-0.1
-0.19989400000000002,0.30000000000000004
-0.19989396,-0.1
-0.19989392,-0.1
-0.19989388000000002,0.30000000000000004
-0.19989384000000002,-0.1
-0.1998938,-0.1
-0.19989376,0.1
-0.19989372000000002,0.1
-0.19989368000000002,-0.1
-0.19989364,0.1
-0.1998936,-0.1
-0.19989356,-0.1
-0.19989352000000002,0.30000000000000004
-0.19989348,0.1
-0.19989344,0.30000000000000004
-0.1998934,-0.30000000000000004
-0.19989336000000002,-0.30000000000000004
-0.19989332,0.30000000000000004
-0.19989328,-0.5
-0.19989324,-0.1
-0.19989320000000002,-0.1
-0.19989316000000001,-0.1
-0.19989312,0.30000000000000004
-0.19989308,-0.30000000000000004
-0.19989304000000002,-0.1
-0.19989300000000002,-0.30000000000000004
-0.19989296,-0.1
-0.19989292,-0.1
-0.19989288000000002,-0.1
-0.19989284000000002,-0.1
-0.1998928,-0.5
-0.19989276,-0.1
-0.19989272000000002,-0.1
-0.19989268000000002,-0.30000000000000004
-0.19989264,0.1
-0.1998926,-0.1
-0.19989256000000002,0.1
-0.19989252000000002,0.30000000000000004
-0.19989248,-0.30000000000000004
-0.19989244,0.1
-0.1998924,-0.1
-0.19989236000000002,-0.1
-0.19989232,-0.30000000000000004
-0.19989228,-0.1
-0.19989224,-0.30000000000000004
-0.19989220000000002,-0.1
-0.19989216,0.1
-0.19989212,0.1
-0.19989208,-0.30000000000000004
-0.19989204000000002,-0.30000000000000004
-0.19989200000000001,-0.30000000000000004
-0.19989196,-0.1
-0.19989192,-0.1
-0.19989188000000002,0.1
-0.19989184000000002,-0.30000000000000004
-0.1998918,-0.1
-0.19989176,-0.30000000000000004
-0.19989172000000002,-0.1
-0.19989168000000002,-0.30000000000000004
-0.19989164,0.1
-0.1998916,-0.1
-0.19989156000000002,-0.30000000000000004
-0.19989152000000002,-0.1
-0.19989148,-0.30000000000000004
-0.19989144,-0.1
-0.19989140000000002,-0.1
-0.19989136000000002,-0.30000000000000004
-0.19989132,-0.1
-0.19989128,-0.1
-0.19989124,0.30000000000000004
-0.19989120000000002,-0.1
-0.19989116,-0.1
-0.19989112,-0.1
-0.19989108,0.1
-0.19989104000000002,0.30000000000000004
-0.199891,-0.1
-0.19989096,0.30000000000000004
-0.19989092,0.1
-0.19989088000000002,-0.1
-0.19989084000000001,-0.1
-0.1998908,0.30000000000000004
-0.19989076,-0.5
-0.19989072000000002,-0.1
-0.19989068000000002,0.1
-0.19989064,-0.1
-0.1998906,0.30000000000000004
-0.19989056000000002,0.1
-0.19989052000000002,-0.30000000000000004
-0.19989048,-0.1
-0.19989044,-0.1
-0.19989040000000002,-0.1
-0.19989036000000002,-0.30000000000000004
-0.19989032,-0.30000000000000004
-0.19989028,-0.30000000000000004
-0.19989024000000002,-0.1
-0.19989020000000002,-0.30000000000000004
-0.19989016,0.1
-0.19989012,0.30000000000000004
-0.19989008,0.30000000000000004
-0.19989004000000002,-0.30000000000000004
-0.19989,0.1
-0.19988996,0.30000000000000004
-0.19988992,-0.1
-0.19988988000000002,0.30000000000000004
-0.19988984,-0.1
-0.1998898,-0.1
-0.19988976,0.30000000000000004
-0.19988972000000002,0.30000000000000004
-0.19988968000000001,-0.1
-0.19988964,0.30000000000000004
-0.1998896,-0.5
-0.19988956000000002,-0.30000000000000004
-0.19988952000000001,-0.1
-0.19988948,-0.30000000000000004
-0.19988944,0.30000000000000004
-0.19988940000000002,-0.30000000000000004
-0.19988936000000002,-0.30000000000000004
-0.19988932,-0.1
-0.19988928,0.1
-0.19988924000000002,0.1
-0.19988920000000002,-0.1
-0.19988916,0.30000000000000004
-0.19988912,-0.1
-0.19988908000000002,-0.1
-0.19988904000000002,-0.1
-0.199889,-0.1
-0.19988896,-0.1
-0.19988892,-0.1
-0.19988888000000002,0.30000000000000004
-0.19988884,0.30000000000000004
-0.1998888,-0.1
-0.19988876,-0.30000000000000004
-0.19988872000000002,-0.1
-0.19988868,0.30000000000000004
-0.19988864,-0.5
-0.1998886,-0.30000000000000004
-0.19988856000000002,-0.1
-0.19988852000000001,-0.1
-0.19988848,-0.30000000000000004
-0.19988844,-0.1
-0.19988840000000002,-0.1
-0.19988836000000001,-0.1
-0.19988832,0.30000000000000004
-0.19988828,-0.30000000000000004
-0.19988824000000002,0.30000000000000004
-0.19988820000000002,0.1
-0.19988816,-0.1
-0.19988812,-0.5
-0.19988808000000002,-0.1
-0.19988804000000002,0.5
-0.199888,-0.1
-0.19988796,-0.30000000000000004
-0.19988792000000002,-0.1
-0.19988788000000002,-0.1
-0.19988784,-0.1
-0.1998878,-0.30000000000000004
-0.19988776,0.1
-0.19988772000000002,-0.5
-0.19988768,0.30000000000000004
-0.19988764,-0.1
-0.1998876,0.1
-0.19988756000000002,-0.1
-0.19988752,-0.30000000000000004
-0.19988748,-0.30000000000000004
-0.19988744,-0.1
-0.19988740000000002,0.1
-0.19988736000000001,-0.5
-0.19988732,0.1
-0.19988728,0.1
-0.19988724000000002,0.1
-0.19988720000000001,-0.1
-0.19988716,0.1
-0.19988712,0.1
-0.19988708000000002,0.30000000000000004
-0.19988704000000002,0.1
-0.199887,0.1
-0.19988696,0.1
-0.19988692000000002,-0.1
-0.19988688000000002,-0.30000000000000004
-0.19988684,-0.30000000000000004
-0.1998868,-0.1
-0.19988676000000002,-0.1
-0.19988672000000002,-0.30000000000000004
-0.19988668,-0.1
-0.19988664,-0.30000000000000004
-0.1998866,0.30000000000000004
-0.19988656000000002,-0.1
-0.19988652,-0.1
-0.19988648,-0.30000000000000004
-0.19988644,0.30000000000000004
-0.19988640000000002,-0.1
-0.19988636,0.1
-0.19988632,-0.1
-0.19988628,-0.1
-0.19988624000000002,-0.1
-0.1998862,-0.1
-0.19988616,0.5
-0.19988612,-0.1
-0.19988608000000002,-0.1
-0.19988604000000001,0.1
-0.199886,-0.1
-0.19988596,0.30000000000000004
-0.19988592000000002,0.1
-0.19988588000000002,-0.30000000000000004
-0.19988584,-0.1
-0.1998858,0.30000000000000004
-0.19988576000000002,-0.1
-0.19988572000000002,0.1
-0.19988568,-0.1
-0.19988564,-0.30000000000000004
-0.19988560000000002,-0.30000000000000004
-0.19988556000000002,-0.1
-0.19988552,-0.30000000000000004
-0.19988548,-0.30000000000000004
-0.19988544,-0.1
-0.19988540000000002,-0.1
-0.19988536,-0.1
-0.19988532,0.1
-0.19988528,-0.1
-0.19988524000000002,-0.1
-0.1998852,-0.1
-0.19988516,0.1
-0.19988512,-0.1
-0.19988508000000002,-0.1
-0.19988504,-0.1
-0.199885,-0.1
-0.19988496,-0.1
-0.19988492000000002,-0.30000000000000004
-0.19988488000000001,-0.1
-0.19988484,0.30000000000000004
-0.1998848,0.30000000000000004
-0.19988476000000002,-0.1
-0.19988472000000002,0.30000000000000004
-0.19988468,-0.1
-0.19988464,0.30000000000000004
-0.19988460000000002,0.30000000000000004
-0.19988456000000002,0.1
-0.19988452,0.30000000000000004
-0.19988448,-0.7000000000000001
-0.19988444000000002,-0.30000000000000004
-0.19988440000000002,-0.30000000000000004
-0.19988436,-0.30000000000000004
-0.19988432,-0.1
-0.19988428,-0.1
-0.19988424000000002,-0.30000000000000004
-0.1998842,0.30000000000000004
-0.19988416,0.30000000000000004
-0.19988412,0.1
-0.19988408000000002,-0.30000000000000004
-0.19988404,0.5
-0.199884,0.1
-0.19988396,-0.30000000000000004
-0.19988392000000002,-0.1
-0.19988388,0.30000000000000004
-0.19988384,0.30000000000000004
-0.1998838,0.30000000000000004
-0.19988376000000002,-0.30000000000000004
-0.19988372000000001,-0.30000000000000004
-0.19988368,0.30000000000000004
-0.19988364,-0.30000000000000004
-0.19988360000000002,0.1
-0.19988356000000002,-0.1
-0.19988352,0.1
-0.19988348,0.30000000000000004
-0.19988344000000002,-0.30000000000000004
-0.19988340000000002,0.1
-0.19988336,0.1
-0.19988332,-0.1
-0.19988328000000002,-0.30000000000000004
-0.19988324000000002,-0.1
-0.1998832,-0.1
-0.19988316,-0.1
-0.19988312,-0.1
-0.19988308000000002,-0.1
-0.19988304,0.1
-0.199883,-0.30000000000000004
-0.19988296,-0.30000000000000004
-0.19988292000000002,0.30000000000000004
-0.19988288,0.30000000000000004
-0.19988284,-0.1
-0.1998828,0.1
-0.19988276000000002,-0.1
-0.19988272,-0.30000000000000004
-0.19988268,-0.30000000000000004
-0.19988264,-0.1
-0.19988260000000002,-0.30000000000000004
-0.19988256000000001,-0.30000000000000004
-0.19988252,0.30000000000000004
-0.19988248,-0.5
-0.19988244000000002,0.1
-0.19988240000000002,-0.30000000000000004
-0.19988236,-0.30000000000000004
-0.19988232,0.30000000000000004
-0.19988228000000002,-0.1
-0.19988224000000002,0.30000000000000004
-0.1998822,-0.1
-0.19988216,0.30000000000000004
-0.19988212000000002,-0.1
-0.19988208000000002,0.30000000000000004
-0.19988204,-0.30000000000000004
-0.199882,-0.1
-0.19988196,-0.30000000000000004
-0.19988192000000002,-0.30000000000000004
-0.19988188,-0.30000000000000004
-0.19988184,0.1
-0.1998818,0.30000000000000004
-0.19988176000000002,-0.30000000000000004
-0.19988172,-0.1
-0.19988168,-0.1
-0.19988164,0.1
-0.19988160000000002,-0.1
-0.19988156,-0.1
-0.19988152,0.1
-0.19988148,0.30000000000000004
-0.19988144000000002,-0.1
-0.19988140000000001,-0.1
-0.19988136,0.1
-0.19988132,-0.1
-0.19988128000000002,-0.30000000000000004
-0.19988124000000002,0.30000000000000004
-0.1998812,-0.7000000000000001
-0.19988116,-0.7000000000000001
-0.19988112000000002,-0.30000000000000004
-0.19988108000000002,0.1
-0.19988104,0.1
-0.199881,-0.1
-0.19988096000000002,-0.30000000000000004
-0.19988092000000002,-0.30000000000000004
-0.19988088,-0.30000000000000004
-0.19988084,-0.1
-0.1998808,-0.30000000000000004
-0.19988076000000002,-0.1
-0.19988072,0.5
-0.19988068,-0.1
-0.19988064,0.1
-0.19988060000000002,-0.1
-0.19988056,-0.30000000000000004
-0.19988052,-0.1
-0.19988048,0.5
-0.19988044000000002,-0.1
-0.1998804,-0.30000000000000004
-0.19988036,-0.1
-0.19988032,0.30000000000000004
-0.19988028000000002,-0.30000000000000004
-0.19988024000000001,0.1
-0.1998802,-0.1
-0.19988016,0.30000000000000004
-0.19988012000000002,-0.1
-0.19988008000000002,0.30000000000000004
-0.19988004,-0.30000000000000004
-0.19988,-0.30000000000000004
-0.19987996000000002,0.30000000000000004
-0.19987992000000002,-0.1
-0.19987988,0.30000000000000004
-0.19987984,-0.1
-0.19987980000000002,0.1
-0.19987976000000002,-0.1
-0.19987972,-0.30000000000000004
-0.19987968,0.30000000000000004
-0.19987964,0.1
-0.19987960000000002,0.1
-0.19987956,0.1
-0.19987952,-0.1
-0.19987948,0.30000000000000004
-0.19987944000000002,0.1
-0.1998794,-0.1
-0.19987936,-0.7000000000000001
-0.19987932,0.30000000000000004
-0.19987928000000002,-0.30000000000000004
-0.19987924,-0.7000000000000001
-0.1998792,-0.1
-0.19987916,0.1
-0.19987912000000002,-0.5
-0.19987908000000001,-0.30000000000000004
-0.19987904,-0.30000000000000004
-0.199879,0.30000000000000004
-0.19987896000000002,0.30000000000000004
-0.19987892000000002,-0.1
-0.19987888,-0.30000000000000004
-0.19987884,-0.30000000000000004
-0.19987880000000002,-0.1
-0.19987876000000002,-0.30000000000000004
-0.19987872,-0.1
-0.19987868,-0.1
-0.19987864000000002,0.1
-0.19987860000000002,-0.5
-0.19987856,-0.30000000000000004
-0.19987852,0.1
-0.19987848,-0.30000000000000004
-0.19987844000000002,0.1
-0.1998784,-0.1
-0.19987836,-0.1
-0.19987832,0.1
-0.19987828000000002,-0.30000000000000004
-0.19987824,-0.1
-0.1998782,-0.30000000000000004
-0.19987816,-0.30000000000000004
-0.19987812000000002,-0.1
-0.19987808,0.30000000000000004
-0.19987804,-0.1
-0.199878,-0.1
-0.19987796000000002,-0.1
-0.19987792000000001,-0.1
-0.19987788,-0.30000000000000004
-0.19987784,0.1
-0.19987780000000002,0.1
-0.19987776000000002,0.1
-0.19987772,-0.30000000000000004
-0.19987768,-0.30000000000000004
-0.19987764000000002,0.30000000000000004
-0.19987760000000002,0.30000000000000004
-0.19987756,-0.30000000000000004
-0.19987752,0.1
-0.19987748000000002,-0.1
-0.19987744000000002,0.30000000000000004
-0.1998774,-0.30000000000000004
-0.19987736,-0.1
-0.19987732000000002,-0.30000000000000004
-0.19987728000000002,-0.1
-0.19987724,-0.1
-0.1998772,0.1
-0.19987716,-0.1
-0.19987712000000002,-0.1
-0.19987708,-0.1
-0.19987704,0.1
-0.199877,-0.1
-0.19987696000000002,-0.1
-0.19987692,-0.30000000000000004
-0.19987688,-0.30000000000000004
-0.19987684,0.1
-0.19987680000000002,-0.1
-0.19987676000000001,-0.1
-0.19987672,-0.30000000000000004
-0.19987668,0.1
-0.19987664000000002,0.1
-0.19987660000000002,-0.1
-0.19987656,-0.1
-0.19987652,0.30000000000000004
-0.19987648000000002,0.1
-0.19987644000000002,0.7000000000000001
-0.1998764,-0.1
-0.19987636,0.1
-0.19987632000000002,-0.1
-0.19987628000000002,0.30000000000000004
-0.19987624,-0.1
-0.1998762,0.30000000000000004
-0.19987616000000002,-0.1
-0.19987612000000002,-0.1
-0.19987608,0.1
-0.19987604,0.1
-0.199876,-0.30000000000000004
-0.19987596000000002,-0.30000000000000004
-0.19987592,-0.30000000000000004
-0.19987588,-0.1
-0.19987584,0.1
-0.19987580000000002,0.1
-0.19987576,-0.30000000000000004
-0.19987572,0.30000000000000004
-0.19987568,0.1
-0.19987564000000002,0.1
-0.19987560000000001,0.5
-0.19987556,-0.1
-0.19987552,-0.1
-0.19987548000000002,-0.1
-0.19987544000000002,-0.1
-0.1998754,0.1
-0.19987536,-0.1
-0.19987532000000002,-0.1
-0.19987528000000002,-0.5
-0.19987524,-0.1
-0.1998752,-0.1
-0.19987516000000002,-0.1
-0.19987512000000002,-0.30000000000000004
-0.19987508,0.1
-0.19987504,-0.1
-0.19987500000000002,-0.30000000000000004
-0.19987496000000002,-0.30000000000000004
-0.19987492,-0.30000000000000004
-0.19987488,0.30000000000000004
-0.19987484,0.30000000000000004
-0.19987480000000002,-0.30000000000000004
-0.19987476,-0.30000000000000004
-0.19987472,0.5
-0.19987468,-0.1
-0.19987464000000002,-0.1
-0.1998746,-0.1
-0.19987456,-0.1
-0.19987452,-0.1
-0.19987448000000002,-0.1
-0.19987444000000001,-0.30000000000000004
-0.1998744,-0.1
-0.19987436,0.1
-0.19987432000000002,-0.5
-0.19987428000000002,-0.1
-0.19987424,-0.30000000000000004
-0.1998742,0.30000000000000004
-0.19987416000000002,-0.1
-0.19987412000000002,0.1
-0.19987408,-0.30000000000000004
-0.19987404,-0.1
-0.19987400000000002,-0.1
-0.19987396000000002,-0.1
-0.19987392,0.1
-0.19987388,-0.1
-0.19987384000000002,-0.1
-0.19987380000000002,0.5
-0.19987376,-0.1
-0.19987372,0.5
-0.19987368,-0.1
-0.19987364000000002,-0.1
-0.1998736,0.1
-0.19987356,-0.1
-0.19987352,0.1
-0.19987348000000002,-0.30000000000000004
-0.19987344,0.30000000000000004
-0.1998734,-0.1
-0.19987336,0.1
-0.19987332000000002,-0.1
-0.19987328000000001,0.30000000000000004
-0.19987324,-0.1
-0.1998732,-0.30000000000000004
-0.19987316000000002,0.1
-0.19987312000000002,-0.1
-0.19987308,-0.1
-0.19987304,-0.1
-0.19987300000000002,-0.1
-0.19987296000000002,-0.30000000000000004
-0.19987292,0.1
-0.19987288,-0.1
-0.19987284000000002,0.1
-0.19987280000000002,-0.30000000000000004
-0.19987276,-0.1
-0.19987272,-0.1
-0.19987268000000002,-0.1
-0.19987264000000002,-0.30000000000000004
-0.1998726,-0.7000000000000001
-0.19987256,0.30000000000000004
-0.19987252,-0.30000000000000004
-0.19987248000000002,-0.1
-0.19987244,-0.1
-0.1998724,0.30000000000000004
-0.19987236,-0.1
-0.19987232000000002,-0.1
-0.19987228,-0.30000000000000004
-0.19987224,-0.30000000000000004
-0.1998722,-0.30000000000000004
-0.19987216000000002,-0.30000000000000004
-0.19987212000000001,0.1
-0.19987208,0.30000000000000004
-0.19987204,-0.1
-0.19987200000000002,-0.1
-0.19987196000000002,-0.5
-0.19987192,0.30000000000000004
-0.19987188,-0.30000000000000004
-0.19987184000000002,0.1
-0.19987180000000002,-0.30000000000000004
-0.19987176,0.1
-0.19987172,-0.1
-0.19987168000000002,0.30000000000000004
-0.19987164000000002,-0.5
-0.1998716,-0.1
-0.19987156,-0.1
-0.19987152000000002,0.30000000000000004
-0.19987148000000002,-0.1
-0.19987144,-0.1
-0.1998714,-0.30000000000000004
-0.19987136,0.1
-0.19987132000000002,0.1
-0.19987128,-0.30000000000000004
-0.19987124,0.1
-0.1998712,0.30000000000000004
-0.19987116000000002,-0.5
-0.19987112,0.30000000000000004
-0.19987108,-0.1
-0.19987104,0.1
-0.19987100000000002,-0.30000000000000004
-0.19987096000000001,0.1
-0.19987092,-0.1
-0.19987088,0.1
-0.19987084000000002,-0.30000000000000004
-0.19987080000000002,-0.5
-0.19987076,-0.1
-0.19987072,-0.1
-0.19987068000000002,-0.1
-0.19987064000000002,0.30000000000000004
-0.1998706,-0.1
-0.19987056,-0.1
-0.19987052000000002,0.1
-0.19987048000000002,-0.1
-0.19987044,0.1
-0.1998704,0.1
-0.19987036000000002,-0.1
-0.19987032000000002,-0.1
-0.19987028,-0.1
-0.19987024,0.30000000000000004
-0.1998702,0.1
-0.19987016000000002,-0.30000000000000004
-0.19987012,-0.1
-0.19987008,0.30000000000000004
-0.19987004,-0.30000000000000004
-0.19987000000000002,0.30000000000000004
-0.19986996,0.30000000000000004
-0.19986992,-0.1
-0.19986988,0.1
-0.19986984000000002,-0.1
-0.19986980000000001,0.1
-0.19986976,0.1
-0.19986972,-0.30000000000000004
-0.19986968000000002,0.30000000000000004
-0.19986964000000002,0.1
-0.1998696,-0.1
-0.19986956,-0.1
-0.19986952000000002,0.1
-0.19986948000000002,-0.1
-0.19986944,-0.1
-0.1998694,-0.1
-0.19986936000000002,0.1
-0.19986932000000002,-0.30000000000000004
-0.19986928,-0.30000000000000004
-0.19986924,-0.1
-0.19986920000000002,-0.1
-0.19986916000000002,0.1
-0.19986912,-0.1
-0.19986908,0.1
-0.19986904,0.30000000000000004
-0.19986900000000002,-0.1
-0.19986896,0.30000000000000004
-0.19986892,-0.1
-0.19986888,-0.30000000000000004
-0.19986884000000002,0.1
-0.1998688,-0.30000000000000004
-0.19986876,-0.1
-0.19986872,-0.1
-0.19986868000000002,-0.30000000000000004
-0.19986864000000001,-0.1
-0.1998686,-0.5
-0.19986856,0.1
-0.19986852000000002,0.1
-0.19986848000000002,-0.30000000000000004
-0.19986844,-0.1
-0.1998684,-0.1
-0.19986836000000002,-0.30000000000000004
-0.19986832000000002,-0.30000000000000004
-0.19986828,-0.30000000000000004
-0.19986824,-0.1
-0.19986820000000002,0.30000000000000004
-0.19986816000000002,-0.1
-0.19986812,-0.1
-0.19986808,-0.1
-0.19986804000000002,0.1
-0.19986800000000002,0.1
-0.19986796,-0.1
-0.19986792,-0.5
-0.19986788,-0.1
-0.19986784000000002,-0.1
-0.1998678,-0.1
-0.19986776,-0.1
-0.19986772,0.30000000000000004
-0.19986768000000002,-0.1
-0.19986764,0.1
-0.1998676,-0.30000000000000004
-0.19986756,-0.30000000000000004
-0.19986752000000002,-0.1
-0.19986748000000001,-0.1
-0.19986744,-0.30000000000000004
-0.1998674,-0.1
-0.19986736000000002,-0.1
-0.19986732000000001,-0.1
-0.19986728,-0.1
-0.19986724,-0.1
-0.19986720000000002,-0.5
-0.19986716000000002,-0.1
-0.19986712,-0.1
-0.19986708,-0.30000000000000004
-0.19986704000000002,-0.1
-0.19986700000000002,-0.30000000000000004
-0.19986696,-0.5
-0.19986692,-0.1
-0.19986688000000002,0.30000000000000004
-0.19986684000000002,-0.1
-0.1998668,0.1
-0.19986676,-0.1
-0.19986672,-0.30000000000000004
-0.19986668000000002,-0.1
-0.19986664,0.30000000000000004
-0.1998666,-0.1
-0.19986656,-0.1
-0.19986652000000002,-0.1
-0.19986648,-0.1
-0.19986644,-0.30000000000000004
-0.1998664,0.1
-0.19986636000000002,-0.30000000000000004
-0.19986632000000001,-0.5
-0.19986628,-0.30000000000000004
-0.19986624,-0.1
-0.19986620000000002,-0.1
-0.19986616000000001,-0.1
-0.19986612,0.1
-0.19986608,0.30000000000000004
-0.19986604000000002,-0.1
-0.19986600000000002,-0.30000000000000004
-0.19986596,-0.5
-0.19986592,-0.30000000000000004
-0.19986588000000002,-0.1
-0.19986584000000002,0.1
-0.1998658,-0.30000000000000004
-0.19986576,-0.1
-0.19986572000000002,-0.1
-0.19986568000000002,-0.1
-0.19986564,-0.1
-0.1998656,-0.1
-0.19986556,0.5
-0.19986552000000002,0.30000000000000004
-0.19986548,-0.1
-0.19986544,0.1
-0.1998654,-0.1
-0.19986536000000002,0.30000000000000004
-0.19986532,-0.30000000000000004
-0.19986528,0.30000000000000004
-0.19986524,0.1
-0.19986520000000002,-0.5
-0.19986516000000001,-0.5
-0.19986512,0.1
-0.19986508,-0.1
-0.19986504000000002,-0.1
-0.19986500000000001,0.30000000000000004
-0.19986496,0.1
-0.19986492,-0.30000000000000004
-0.19986488000000002,-0.1
-0.19986484000000002,-0.1
-0.1998648,-0.30000000000000004
-0.19986476,0.30000000000000004
-0.19986472000000002,-0.1
-0.19986468000000002,0.1
-0.19986464,0.1
-0.1998646,0.30000000000000004
-0.19986456000000002,-0.1
-0.19986452000000002,-0.30000000000000004
-0.19986448,-0.1
-0.19986444,0.1
-0.1998644,-0.1
-0.19986436000000002,-0.30000000000000004
-0.19986432,-0.30000000000000004
-0.19986428,-0.30000000000000004
-0.19986424,-0.1
-0.19986420000000002,0.30000000000000004
-0.19986416,-0.1
-0.19986412,-0.30000000000000004
-0.19986408,-0.5
-0.19986404000000002,-0.30000000000000004
-0.199864,-0.1
-0.19986396,-0.30000000000000004
-0.19986392,0.30000000000000004
-0.19986388000000002,-0.1
-0.19986384000000001,0.5
-0.1998638,-0.1
-0.19986376,-0.1
-0.19986372000000002,0.30000000000000004
-0.19986368000000002,-0.1
-0.19986364,0.30000000000000004
-0.1998636,-0.1
-0.19986356000000002,0.30000000000000004
-0.19986352000000002,-0.30000000000000004
-0.19986348,-0.1
-0.19986344,-0.1
-0.19986340000000002,-0.1
-0.19986336000000002,-0.30000000000000004
-0.19986332,0.30000000000000004
-0.19986328,-0.1
-0.19986324,-0.30000000000000004
-0.19986320000000002,-0.30000000000000004
-0.19986316,0.30000000000000004
-0.19986312,0.30000000000000004
-0.19986308,-0.1
-0.19986304000000002,0.1
-0.199863,-0.30000000000000004
-0.19986296,-0.1
-0.19986292,0.30000000000000004
-0.19986288000000002,0.30000000000000004
-0.19986284,0.30000000000000004
-0.1998628,0.1
-0.19986276,0.1
-0.19986272000000002,-0.5
-0.19986268000000001,-0.1
-0.19986264,0.30000000000000004
-0.1998626,-0.1
-0.19986256000000002,-0.1
-0.19986252000000002,-0.30000000000000004
-0.19986248,-0.1
-0.19986244,0.30000000000000004
-0.19986240000000002,-0.1
-0.19986236000000002,-0.1
-0.19986232,0.30000000000000004
-0.19986228,-0.1
-0.19986224000000002,0.1
-0.19986220000000002,-0.1
-0.19986216,-0.1
-0.19986212,-0.1
-0.19986208,-0.1
-0.19986204000000002,-0.1
-0.199862,-0.5
-0.19986196,-0.30000000000000004
-0.19986192,-0.7000000000000001
-0.19986188000000002,-0.30000000000000004
-0.19986184,-0.1
-0.1998618,-0.1
-0.19986176,-0.30000000000000004
-0.19986172000000002,0.1
-0.19986168,-0.1
-0.19986164,0.30000000000000004
-0.1998616,0.30000000000000004
-0.19986156000000002,0.1
-0.19986152000000001,0.30000000000000004
-0.19986148,0.1
-0.19986144,-0.1
-0.19986140000000002,0.1
-0.19986136000000002,-0.30000000000000004
-0.19986132,0.1
-0.19986128,-0.30000000000000004
-0.19986124000000002,-0.1
-0.19986120000000002,-0.30000000000000004
-0.19986116,-0.1
-0.19986112,-0.1
-0.19986108000000002,-0.1
-0.19986104000000002,-0.1
-0.199861,-0.1
-0.19986096,0.30000000000000004
-0.19986092,-0.1
-0.19986088000000002,-0.1
-0.19986084,-0.30000000000000004
-0.1998608,-0.1
-0.19986076,-0.30000000000000004
-0.19986072000000002,-0.30000000000000004
-0.19986068,-0.30000000000000004
-0.19986064,0.30000000000000004
-0.1998606,0.30000000000000004
-0.19986056000000002,-0.1
-0.19986052,0.1
-0.19986048,0.1
-0.19986044,-0.30000000000000004
-0.19986040000000002,-0.1
-0.19986036000000001,-0.1
-0.19986032,-0.30000000000000004
-0.19986028,0.1
-0.19986024000000002,-0.1
-0.19986020000000002,-0.1
-0.19986016,-0.30000000000000004
-0.19986012,-0.1
-0.19986008000000002,0.1
-0.19986004000000002,-0.1
-0.19986,-0.1
-0.19985996,-0.30000000000000004
-0.19985992000000002,-0.30000000000000004
-0.19985988000000002,-0.1
-0.19985984,-0.7000000000000001
-0.1998598,-0.1
-0.19985976,0.30000000000000004
-0.19985972000000002,-0.1
-0.19985968,-0.30000000000000004
-0.19985964,-0.1
-0.1998596,0.1
-0.19985956000000002,-0.30000000000000004
-0.19985952,0.30000000000000004
-0.19985948,0.1
-0.19985944,-0.30000000000000004
-0.19985940000000002,-0.30000000000000004
-0.19985936,-0.1
-0.19985932,-0.30000000000000004
-0.19985928,-0.1
-0.19985924000000002,-0.1
-0.19985920000000001,-0.1
-0.19985916,-0.30000000000000004
-0.19985912,0.1
-0.19985908000000002,-0.1
-0.19985904000000002,-0.1
-0.199859,-0.5
-0.19985896,-0.1
-0.19985892000000002,-0.1
-0.19985888000000002,0.5
-0.19985884,0.30000000000000004
-0.1998588,0.30000000000000004
-0.19985876000000002,-0.1
-0.19985872000000002,-0.1
-0.19985868,-0.30000000000000004
-0.19985864,-0.1
-0.1998586,-0.1
-0.19985856000000002,0.1
-0.19985852,-0.1
-0.19985848,0.30000000000000004
-0.19985844,-0.1
-0.19985840000000002,0.30000000000000004
-0.19985836,-0.5
-0.19985832,-0.1
-0.19985828,-0.1
-0.19985824000000002,-0.5
-0.1998582,0.1
-0.19985816,-0.30000000000000004
-0.19985812,-0.1
-0.19985808000000002,0.30000000000000004
-0.19985804000000001,-0.30000000000000004
-0.199858,-0.1
-0.19985796,0.5
-0.19985792000000002,-0.1
-0.19985788000000002,0.1
-0.19985784,-0.1
-0.1998578,0.30000000000000004
-0.19985776000000002,-0.1
-0.19985772000000002,-0.1
-0.19985768,0.1
-0.19985764,-0.7000000000000001
-0.19985760000000002,-0.1
-0.19985756000000002,-0.1
-0.19985752,-0.1
-0.19985748,0.1
-0.19985744,-0.1
-0.19985740000000002,0.1
-0.19985736,-0.1
-0.19985732,-0.30000000000000004
-0.19985728,-0.1
-0.19985724000000002,-0.30000000000000004
-0.1998572,0.1
-0.19985716,0.30000000000000004
-0.19985712,-0.1
-0.19985708000000002,-0.1
-0.19985704,-0.1
-0.199857,0.1
-0.19985696,-0.1
-0.19985692000000002,0.30000000000000004
-0.19985688000000001,0.1
-0.19985684,-0.30000000000000004
-0.1998568,0.1
-0.19985676000000002,-0.30000000000000004
-0.19985672000000002,-0.1
-0.19985668,-0.1
-0.19985664,0.1
-0.19985660000000002,-0.1
-0.19985656000000002,-0.30000000000000004
-0.19985652,-0.1
-0.19985648,0.1
-0.19985644000000002,0.1
-0.19985640000000002,-0.1
-0.19985636,-0.1
-0.19985632,-0.1
-0.19985628,-0.30000000000000004
-0.19985624000000002,0.1
-0.1998562,-0.30000000000000004
-0.19985616,0.1
-0.19985612,0.1
-0.19985608000000002,-0.5
-0.19985604,-0.1
-0.199856,0.1
-0.19985596,-0.30000000000000004
-0.19985592000000002,-0.30000000000000004
-0.19985588,-0.30000000000000004
-0.19985584,0.30000000000000004
-0.1998558,-0.1
-0.19985576000000002,-0.1
-0.19985572000000001,0.1
-0.19985568,-0.30000000000000004
-0.19985564,0.30000000000000004
-0.19985560000000002,-0.1
-0.19985556000000002,0.1
-0.19985552,0.30000000000000004
-0.19985548,0.30000000000000004
-0.19985544000000002,-0.1
-0.19985540000000002,0.30000000000000004
-0.19985536,-0.30000000000000004
-0.19985532,-0.1
-0.19985528000000002,-0.1
-0.19985524000000002,-0.1
-0.1998552,-0.1
-0.19985516,-0.1
-0.19985512,0.30000000000000004
-0.19985508000000002,-0.5
-0.19985504,-0.1
-0.199855,0.30000000000000004
-0.19985496,-0.30000000000000004
-0.19985492000000002,-0.1
-0.19985488,-0.30000000000000004
-0.19985484,-0.1
-0.1998548,-0.1
-0.19985476000000002,-0.5
-0.19985472,-0.5
-0.19985468,-0.1
-0.19985464,0.1
-0.19985460000000002,0.30000000000000004
-0.19985456000000001,0.30000000000000004
-0.19985452,-0.1
-0.19985448,-0.1
-0.19985444000000002,-0.30000000000000004
-0.19985440000000002,0.1
-0.19985436,0.30000000000000004
-0.19985432,-0.1
-0.19985428000000002,-0.30000000000000004
-0.19985424000000002,-0.30000000000000004
-0.1998542,-0.1
-0.19985416,-0.1
-0.19985412000000002,0.1
-0.19985408000000002,-0.1
-0.19985404,0.30000000000000004
-0.199854,-0.1
-0.19985396000000002,-0.1
-0.19985392000000002,-0.1
-0.19985388,0.1
-0.19985384,-0.1
-0.1998538,-0.1
-0.19985376000000002,0.1
-0.19985372,-0.1
-0.19985368,-0.30000000000000004
-0.19985364,-0.1
-0.19985360000000002,0.30000000000000004
-0.19985356,0.5
-0.19985352,-0.30000000000000004
-0.19985348,-0.1
-0.19985344000000002,-0.1
-0.19985340000000001,-0.5
-0.19985336,-0.30000000000000004
-0.19985332,-0.1
-0.19985328000000002,-0.30000000000000004
-0.19985324000000002,0.30000000000000004
-0.1998532,-0.1
-0.19985316,-0.30000000000000004
-0.19985312000000002,0.30000000000000004
-0.19985308000000002,-0.30000000000000004
-0.19985304,-0.1
-0.199853,-0.30000000000000004
-0.19985296000000002,-0.1
-0.19985292000000002,-0.1
-0.19985288,-0.1
-0.19985284,-0.5
-0.19985280000000002,0.1
-0.19985276000000002,0.30000000000000004
-0.19985272,0.30000000000000004
-0.19985268,-0.1
-0.19985264,-0.1
-0.19985260000000002,-0.1
-0.19985256,0.1
-0.19985252,-0.1
-0.19985248,-0.1
-0.19985244000000002,0.30000000000000004
-0.1998524,-0.1
-0.19985236,-0.1
-0.19985232,0.30000000000000004
-0.19985228000000002,-0.1
-0.19985224000000001,0.1
-0.1998522,0.30000000000000004
-0.19985216,0.1
-0.19985212000000002,0.30000000000000004
-0.19985208000000002,-0.30000000000000004
-0.19985204,-0.30000000000000004
-0.199852,-0.1
-0.19985196000000002,0.30000000000000004
-0.19985192000000002,-0.1
-0.19985188,0.1
-0.19985184,-0.1
-0.19985180000000002,0.30000000000000004
-0.19985176000000002,-0.30000000000000004
-0.19985172,-0.30000000000000004
-0.19985168,0.30000000000000004
-0.19985164000000002,-0.30000000000000004
-0.19985160000000002,-0.30000000000000004
-0.19985156,-0.1
-0.19985152,0.1
-0.19985148,-0.30000000000000004
-0.19985144000000002,-0.5
-0.1998514,0.1
-0.19985136,-0.30000000000000004
-0.19985132,-0.5
-0.19985128000000002,-0.1
-0.19985124,-0.1
-0.1998512,-0.1
-0.19985116,-0.1
-0.19985112000000002,-0.1
-0.19985108000000001,-0.30000000000000004
-0.19985104,0.30000000000000004
-0.199851,-0.5
-0.19985096000000002,0.30000000000000004
-0.19985092000000002,-0.1
-0.19985088,-0.5
-0.19985084,0.1
-0.19985080000000002,-0.1
-0.19985076000000002,0.30000000000000004
-0.19985072,-0.1
-0.19985068,-0.1
-0.19985064000000002,-0.30000000000000004
-0.19985060000000002,-0.30000000000000004
-0.19985056,0.1
-0.19985052,-0.1
-0.19985048000000002,-0.30000000000000004
-0.19985044000000002,-0.1
-0.1998504,-0.30000000000000004
-0.19985036,-0.1
-0.19985032,-0.5
-0.19985028000000002,-0.30000000000000004
-0.19985024,-0.1
-0.1998502,-0.30000000000000004
-0.19985016,-0.5
-0.19985012000000002,0.1
-0.19985008,-0.1
-0.19985004,-0.1
-0.19985,-0.1
-0.19984996000000002,-0.1
-0.19984992000000001,-0.1
-0.19984988,-0.30000000000000004
-0.19984984,0.1
-0.19984980000000002,-0.1
-0.19984976000000002,-0.1
-0.19984972,-0.1
-0.19984968,0.1
-0.19984964000000002,-0.30000000000000004
-0.19984960000000002,-0.1
-0.19984956,-0.1
-0.19984952,-0.1
-0.19984948000000002,-0.1
-0.19984944000000002,0.1
-0.1998494,-0.7000000000000001
-0.19984936,-0.1
-0.19984932000000002,-0.30000000000000004
-0.19984928000000002,-0.1
-0.19984924,-0.30000000000000004
-0.1998492,-0.1
-0.19984916,-0.30000000000000004
-0.19984912000000002,0.1
-0.19984908,0.30000000000000004
-0.19984904,-0.30000000000000004
-0.199849,0.30000000000000004
-0.19984896000000002,0.1
-0.19984892,-0.30000000000000004
-0.19984888,-0.30000000000000004
-0.19984884,-0.1
-0.19984880000000002,-0.1
-0.19984876000000001,0.30000000000000004
-0.19984872,-0.1
-0.19984868,0.1
-0.19984864000000002,-0.1
-0.19984860000000002,0.1
-0.19984856,-0.5
-0.19984852,0.1
-0.19984848000000002,-0.1
-0.19984844000000002,-0.30000000000000004
-0.1998484,0.30000000000000004
-0.19984836,-0.30000000000000004
-0.19984832000000002,-0.1
-0.19984828000000002,-0.30000000000000004
-0.19984824,-0.30000000000000004
-0.1998482,-0.1
-0.19984816000000002,-0.30000000000000004
-0.19984812000000002,-0.1
-0.19984808,-0.30000000000000004
-0.19984804,-0.1
-0.199848,0.1
-0.19984796000000002,0.1
-0.19984792,0.1
-0.19984788,0.1
-0.19984784,-0.1
-0.19984780000000002,-0.1
-0.19984776,-0.5
-0.19984772,-0.1
-0.19984768,-0.1
-0.19984764000000002,0.1
-0.19984760000000001,-0.1
-0.19984756,-0.9
-0.19984752,0.30000000000000004
-0.19984748000000002,-0.1
-0.19984744000000002,-0.5
-0.1998474,-0.1
-0.19984736,-0.30000000000000004
-0.19984732000000002,-0.30000000000000004
-0.19984728000000002,-0.30000000000000004
-0.19984724,0.30000000000000004
-0.1998472,-0.30000000000000004
-0.19984716000000002,-0.30000000000000004
-0.19984712000000002,-0.1
-0.19984708,0.1
-0.19984704,-0.1
-0.19984700000000002,-0.1
-0.19984696000000002,0.30000000000000004
-0.19984692,0.30000000000000004
-0.19984688,-0.1
-0.19984684,-0.1
-0.19984680000000002,-0.30000000000000004
-0.19984676,0.1
-0.19984672,0.30000000000000004
-0.19984668,0.1
-0.19984664000000002,-0.30000000000000004
-0.1998466,0.30000000000000004
-0.19984656,-0.1
-0.19984652,-0.7000000000000001
-0.19984648000000002,-0.1
-0.19984644000000001,-0.1
-0.1998464,-0.30000000000000004
-0.19984636,-0.30000000000000004
-0.19984632000000002,-0.1
-0.19984628000000002,0.1
-0.19984624,-0.1
-0.1998462,-0.30000000000000004
-0.19984616000000002,0.30000000000000004
-0.19984612000000002,0.1
-0.19984608,0.30000000000000004
-0.19984604,-0.1
-0.19984600000000002,-0.30000000000000004
-0.19984596000000002,0.1
-0.19984592,0.5
-0.19984588,-0.5
-0.19984584000000002,0.1
-0.19984580000000002,-0.1
-0.19984576,-0.1
-0.19984572,-0.30000000000000004
-0.19984568,0.30000000000000004
-0.19984564000000002,-0.1
-0.1998456,0.1
-0.19984556,-0.5
-0.19984552,0.1
-0.19984548000000002,-0.5
-0.19984544,-0.30000000000000004
-0.1998454,-0.30000000000000004
-0.19984536,-0.30000000000000004
-0.19984532000000002,-0.1
-0.19984528000000001,-0.1
-0.19984524,0.5
-0.1998452,-0.1
-0.19984516000000002,-0.30000000000000004
-0.19984512000000001,-0.30000000000000004
-0.19984508,-0.1
-0.19984504,0.30000000000000004
-0.19984500000000002,0.1
-0.19984496000000002,-0.1
-0.19984492,-0.30000000000000004
-0.19984488,-0.1
-0.19984484000000002,-0.30000000000000004
-0.19984480000000002,0.1
-0.19984476,-0.30000000000000004
-0.19984472,-0.1
-0.19984468000000002,-0.1
-0.19984464000000002,-0.30000000000000004
-0.1998446,-0.30000000000000004
-0.19984456,-0.1
-0.19984452,-0.5
-0.19984448000000002,-0.30000000000000004
-0.19984444,0.1
-0.1998444,-0.1
-0.19984436,-0.30000000000000004
-0.19984432000000002,0.30000000000000004
-0.19984428,-0.30000000000000004
-0.19984424,-0.1
-0.1998442,-0.1
-0.19984416000000002,0.30000000000000004
-0.19984412000000001,-0.1
-0.19984408,-0.1
-0.19984404,-0.30000000000000004
-0.19984400000000002,-0.30000000000000004
-0.19984396000000001,-0.1
-0.19984392,-0.1
-0.19984388,-0.30000000000000004
-0.19984384000000002,-0.30000000000000004
-0.19984380000000002,-0.30000000000000004
-0.19984376,-0.5
-0.19984372,-0.5
-0.19984368000000002,-0.1
-0.19984364000000002,-0.7000000000000001
-0.1998436,-0.1
-0.19984356,-0.1
-0.19984352000000002,-0.1
-0.19984348000000002,-0.30000000000000004
-0.19984344,-0.1
-0.1998434,-0.1
-0.19984336,-0.1
-0.19984332000000002,-0.1
-0.19984328,-0.1
-0.19984324,-0.1
-0.1998432,-0.1
-0.19984316000000002,-0.30000000000000004
-0.19984312,0.1
-0.19984308,0.30000000000000004
-0.19984304,-0.1
-0.19984300000000002,0.1
-0.19984296000000001,-0.1
-0.19984292,-0.1
-0.19984288,-0.30000000000000004
-0.19984284000000002,0.1
-0.19984280000000001,-0.1
-0.19984276,0.1
-0.19984272,-0.30000000000000004
-0.19984268000000002,-0.30000000000000004
-0.19984264000000002,-0.1
-0.1998426,-0.1
-0.19984256,-0.1
-0.19984252000000002,0.5
-0.19984248000000002,0.30000000000000004
-0.19984244,-0.30000000000000004
-0.1998424,-0.1
-0.19984236000000002,-0.1
-0.19984232000000002,0.30000000000000004
-0.19984228,-0.5
-0.19984224,-0.30000000000000004
-0.1998422,-0.1
-0.19984216000000002,-0.30000000000000004
-0.19984212,0.1
-0.19984208,0.30000000000000004
-0.19984204,-0.30000000000000004
-0.19984200000000002,-0.30000000000000004
-0.19984196,-0.1
-0.19984192,-0.30000000000000004
-0.19984188,-0.5
-0.19984184000000002,-0.30000000000000004
-0.1998418,-0.1
-0.19984176,-0.1
-0.19984172,0.1
-0.19984168000000002,-0.1
-0.19984164000000001,-0.1
-0.1998416,-0.1
-0.19984156,0.1
-0.19984152000000002,-0.1
-0.19984148000000002,0.30000000000000004
-0.19984144,0.5
-0.1998414,-0.1
-0.19984136000000002,0.1
-0.19984132000000002,-0.30000000000000004
-0.19984128,0.1
-0.19984124,-0.1
-0.19984120000000002,-0.30000000000000004
-0.19984116000000002,-0.5
-0.19984112,-0.1
-0.19984108,-0.1
-0.19984104,-0.30000000000000004
-0.19984100000000002,-0.1
-0.19984096,0.30000000000000004
-0.19984092,0.30000000000000004
-0.19984088,-0.1
-0.19984084000000002,0.1
-0.1998408,-0.30000000000000004
-0.19984076,-0.7000000000000001
-0.19984072,-0.1
-0.19984068000000002,-0.1
-0.19984064,-0.1
-0.1998406,-0.1
-0.19984056,-0.1
-0.19984052000000002,-0.1
-0.19984048000000001,-0.1
-0.19984044,0.30000000000000004
-0.1998404,-0.1
-0.19984036000000002,0.1
-0.19984032000000002,-0.1
-0.19984028,-0.1
-0.19984024,0.1
-0.19984020000000002,-0.5
-0.19984016000000002,0.1
-0.19984012,-0.1
-0.19984008,0.30000000000000004
-0.19984004000000002,-0.1
-0.19984000000000002,-0.1
-0.19983996,-0.30000000000000004
-0.19983992,-0.1
-0.19983988,-0.30000000000000004
-0.19983984000000002,-0.1
-0.1998398,-0.1
-0.19983976,0.1
-0.19983972,-0.1
-0.19983968000000002,-0.1
-0.19983964,0.30000000000000004
-0.1998396,-0.1
-0.19983956,-0.30000000000000004
-0.19983952000000002,0.1
-0.19983948,-0.1
-0.19983944,0.30000000000000004
-0.1998394,0.30000000000000004
-0.19983936000000002,-0.30000000000000004
-0.19983932000000001,0.30000000000000004
-0.19983928,-0.1
-0.19983924,-0.1
-0.19983920000000002,0.1
-0.19983916000000002,-0.1
-0.19983912,-0.30000000000000004
-0.19983908,-0.1
-0.19983904000000002,0.1
-0.19983900000000002,-0.30000000000000004
-0.19983896,-0.1
-0.19983892,-0.1
-0.19983888000000002,-0.1
-0.19983884000000002,-0.30000000000000004
-0.1998388,-0.1
-0.19983876,-0.1
-0.19983872,-0.1
-0.19983868000000002,-0.30000000000000004
-0.19983864,-0.1
-0.1998386,-0.1
-0.19983856,0.30000000000000004
-0.19983852000000002,-0.30000000000000004
-0.19983848,-0.30000000000000004
-0.19983844,-0.1
-0.1998384,-0.1
-0.19983836000000002,0.1
-0.19983832,-0.1
-0.19983828,-0.1
-0.19983824,0.30000000000000004
-0.19983820000000002,0.30000000000000004
-0.19983816000000001,0.1
-0.19983812,0.1
-0.19983808,-0.1
-0.19983804000000002,-0.1
-0.19983800000000002,-0.1
-0.19983796,0.1
-0.19983792,-0.1
-0.19983788000000002,0.30000000000000004
-0.19983784000000002,-0.30000000000000004
-0.1998378,-0.1
-0.19983776,0.1
-0.19983772000000002,-0.1
-0.19983768000000002,0.30000000000000004
-0.19983764,0.30000000000000004
-0.1998376,-0.1
-0.19983756,0.1
-0.19983752000000002,0.1
-0.19983748,-0.1
-0.19983744,-0.30000000000000004
-0.1998374,-0.1
-0.19983736000000002,0.1
-0.19983732,-0.30000000000000004
-0.19983728,-0.1
-0.19983724,-0.30000000000000004
-0.19983720000000002,0.1
-0.19983716,0.1
-0.19983712,-0.1
-0.19983708,-0.30000000000000004
-0.19983704000000002,0.1
-0.19983700000000001,0.30000000000000004
-0.19983696,-0.1
-0.19983692,-0.1
-0.19983688000000002,-0.30000000000000004
-0.19983684000000002,-0.1
-0.1998368,-0.30000000000000004
-0.19983676,0.30000000000000004
-0.19983672000000002,0.1
-0.19983668000000002,-0.1
-0.19983664,0.1
-0.1998366,-0.5
-0.19983656000000002,-0.30000000000000004
-0.19983652000000002,0.30000000000000004
-0.19983648,0.1
-0.19983644,0.30000000000000004
-0.1998364,0.1
-0.19983636000000002,0.30000000000000004
-0.19983632,-0.5
-0.19983628,-0.1
-0.19983624,0.1
-0.19983620000000002,0.1
-0.19983616,0.1
-0.19983612,0.30000000000000004
-0.19983608,0.1
-0.19983604000000002,-0.1
-0.199836,-0.1
-0.19983596,-0.1
-0.19983592,0.1
-0.19983588000000002,-0.1
-0.19983584000000001,-0.30000000000000004
-0.1998358,-0.30000000000000004
-0.19983576,0.1
-0.19983572000000002,-0.30000000000000004
-0.19983568000000002,-0.1
-0.19983564,-0.30000000000000004
-0.1998356,0.1
-0.19983556000000002,-0.30000000000000004
-0.19983552000000002,-0.1
-0.19983548,0.1
-0.19983544,0.30000000000000004
-0.19983540000000002,0.1
-0.19983536000000002,-0.30000000000000004
-0.19983532,-0.1
-0.19983528,-0.30000000000000004
-0.19983524,-0.1
-0.19983520000000002,0.1
-0.19983516,0.30000000000000004
-0.19983512,-0.1
-0.19983508,-0.1
-0.19983504000000002,-0.30000000000000004
-0.199835,0.30000000000000004
-0.19983496,-0.1
-0.19983492,-0.30000000000000004
-0.19983488000000002,-0.30000000000000004
-0.19983484,-0.1
-0.1998348,-0.1
-0.19983476,-0.1
-0.19983472000000002,-0.30000000000000004
-0.19983468000000001,-0.1
-0.19983464,-0.1
-0.1998346,-0.30000000000000004
-0.19983456000000002,-0.1
-0.19983452000000002,-0.1
-0.19983448,-0.1
-0.19983444,0.1
-0.19983440000000002,-0.30000000000000004
-0.19983436000000002,0.30000000000000004
-0.19983432,0.1
-0.19983428,-0.1
-0.19983424000000002,-0.1
-0.19983420000000002,-0.30000000000000004
-0.19983416,-0.1
-0.19983412,-0.30000000000000004
-0.19983408,0.30000000000000004
-0.19983404000000002,0.30000000000000004
-0.199834,-0.1
-0.19983396,0.30000000000000004
-0.19983392,-0.1
-0.19983388000000002,-0.1
-0.19983384,-0.30000000000000004
-0.1998338,-0.1
-0.19983376,-0.1
-0.19983372000000002,-0.1
-0.19983368,0.1
-0.19983364,-0.1
-0.1998336,0.30000000000000004
-0.19983356000000002,-0.30000000000000004
-0.19983352000000001,-0.30000000000000004
-0.19983348,0.1
-0.19983344,-0.30000000000000004
-0.19983340000000002,-0.1
-0.19983336000000002,-0.30000000000000004
-0.19983332,0.30000000000000004
-0.19983328,-0.30000000000000004
-0.19983324000000002,-0.1
-0.19983320000000002,0.30000000000000004
-0.19983316,0.30000000000000004
-0.19983312,0.1
-0.19983308000000002,-0.1
-0.19983304000000002,-0.1
-0.199833,-0.1
-0.19983296,-0.30000000000000004
-0.19983292000000002,-0.1
-0.19983288000000002,-0.30000000000000004
-0.19983284,-0.1
-0.1998328,0.1
-0.19983276,0.30000000000000004
-0.19983272000000002,0.1
-0.19983268,-0.1
-0.19983264,-0.5
-0.1998326,-0.1
-0.19983256000000002,-0.30000000000000004
-0.19983252,-0.1
-0.19983248,-0.1
-0.19983244,-0.5
-0.19983240000000002,0.30000000000000004
-0.19983236000000001,-0.30000000000000004
-0.19983232,-0.1
-0.19983228,-0.30000000000000004
-0.19983224000000002,0.30000000000000004
-0.19983220000000002,-0.1
-0.19983216,-0.30000000000000004
-0.19983212,-0.1
-0.19983208000000002,-0.30000000000000004
-0.19983204000000002,-0.1
-0.199832,-0.7000000000000001
-0.19983196,-0.1
-0.19983192000000002,-0.1
-0.19983188000000002,0.1
-0.19983184,0.30000000000000004
-0.1998318,-0.30000000000000004
-0.19983176000000002,-0.1
-0.19983172000000002,0.1
-0.19983168,-0.1
-0.19983164,-0.1
-0.1998316,0.30000000000000004
-0.19983156000000002,-0.1
-0.19983152,0.1
-0.19983148,-0.5
-0.19983144,-0.30000000000000004
-0.19983140000000002,-0.5
-0.19983136,-0.1
-0.19983132,-0.1
-0.19983128,-0.1
-0.19983124000000002,0.7000000000000001
-0.19983120000000001,0.1
-0.19983116,0.30000000000000004
-0.19983112,-0.1
-0.19983108000000002,0.1
-0.19983104000000002,-0.1
-0.199831,0.30000000000000004
-0.19983096,-0.30000000000000004
-0.19983092000000002,-0.30000000000000004
-0.19983088000000002,-0.1
-0.19983084,-0.30000000000000004
-0.1998308,0.1
-0.19983076000000002,0.1
-0.19983072000000002,-0.1
-0.19983068,0.1
-0.19983064,-0.1
-0.19983060000000002,0.30000000000000004
-0.19983056000000002,-0.1
-0.19983052,-0.1
-0.19983048,-0.1
-0.19983044,0.1
-0.19983040000000002,-0.1
-0.19983036,-0.1
-0.19983032,-0.30000000000000004
-0.19983028,-0.30000000000000004
-0.19983024000000002,0.1
-0.1998302,-0.30000000000000004
-0.19983016,-0.30000000000000004
-0.19983012,0.1
-0.19983008000000002,0.30000000000000004
-0.19983004000000001,0.1
-0.19983,-0.1
-0.19982996,-0.1
-0.19982992000000002,0.30000000000000004
-0.19982988000000002,-0.5
-0.19982984,0.1
-0.1998298,0.30000000000000004
-0.19982976000000002,-0.30000000000000004
-0.19982972000000002,-0.1
-0.19982968,-0.1
-0.19982964,-0.1
-0.19982960000000002,0.1
-0.19982956000000002,0.1
-0.19982952,0.30000000000000004
-0.19982948,0.1
-0.19982944000000002,0.1
-0.19982940000000002,0.30000000000000004
-0.19982936,0.1
-0.19982932,0.30000000000000004
-0.19982928,-0.1
-0.19982924000000002,-0.1
-0.1998292,-0.1
-0.19982916,-0.30000000000000004
-0.19982912,-0.1
-0.19982908000000002,-0.1
-0.19982904,0.1
-0.199829,-0.1
-0.19982896,-0.1
-0.19982892000000002,-0.30000000000000004
-0.19982888000000001,0.30000000000000004
-0.19982884,0.30000000000000004
-0.1998288,-0.1
-0.19982876000000002,0.1
-0.19982872000000002,0.30000000000000004
-0.19982868,-0.1
-0.19982864,-0.30000000000000004
-0.19982860000000002,0.1
-0.19982856000000002,-0.30000000000000004
-0.19982852,0.1
-0.19982848,-0.1
-0.19982844000000002,0.30000000000000004
-0.19982840000000002,0.30000000000000004
-0.19982836,-0.5
-0.19982832,0.1
-0.19982828000000002,-0.1
-0.19982824000000002,-0.1
-0.1998282,0.30000000000000004
-0.19982816,0.30000000000000004
-0.19982812,-0.30000000000000004
-0.19982808000000002,-0.1
-0.19982804,0.1
-0.199828,-0.30000000000000004
-0.19982796,-0.30000000000000004
-0.19982792000000002,0.30000000000000004
-0.19982788,-0.1
-0.19982784,0.1
-0.1998278,-0.1
-0.19982776000000002,0.30000000000000004
-0.19982772000000001,0.1
-0.19982768,-0.1
-0.19982764,0.1
-0.19982760000000002,-0.1
-0.19982756000000002,-0.1
-0.19982752,0.1
-0.19982748,-0.30000000000000004
-0.19982744000000002,-0.5
-0.19982740000000002,0.1
-0.19982736,-0.30000000000000004
-0.19982732,-0.1
-0.19982728000000002,-0.1
-0.19982724000000002,-0.1
-0.1998272,-0.1
-0.19982716,0.30000000000000004
-0.19982712000000002,0.30000000000000004
-0.19982708000000002,-0.1
-0.19982704,-0.1
-0.199827,-0.30000000000000004
-0.19982696,-0.30000000000000004
-0.19982692000000002,0.30000000000000004
-0.19982688,0.30000000000000004
-0.19982684,-0.1
-0.1998268,-0.5
-0.19982676000000002,-0.1
-0.19982672,0.30000000000000004
-0.19982668,-0.30000000000000004
-0.19982664,-0.30000000000000004
-0.19982660000000002,-0.1
-0.19982656000000001,-0.1
-0.19982652,-0.1
-0.19982648,-0.1
-0.19982644000000002,0.1
-0.19982640000000002,-0.1
-0.19982636,0.1
-0.19982632,-0.1
-0.19982628000000002,-0.1
-0.19982624000000002,0.30000000000000004
-0.1998262,0.1
-0.19982616,-0.30000000000000004
-0.19982612000000002,-0.1
-0.19982608000000002,-0.30000000000000004
-0.19982604,0.1
-0.199826,0.30000000000000004
-0.19982596000000002,0.30000000000000004
-0.19982592000000002,-0.1
-0.19982588,-0.30000000000000004
-0.19982584,-0.30000000000000004
-0.1998258,-0.1
-0.19982576000000002,-0.1
-0.19982572,-0.30000000000000004
-0.19982568,0.30000000000000004
-0.19982564,-0.30000000000000004
-0.19982560000000002,-0.30000000000000004
-0.19982556,-0.30000000000000004
-0.19982552,-0.1
-0.19982548,-0.1
-0.19982544000000002,-0.30000000000000004
-0.19982540000000001,-0.1
-0.19982536,-0.30000000000000004
-0.19982532,0.30000000000000004
-0.19982528000000002,-0.30000000000000004
-0.19982524000000002,-0.1
-0.1998252,0.30000000000000004
-0.19982516,-0.30000000000000004
-0.19982512000000002,-0.1
-0.19982508000000002,-0.5
-0.19982504,-0.1
-0.199825,-0.1
-0.19982496000000002,0.30000000000000004
-0.19982492000000002,0.30000000000000004
-0.19982488,0.1
-0.19982484,-0.1
-0.19982480000000002,-0.1
-0.19982476000000002,-0.1
-0.19982472,-0.30000000000000004
-0.19982468,0.1
-0.19982464,-0.1
-0.19982460000000002,0.1
-0.19982456,0.1
-0.19982452,0.1
-0.19982448,-0.1
-0.19982444000000002,-0.1
-0.1998244,0.1
-0.19982436,-0.1
-0.19982432,-0.1
-0.19982428000000002,0.1
-0.19982424000000001,0.1
-0.1998242,0.1
-0.19982416,-0.1
-0.19982412000000002,-0.1
-0.19982408000000002,-0.7000000000000001
-0.19982404,0.30000000000000004
-0.199824,-0.1
-0.19982396000000002,-0.1
-0.19982392000000002,-0.1
-0.19982388,0.30000000000000004
-0.19982384,-0.1
-0.19982380000000002,-0.1
-0.19982376000000002,0.30000000000000004
-0.19982372,-0.30000000000000004
-0.19982368,-0.1
-0.19982364000000002,-0.5
-0.19982360000000002,-0.1
-0.19982356,-0.1
-0.19982352,0.1
-0.19982348,-0.1
-0.19982344000000002,-0.30000000000000004
-0.1998234,-0.1
-0.19982336,-0.30000000000000004
-0.19982332,0.1
-0.19982328000000002,0.30000000000000004
-0.19982324,-0.1
-0.1998232,0.1
-0.19982316,-0.1
-0.19982312000000002,-0.1
-0.19982308000000001,-0.1
-0.19982304,-0.30000000000000004
-0.199823,-0.30000000000000004
-0.19982296000000002,-0.1
-0.19982292000000001,-0.1
-0.19982288,-0.1
-0.19982284,0.1
-0.19982280000000002,0.1
-0.19982276000000002,0.30000000000000004
-0.19982272,0.1
-0.19982268,0.30000000000000004
-0.19982264000000002,0.30000000000000004
-0.19982260000000002,-0.30000000000000004
-0.19982256,-0.5
-0.19982252,0.30000000000000004
-0.19982248000000002,-0.30000000000000004
-0.19982244000000002,-0.1
-0.1998224,-0.1
-0.19982236,-0.1
-0.19982232,-0.30000000000000004
-0.19982228000000002,0.30000000000000004
-0.19982224,-0.1
-0.1998222,-0.1
-0.19982216,-0.5
-0.19982212000000002,0.1
-0.19982208,-0.1
-0.19982204,-0.30000000000000004
-0.199822,-0.30000000000000004
-0.19982196000000002,-0.30000000000000004
-0.19982192000000001,-0.5
-0.19982188,0.1
-0.19982184,0.1
-0.19982180000000002,0.30000000000000004
-0.19982176000000001,0.1
-0.19982172,0.30000000000000004
-0.19982168,0.30000000000000004
-0.19982164000000002,0.1
-0.19982160000000002,-0.1
-0.19982156,-0.30000000000000004
-0.19982152,0.1
-0.19982148000000002,-0.1
-0.19982144000000002,0.1
-0.1998214,-0.1
-0.19982136,-0.1
-0.19982132000000002,0.30000000000000004
-0.19982128000000002,-0.30000000000000004
-0.19982124,-0.1
-0.1998212,0.1
-0.19982116,0.1
-0.19982112000000002,-0.30000000000000004
-0.19982108,-0.1
-0.19982104,-0.30000000000000004
-0.199821,-0.30000000000000004
-0.19982096000000002,-0.1
-0.19982092,0.30000000000000004
-0.19982088,0.1
-0.19982084,0.1
-0.19982080000000002,0.1
-0.19982076000000001,0.1
-0.19982072,0.30000000000000004
-0.19982068,-0.1
-0.19982064000000002,-0.30000000000000004
-0.19982060000000001,0.1
-0.19982056,-0.1
-0.19982052,0.1
-0.19982048000000002,-0.1
-0.19982044000000002,-0.30000000000000004
-0.1998204,-0.1
-0.19982036,0.1
-0.19982032000000002,-0.1
-0.19982028000000002,0.30000000000000004
-0.19982024,-0.30000000000000004
-0.1998202,-0.1
-0.19982016000000002,-0.1
-0.19982012000000002,0.30000000000000004
-0.19982008,-0.30000000000000004
-0.19982004,-0.1
-0.19982,-0.30000000000000004
-0.19981996000000002,-0.1
-0.19981992,0.30000000000000004
-0.19981988,-0.30000000000000004
-0.19981984,-0.30000000000000004
-0.19981980000000002,-0.1
-0.19981976,0.30000000000000004
-0.19981972,-0.1
-0.19981968,-0.30000000000000004
-0.19981964000000002,-0.1
-0.1998196,-0.1
-0.19981956,-0.1
-0.19981952,-0.1
-0.19981948000000002,-0.30000000000000004
-0.19981944000000001,-0.1
-0.1998194,0.1
-0.19981936,-0.1
-0.19981932000000002,0.1
-0.19981928000000002,-0.30000000000000004
-0.19981924,-0.1
-0.1998192,-0.1
-0.19981916000000002,-0.30000000000000004
-0.19981912000000002,-0.5
-0.19981908,-0.1
-0.19981904,-0.1
-0.19981900000000002,-0.1
-0.19981896000000002,-0.1
-0.19981892,0.1
-0.19981888,-0.1
-0.19981884,-0.30000000000000004
-0.19981880000000002,-0.1
-0.19981876,-0.1
-0.19981872,0.1
-0.19981868,0.30000000000000004
-0.19981864000000002,0.1
-0.1998186,-0.1
-0.19981856,-0.30000000000000004
-0.19981852,-0.1
-0.19981848000000002,-0.1
-0.19981844,-0.30000000000000004
-0.1998184,-0.1
-0.19981836,0.1
-0.19981832000000002,-0.30000000000000004
-0.19981828000000001,0.1
-0.19981824,-0.1
-0.1998182,-0.30000000000000004
-0.19981816000000002,-0.30000000000000004
-0.19981812000000002,-0.1
-0.19981808,0.1
-0.19981804,0.30000000000000004
-0.19981800000000002,-0.7000000000000001
-0.19981796000000002,-0.30000000000000004
-0.19981792,-0.30000000000000004
-0.19981788,-0.5
-0.19981784000000002,-0.1
-0.19981780000000002,-0.1
-0.19981776,-0.1
-0.19981772,-0.1
-0.19981768,-0.30000000000000004
-0.19981764000000002,0.1
-0.1998176,0.5
-0.19981756,-0.5
-0.19981752,-0.1
-0.19981748000000002,-0.1
-0.19981744,0.1
-0.1998174,0.1
-0.19981736,-0.1
-0.19981732000000002,0.30000000000000004
-0.19981728,-0.30000000000000004
-0.19981724,0.30000000000000004
-0.1998172,-0.1
-0.19981716000000002,-0.1
-0.19981712000000001,-0.30000000000000004
-0.19981708,-0.30000000000000004
-0.19981704,-0.1
-0.19981700000000002,-0.1
-0.19981696000000002,-0.1
-0.19981692,-0.1
-0.19981688,-0.30000000000000004
-0.19981684000000002,-0.1
-0.19981680000000002,-0.1
-0.19981676,0.30000000000000004
-0.19981672,0.30000000000000004
-0.19981668000000002,-0.30000000000000004
-0.19981664000000002,-0.1
-0.1998166,-0.1
-0.19981656,0.1
-0.19981652,-0.1
-0.19981648000000002,-0.1
-0.19981644,-0.5
-0.1998164,0.1
-0.19981636,0.1
-0.19981632000000002,-0.5
-0.19981628,-0.1
-0.19981624,-0.1
-0.1998162,-0.30000000000000004
-0.19981616000000002,0.1
-0.19981612,-0.5
-0.19981608,0.30000000000000004
-0.19981604,-0.1
-0.19981600000000002,-0.5
-0.19981596000000001,-0.30000000000000004
-0.19981592,-0.1
-0.19981588,-0.30000000000000004
-0.19981584000000002,-0.1
-0.19981580000000002,0.30000000000000004
-0.19981576,-0.30000000000000004
-0.19981572,-0.30000000000000004
-0.19981568000000002,-0.1
-0.19981564000000002,0.1
-0.1998156,0.30000000000000004
-0.19981556,-0.1
-0.19981552000000002,-0.1
-0.19981548000000002,0.30000000000000004
-0.19981544,0.1
-0.1998154,-0.1
-0.19981536,-0.1
-0.19981532000000002,-0.30000000000000004
-0.19981528,-0.1
-0.19981524,-0.1
-0.1998152,0.30000000000000004
-0.19981516000000002,0.1
-0.19981512,-0.1
-0.19981508,-0.30000000000000004
-0.19981504,-0.30000000000000004
-0.19981500000000002,-0.1
-0.19981496,-0.1
-0.19981492,-0.30000000000000004
-0.19981488,-0.1
-0.19981484000000002,-0.30000000000000004
-0.19981480000000001,-0.1
-0.19981476,-0.30000000000000004
-0.19981472,-0.30000000000000004
-0.19981468000000002,-0.5
-0.19981464000000002,-0.1
-0.1998146,-0.5
-0.19981456,0.1
-0.19981452000000002,-0.1
-0.19981448000000002,-0.30000000000000004
-0.19981444,-0.30000000000000004
-0.1998144,-0.30000000000000004
-0.19981436000000002,-0.1
-0.19981432000000002,-0.5
-0.19981428,-0.30000000000000004
-0.19981424,-0.1
-0.1998142,-0.1
-0.19981416000000002,-0.1
-0.19981412,-0.30000000000000004
-0.19981408,-0.1
-0.19981404,-0.5
-0.19981400000000002,-0.1
-0.19981396,-0.1
-0.19981392,-0.1
-0.19981388,0.1
-0.19981384000000002,0.1
-0.1998138,0.30000000000000004
-0.19981376,0.30000000000000004
-0.19981372,0.1
-0.19981368000000002,-0.30000000000000004
-0.19981364000000001,-0.30000000000000004
-0.1998136,-0.1
-0.19981356,-0.30000000000000004
-0.19981352000000002,-0.1
-0.19981348000000002,0.1
-0.19981344,0.30000000000000004
-0.1998134,-0.1
-0.19981336000000002,0.30000000000000004
-0.19981332000000002,-0.30000000000000004
-0.19981328,-0.30000000000000004
-0.19981324,-0.30000000000000004
-0.19981320000000002,-0.30000000000000004
-0.19981316000000002,0.30000000000000004
-0.19981312,-0.30000000000000004
-0.19981308,-0.1
-0.19981304,0.30000000000000004
-0.19981300000000002,-0.1
-0.19981296,-0.1
-0.19981292,-0.30000000000000004
-0.19981288,-0.1
-0.19981284000000002,-0.1
-0.1998128,0.30000000000000004
-0.19981276,-0.1
-0.19981272,-0.1
-0.19981268000000002,-0.30000000000000004
-0.19981264,-0.1
-0.1998126,-0.30000000000000004
-0.19981256,-0.1
-0.19981252000000002,-0.5
-0.19981248000000001,0.30000000000000004
-0.19981244,-0.1
-0.1998124,-0.30000000000000004
-0.19981236000000002,0.30000000000000004
-0.19981232000000002,-0.1
-0.19981228,-0.1
-0.19981224,-0.1
-0.19981220000000002,0.1
-0.19981216000000002,0.30000000000000004
-0.19981212,0.1
-0.19981208,-0.5
-0.19981204000000002,-0.30000000000000004
-0.19981200000000002,-0.30000000000000004
-0.19981196,-0.1
-0.19981192,-0.1
-0.19981188,-0.30000000000000004
-0.19981184000000002,-0.1
-0.1998118,-0.30000000000000004
-0.19981176,-0.1
-0.19981172,-0.1
-0.19981168000000002,-0.1
-0.19981164,-0.1
-0.1998116,-0.30000000000000004
-0.19981156,0.1
-0.19981152000000002,-0.30000000000000004
-0.19981148,-0.1
-0.19981144,0.1
-0.1998114,-0.30000000000000004
-0.19981136000000002,-0.1
-0.19981132000000001,-0.30000000000000004
-0.19981128,-0.30000000000000004
-0.19981124,-0.1
-0.19981120000000002,-0.1
-0.19981116000000002,-0.1
-0.19981112,0.30000000000000004
-0.19981108,-0.30000000000000004
-0.19981104000000002,-0.30000000000000004
-0.19981100000000002,-0.1
-0.19981096,-0.30000000000000004
-0.19981092,-0.1
-0.19981088000000002,-0.1
-0.19981084000000002,-0.1
-0.1998108,-0.30000000000000004
-0.19981076,-0.1
-0.19981072,-0.30000000000000004
-0.19981068000000002,-0.1
-0.19981064,0.1
-0.1998106,-0.1
-0.19981056,-0.30000000000000004
-0.19981052000000002,-0.1
-0.19981048,-0.30000000000000004
-0.19981044,0.1
-0.1998104,-0.30000000000000004
-0.19981036000000002,-0.1
-0.19981032,-0.1
-0.19981028,0.5
-0.19981024,-0.1
-0.19981020000000002,-0.1
-0.19981016000000001,-0.1
-0.19981012,-0.1
-0.19981008,0.30000000000000004
-0.19981004000000002,0.1
-0.19981000000000002,-0.30000000000000004
-0.19980996,-0.1
-0.19980992,-0.30000000000000004
-0.19980988000000002,-0.1
-0.19980984000000002,-0.30000000000000004
-0.1998098,-0.30000000000000004
-0.19980976,-0.1
-0.19980972000000002,0.30000000000000004
-0.19980968000000002,-0.30000000000000004
-0.19980964,-0.1
-0.1998096,0.1
-0.19980956000000002,-0.1
-0.19980952000000002,-0.1
-0.19980948,0.1
-0.19980944,-0.1
-0.1998094,-0.1
-0.19980936000000002,-0.7000000000000001
-0.19980932,0.1
-0.19980928,-0.1
-0.19980924,-0.1
-0.19980920000000002,-0.30000000000000004
-0.19980916,0.30000000000000004
-0.19980912,-0.5
-0.19980908,-0.30000000000000004
-0.19980904000000002,-0.1
-0.19980900000000001,0.1
-0.19980896,-0.1
-0.19980892,-0.30000000000000004
-0.19980888000000002,-0.1
-0.19980884000000002,0.1
-0.1998088,0.1
-0.19980876,0.30000000000000004
-0.19980872000000002,-0.1
-0.19980868000000002,-0.1
-0.19980864,-0.30000000000000004
-0.1998086,-0.30000000000000004
-0.19980856000000002,0.30000000000000004
-0.19980852000000002,-0.1
-0.19980848,0.1
-0.19980844,0.30000000000000004
-0.19980840000000002,-0.30000000000000004
-0.19980836000000002,-0.1
-0.19980832,-0.1
-0.19980828,-0.1
-0.19980824,-0.5
-0.19980820000000002,-0.1
-0.19980816,-0.1
-0.19980812,0.1
-0.19980808,-0.1
-0.19980804000000002,-0.30000000000000004
-0.199808,-0.30000000000000004
-0.19980796,-0.30000000000000004
-0.19980792,0.1
-0.19980788000000002,-0.1
-0.19980784000000001,0.30000000000000004
-0.1998078,-0.5
-0.19980776,-0.1
-0.19980772000000002,0.1
-0.19980768000000002,0.30000000000000004
-0.19980764,-0.1
-0.1998076,0.30000000000000004
-0.19980756000000002,0.1
-0.19980752000000002,-0.30000000000000004
-0.19980748,0.30000000000000004
-0.19980744,0.30000000000000004
-0.19980740000000002,-0.1
-0.19980736000000002,-0.1
-0.19980732,-0.7000000000000001
-0.19980728,-0.30000000000000004
-0.19980724000000002,0.1
-0.19980720000000002,0.1
-0.19980716,-0.30000000000000004
-0.19980712,-0.30000000000000004
-0.19980708,0.1
-0.19980704000000002,-0.30000000000000004
-0.199807,-0.30000000000000004
-0.19980696,0.1
-0.19980692,0.30000000000000004
-0.19980688000000002,0.1
-0.19980684,-0.30000000000000004
-0.1998068,-0.1
-0.19980676,-0.1
-0.19980672000000002,-0.30000000000000004
-0.19980668000000001,-0.1
-0.19980664,-0.30000000000000004
-0.1998066,-0.1
-0.19980656000000002,0.1
-0.19980652000000002,-0.5
-0.19980648,0.5
-0.19980644,-0.1
-0.19980640000000002,0.1
-0.19980636000000002,0.1
-0.19980632,-0.30000000000000004
-0.19980628,-0.1
-0.19980624000000002,-0.1
-0.19980620000000002,-0.1
-0.19980616,-0.30000000000000004
-0.19980612,0.30000000000000004
-0.19980608000000002,-0.1
-0.19980604000000002,-0.7000000000000001
-0.199806,-0.1
-0.19980596,-0.30000000000000004
-0.19980592,-0.1
-0.19980588000000002,0.1
-0.19980584,-0.1
-0.1998058,-0.1
-0.19980576,-0.30000000000000004
-0.19980572000000002,0.30000000000000004
-0.19980568,0.30000000000000004
-0.19980564,-0.30000000000000004
-0.1998056,-0.30000000000000004
-0.19980556000000002,-0.1
-0.19980552000000001,0.1
-0.19980548,0.1
-0.19980544,0.1
-0.19980540000000002,-0.30000000000000004
-0.19980536000000002,0.1
-0.19980532,-0.1
-0.19980528,0.1
-0.19980524000000002,-0.5
-0.19980520000000002,-0.30000000000000004
-0.19980516,0.30000000000000004
-0.19980512,0.1
-0.19980508000000002,-0.30000000000000004
-0.19980504000000002,0.30000000000000004
-0.199805,0.1
-0.19980496,-0.1
-0.19980492000000002,-0.1
-0.19980488000000002,-0.30000000000000004
-0.19980484,0.1
-0.1998048,-0.30000000000000004
-0.19980476,-0.1
-0.19980472000000002,0.30000000000000004
-0.19980468,0.30000000000000004
-0.19980464,-0.1
-0.1998046,-0.30000000000000004
-0.19980456000000002,-0.1
-0.19980452,0.1
-0.19980448,-0.30000000000000004
-0.19980444,-0.30000000000000004
-0.19980440000000002,0.1
-0.19980436000000001,0.1
-0.19980432,-0.1
-0.19980428,-0.30000000000000004
-0.19980424000000002,-0.30000000000000004
-0.19980420000000002,-0.30000000000000004
-0.19980416,-0.1
-0.19980412,-0.5
-0.19980408000000002,-0.5
-0.19980404000000002,0.30000000000000004
-0.199804,-0.5
-0.19980396,0.1
-0.19980392000000002,0.30000000000000004
-0.19980388000000002,-0.1
-0.19980384,-0.30000000000000004
-0.1998038,-0.30000000000000004
-0.19980376000000002,0.30000000000000004
-0.19980372000000002,-0.1
-0.19980368,-0.5
-0.19980364,-0.5
-0.1998036,-0.1
-0.19980356000000002,0.30000000000000004
-0.19980352,-0.30000000000000004
-0.19980348,-0.1
-0.19980344,-0.30000000000000004
-0.19980340000000002,-0.1
-0.19980336,-0.30000000000000004
-0.19980332,-0.1
-0.19980328,-0.1
-0.19980324000000002,0.30000000000000004
-0.19980320000000001,-0.5
-0.19980316,0.1
-0.19980312,0.30000000000000004
-0.19980308000000002,-0.1
-0.19980304000000002,-0.5
-0.199803,-0.1
-0.19980296,0.30000000000000004
-0.19980292000000002,-0.1
-0.19980288000000002,-0.1
-0.19980284,-0.30000000000000004
-0.1998028,-0.1
-0.19980276000000002,0.1
-0.19980272000000002,-0.1
-0.19980268,0.30000000000000004
-0.19980264,-0.1
-0.19980260000000002,-0.30000000000000004
-0.19980256000000002,-0.1
-0.19980252,0.30000000000000004
-0.19980248,-0.1
-0.19980244,-0.1
-0.19980240000000002,-0.1
-0.19980236,-0.1
-0.19980232,0.1
-0.19980228,-0.30000000000000004
-0.19980224000000002,0.1
-0.1998022,-0.1
-0.19980216,-0.30000000000000004
-0.19980212,-0.1
-0.19980208000000002,-0.1
-0.19980204000000001,-0.1
-0.199802,0.1
-0.19980196,-0.1
-0.19980192000000002,-0.1
-0.19980188000000002,0.1
-0.19980184,-0.30000000000000004
-0.1998018,-0.1
-0.19980176000000002,0.1
-0.19980172000000002,0.30000000000000004
-0.19980168,-0.1
-0.19980164,-0.1
-0.19980160000000002,0.1
-0.19980156000000002,0.30000000000000004
-0.19980152,-0.30000000000000004
-0.19980148,-0.1
-0.19980144000000002,-0.1
-0.19980140000000002,-0.30000000000000004
-0.19980136,-0.1
-0.19980132,-0.1
-0.19980128,-0.30000000000000004
-0.19980124000000002,-0.30000000000000004
-0.1998012,0.1
-0.19980116,-0.1
-0.19980112,0.30000000000000004
-0.19980108000000002,-0.1
-0.19980104,-0.1
-0.199801,-0.1
-0.19980096,-0.1
-0.19980092000000002,0.1
-0.19980088000000001,0.1
-0.19980084,-0.30000000000000004
-0.1998008,-0.30000000000000004
-0.19980076000000002,0.1
-0.19980072000000001,0.1
-0.19980068,-0.1
-0.19980064,-0.5
-0.19980060000000002,-0.30000000000000004
-0.19980056000000002,-0.1
-0.19980052,-0.5
-0.19980048,-0.1
-0.19980044000000002,-0.30000000000000004
-0.19980040000000002,0.30000000000000004
-0.19980036,0.30000000000000004
-0.19980032,-0.1
-0.19980028000000002,-0.30000000000000004
-0.19980024000000002,-0.1
-0.1998002,-0.1
-0.19980016,-0.30000000000000004
-0.19980012,-0.30000000000000004
-0.19980008000000002,0.1
-0.19980004,-0.30000000000000004
-0.1998,0.1
-0.19979996,0.30000000000000004
-0.19979992000000002,0.30000000000000004
-0.19979988,-0.30000000000000004
-0.19979984,-0.30000000000000004
-0.1997998,-0.30000000000000004
-0.19979976000000002,-0.30000000000000004
-0.19979972000000001,0.30000000000000004
-0.19979968,0.30000000000000004
-0.19979964,-0.1
-0.19979960000000002,0.30000000000000004
-0.19979956000000001,0.1
-0.19979952,0.30000000000000004
-0.19979948,-0.1
-0.19979944000000002,-0.1
-0.19979940000000002,-0.1
-0.19979936,-0.1
-0.19979932,-0.1
-0.19979928000000002,-0.30000000000000004
-0.19979924000000002,-0.5
-0.1997992,0.1
-0.19979916,-0.1
-0.19979912000000002,-0.30000000000000004
-0.19979908000000002,-0.5
-0.19979904,-0.30000000000000004
-0.199799,-0.1
-0.19979896,0.1
-0.19979892000000002,-0.1
-0.19979888,-0.1
-0.19979884,-0.1
-0.1997988,-0.30000000000000004
-0.19979876000000002,-0.30000000000000004
-0.19979872,-0.1
-0.19979868,0.1
-0.19979864,-0.1
-0.19979860000000002,-0.1
-0.19979856000000001,-0.1
-0.19979852,0.1
-0.19979848,-0.1
-0.19979844000000002,-0.1
-0.19979840000000001,-0.30000000000000004
-0.19979836,-0.1
-0.19979832,-0.1
-0.19979828000000002,0.1
-0.19979824000000002,-0.1
-0.1997982,-0.1
-0.19979816,0.1
-0.19979812000000002,-0.30000000000000004
-0.19979808000000002,-0.5
-0.19979804,0.1
-0.199798,-0.1
-0.19979796000000002,-0.1
-0.19979792000000002,-0.1
-0.19979788,0.1
-0.19979784,0.30000000000000004
-0.1997978,0.1
-0.19979776000000002,-0.30000000000000004
-0.19979772,0.30000000000000004
-0.19979768,0.1
-0.19979764,0.1
-0.19979760000000002,-0.1
-0.19979756,0.30000000000000004
-0.19979752,-0.1
-0.19979748,-0.1
-0.19979744000000002,0.1
-0.1997974,0.1
-0.19979736,0.30000000000000004
-0.19979732,-0.1
-0.19979728000000002,0.1
-0.19979724000000001,0.1
-0.1997972,-0.1
-0.19979716,-0.30000000000000004
-0.19979712000000002,0.1
-0.19979708000000002,-0.30000000000000004
-0.19979704,0.30000000000000004
-0.199797,-0.1
-0.19979696000000002,0.30000000000000004
-0.19979692000000002,0.30000000000000004
-0.19979688,-0.1
-0.19979684,-0.5
-0.19979680000000002,-0.30000000000000004
-0.19979676000000002,-0.30000000000000004
-0.19979672,0.5
-0.19979668,-0.1
-0.19979664,-0.30000000000000004
-0.19979660000000002,-0.1
-0.19979656,-0.1
-0.19979652,-0.1
-0.19979648,-0.5
-0.19979644000000002,0.30000000000000004
-0.1997964,-0.30000000000000004
-0.19979636,0.30000000000000004
-0.19979632,-0.5
-0.19979628000000002,-0.1
-0.19979624,0.1
-0.1997962,-0.1
-0.19979616,-0.30000000000000004
-0.19979612000000002,-0.1
-0.19979608000000001,0.30000000000000004
-0.19979604,-0.30000000000000004
-0.199796,-0.30000000000000004
-0.19979596000000002,-0.30000000000000004
-0.19979592000000002,-0.30000000000000004
-0.19979588,0.30000000000000004
-0.19979584,-0.30000000000000004
-0.19979580000000002,-0.1
-0.19979576000000002,-0.30000000000000004
-0.19979572,0.30000000000000004
-0.19979568,-0.30000000000000004
-0.19979564000000002,0.30000000000000004
-0.19979560000000002,0.30000000000000004
-0.19979556,-0.30000000000000004
-0.19979552,0.30000000000000004
-0.19979548,-0.1
-0.19979544000000002,-0.30000000000000004
-0.1997954,0.1
-0.19979536,0.30000000000000004
-0.19979532,-0.5
-0.19979528000000002,0.1
-0.19979524,0.1
-0.1997952,-0.1
-0.19979516,0.1
-0.19979512000000002,0.1
-0.19979508,-0.30000000000000004
-0.19979504,0.1
-0.199795,-0.1
-0.19979496000000002,0.1
-0.19979492000000001,-0.1
-0.19979488,-0.30000000000000004
-0.19979484,-0.30000000000000004
-0.19979480000000002,-0.30000000000000004
-0.19979476000000002,0.1
-0.19979472,-0.1
-0.19979468,0.30000000000000004
-0.19979464000000002,-0.1
-0.19979460000000002,-0.1
-0.19979456,-0.1
-0.19979452,0.30000000000000004
-0.19979448000000002,-0.1
-0.19979444000000002,-0.1
-0.1997944,-0.1
-0.19979436,0.30000000000000004
-0.19979432,-0.1
-0.19979428000000002,-0.30000000000000004
-0.19979424,-0.30000000000000004
-0.1997942,0.30000000000000004
-0.19979416,-0.1
-0.19979412000000002,-0.30000000000000004
-0.19979408,-0.1
-0.19979404,0.1
-0.199794,0.1
-0.19979396000000002,-0.1
-0.19979392,-0.30000000000000004
-0.19979388,-0.1
-0.19979384,-0.30000000000000004
-0.19979380000000002,-0.1
-0.19979376000000001,-0.1
-0.19979372,0.30000000000000004
-0.19979368,-0.1
-0.19979364000000002,-0.30000000000000004
-0.19979360000000002,-0.1
-0.19979356,-0.30000000000000004
-0.19979352,-0.1
-0.19979348000000002,-0.1
-0.19979344000000002,-0.30000000000000004
-0.1997934,0.1
-0.19979336,0.1
-0.19979332000000002,-0.1
-0.19979328000000002,-0.1
-0.19979324,-0.1
-0.1997932,-0.1
-0.19979316,-0.1
-0.19979312000000002,-0.30000000000000004
-0.19979308,-0.1
-0.19979304,-0.30000000000000004
-0.199793,-0.1
-0.19979296000000002,-0.1
-0.19979292,0.1
-0.19979288,0.1
-0.19979284,-0.30000000000000004
-0.19979280000000002,-0.1
-0.19979276,-0.1
-0.19979272,-0.1
-0.19979268,0.1
-0.19979264000000002,-0.30000000000000004
-0.19979260000000001,-0.1
-0.19979256,0.1
-0.19979252,-0.30000000000000004
-0.19979248000000002,-0.30000000000000004
-0.19979244000000002,-0.1
-0.1997924,-0.1
-0.19979236,-0.5
-0.19979232000000002,-0.1
-0.19979228000000002,0.30000000000000004
-0.19979224,-0.1
-0.1997922,-0.1
-0.19979216000000002,0.1
-0.19979212000000002,-0.30000000000000004
-0.19979208,0.30000000000000004
-0.19979204,0.30000000000000004
-0.199792,0.1
-0.19979196000000002,0.1
-0.19979192,0.30000000000000004
-0.19979188,0.30000000000000004
-0.19979184,0.1
-0.19979180000000002,0.1
-0.19979176,-0.30000000000000004
-0.19979172,-0.30000000000000004
-0.19979168,0.30000000000000004
-0.19979164000000002,0.30000000000000004
-0.1997916,-0.1
-0.19979156,0.1
-0.19979152,-0.30000000000000004
-0.19979148000000002,-0.5
-0.19979144000000001,-0.30000000000000004
-0.1997914,-0.5
-0.19979136,0.1
-0.19979132000000002,0.7000000000000001
-0.19979128000000002,-0.1
-0.19979124,-0.1
-0.1997912,-0.1
-0.19979116000000002,-0.30000000000000004
-0.19979112000000002,-0.1
-0.19979108,-0.1
-0.19979104,-0.30000000000000004
-0.19979100000000002,-0.30000000000000004
-0.19979096000000002,-0.1
-0.19979092,-0.1
-0.19979088,-0.1
-0.19979084,-0.5
-0.19979080000000002,0.30000000000000004
-0.19979076,0.30000000000000004
-0.19979072,-0.1
-0.19979068,-0.1
-0.19979064000000002,-0.1
-0.1997906,0.30000000000000004
-0.19979056,-0.30000000000000004
-0.19979052,-0.1
-0.19979048000000002,0.7000000000000001
-0.19979044,-0.1
-0.1997904,-0.1
-0.19979036,-0.1
-0.19979032000000002,-0.1
-0.19979028000000001,-0.1
-0.19979024,0.1
-0.1997902,-0.1
-0.19979016000000002,0.30000000000000004
-0.19979012000000002,-0.1
-0.19979008,0.5
-0.19979004,-0.30000000000000004
-0.19979000000000002,-0.5
-0.19978996000000002,-0.30000000000000004
-0.19978992,-0.1
-0.19978988,-0.30000000000000004
-0.19978984000000002,-0.30000000000000004
-0.19978980000000002,-0.30000000000000004
-0.19978976,-0.1
-0.19978972,-0.1
-0.19978968,0.30000000000000004
-0.19978964000000002,0.30000000000000004
-0.1997896,-0.5
-0.19978956,0.5
-0.19978952,-0.30000000000000004
-0.19978948000000002,-0.1
-0.19978944,-0.1
-0.1997894,0.1
-0.19978936,-0.1
-0.19978932000000002,-0.30000000000000004
-0.19978928,-0.1
-0.19978924,0.1
-0.1997892,-0.1
-0.19978916000000002,0.30000000000000004
-0.19978912000000001,-0.1
-0.19978908,-0.30000000000000004
-0.19978904,-0.5
-0.19978900000000002,-0.1
-0.19978896000000002,0.1
-0.19978892,0.1
-0.19978888,-0.1
-0.19978884000000002,-0.1
-0.19978880000000002,-0.5
-0.19978876,-0.1
-0.19978872,-0.1
-0.19978868000000002,-0.1
-0.19978864000000002,-0.30000000000000004
-0.1997886,-0.30000000000000004
-0.19978856,-0.1
-0.19978852000000002,-0.30000000000000004
-0.19978848000000002,-0.1
-0.19978844,-0.1
-0.1997884,-0.1
-0.19978836,0.1
-0.19978832000000002,0.30000000000000004
-0.19978828,-0.30000000000000004
-0.19978824,0.30000000000000004
-0.1997882,-0.30000000000000004
-0.19978816000000002,-0.1
-0.19978812,-0.5
-0.19978808,-0.7000000000000001
-0.19978804,-0.1
-0.19978800000000002,-0.1
-0.19978796000000001,0.30000000000000004
-0.19978792,-0.1
-0.19978788,-0.1
-0.19978784000000002,-0.5
-0.19978780000000002,-0.30000000000000004
-0.19978776,-0.1
-0.19978772,-0.1
-0.19978768000000002,-0.1
-0.19978764000000002,-0.1
-0.1997876,-0.1
-0.19978756,0.1
-0.19978752000000002,-0.5
-0.19978748000000002,-0.1
-0.19978744,-0.1
-0.1997874,0.30000000000000004
-0.19978736000000002,-0.1
-0.19978732000000002,0.1
-0.19978728,-0.30000000000000004
-0.19978724,-0.7000000000000001
-0.1997872,-0.30000000000000004
-0.19978716000000002,0.1
-0.19978712,0.30000000000000004
-0.19978708,-0.1
-0.19978704,-0.1
-0.19978700000000002,0.1
-0.19978696,-0.30000000000000004
-0.19978692,-0.30000000000000004
-0.19978688,0.1
-0.19978684000000002,-0.30000000000000004
-0.19978680000000001,0.30000000000000004
-0.19978676,-0.1
-0.19978672,0.1
-0.19978668000000002,0.30000000000000004
-0.19978664000000002,0.1
-0.1997866,-0.30000000000000004
-0.19978656,-0.30000000000000004
-0.19978652000000002,0.5
-0.19978648000000002,0.5
-0.19978644,-0.30000000000000004
-0.1997864,0.1
-0.19978636000000002,-0.1
-0.19978632000000002,-0.1
-0.19978628,-0.5
-0.19978624,-0.1
-0.19978620000000002,0.30000000000000004
-0.19978616000000002,-0.30000000000000004
-0.19978612,-0.1
-0.19978608,0.1
-0.19978604,-0.1
-0.19978600000000002,0.30000000000000004
-0.19978596,-0.5
-0.19978592,-0.1
-0.19978588,0.30000000000000004
-0.19978584000000002,-0.1
-0.1997858,-0.30000000000000004
-0.19978576,0.1
-0.19978572,-0.5
-0.19978568000000002,-0.30000000000000004
-0.19978564000000001,0.1
-0.1997856,-0.1
-0.19978556,-0.30000000000000004
-0.19978552000000002,-0.30000000000000004
-0.19978548000000002,-0.1
-0.19978544,-0.30000000000000004
-0.1997854,-0.5
-0.19978536000000002,-0.30000000000000004
-0.19978532000000002,-0.1
-0.19978528,0.30000000000000004
-0.19978524,-0.1
-0.19978520000000002,0.30000000000000004
-0.19978516000000002,-0.30000000000000004
-0.19978512,-0.1
-0.19978508,-0.1
-0.19978504000000002,-0.1
-0.19978500000000002,-0.1
-0.19978496,0.30000000000000004
-0.19978492,-0.1
-0.19978488,0.1
-0.19978484000000002,-0.30000000000000004
-0.1997848,-0.1
-0.19978476,-0.1
-0.19978472,-0.30000000000000004
-0.19978468000000002,-0.1
-0.19978464,0.30000000000000004
-0.1997846,-0.30000000000000004
-0.19978456,-0.1
-0.19978452000000002,-0.30000000000000004
-0.19978448000000001,0.30000000000000004
-0.19978444,0.1
-0.1997844,-0.1
-0.19978436000000002,0.5
-0.19978432000000002,-0.30000000000000004
-0.19978428,0.1
-0.19978424,-0.1
-0.19978420000000002,-0.1
-0.19978416000000002,0.1
-0.19978412,-0.1
-0.19978408,-0.1
-0.19978404000000002,-0.30000000000000004
-0.19978400000000002,0.1
-0.19978396,-0.30000000000000004
-0.19978392,-0.1
-0.19978388000000002,-0.30000000000000004
-0.19978384000000002,-0.1
-0.1997838,0.1
-0.19978376,-0.5
-0.19978372,0.1
-0.19978368000000002,-0.1
-0.19978364,0.30000000000000004
-0.1997836,-0.30000000000000004
-0.19978356,-0.1
-0.19978352000000002,-0.1
-0.19978348,-0.1
-0.19978344,-0.1
-0.1997834,0.30000000000000004
-0.19978336000000002,-0.1
-0.19978332000000001,0.1
-0.19978328,-0.30000000000000004
-0.19978324,-0.1
-0.19978320000000002,-0.1
-0.19978316000000002,-0.1
-0.19978312,-0.30000000000000004
-0.19978308,-0.1
-0.19978304000000002,-0.5
-0.19978300000000002,-0.5
-0.19978296,0.30000000000000004
-0.19978292,0.30000000000000004
-0.19978288000000002,-0.1
-0.19978284000000002,0.1
-0.1997828,0.30000000000000004
-0.19978276,-0.30000000000000004
-0.19978272000000002,-0.1
-0.19978268000000002,0.30000000000000004
-0.19978264,0.1
-0.1997826,-0.1
-0.19978256,-0.5
-0.19978252000000002,-0.30000000000000004
-0.19978248,0.30000000000000004
-0.19978244,-0.1
-0.1997824,-0.1
-0.19978236000000002,-0.5
-0.19978232,-0.5
-0.19978228,0.30000000000000004
-0.19978224,-0.1
-0.19978220000000002,-0.1
-0.19978216000000001,0.1
-0.19978212,-0.1
-0.19978208,-0.1
-0.19978204000000002,-0.30000000000000004
-0.19978200000000002,-0.1
-0.19978196,-0.1
-0.19978192,0.1
-0.19978188000000002,-0.1
-0.19978184000000002,-0.1
-0.1997818,-0.1
-0.19978176,-0.30000000000000004
-0.19978172000000002,-0.1
-0.19978168000000002,-0.30000000000000004
-0.19978164,-0.30000000000000004
-0.1997816,0.1
-0.19978156000000002,-0.30000000000000004
-0.19978152000000002,-0.30000000000000004
-0.19978148,-0.1
-0.19978144,-0.30000000000000004
-0.1997814,0.1
-0.19978136000000002,-0.30000000000000004
-0.19978132,-0.5
-0.19978128,0.30000000000000004
-0.19978124,-0.1
-0.19978120000000002,0.1
-0.19978116,0.30000000000000004
-0.19978112,0.7000000000000001
-0.19978108,-0.1
-0.19978104000000002,-0.1
-0.19978100000000001,0.30000000000000004
-0.19978096,-0.30000000000000004
-0.19978092,0.1
-0.19978088000000002,-0.1
-0.19978084000000002,0.1
-0.1997808,-0.1
-0.19978076,-0.1
-0.19978072000000002,-0.1
-0.19978068000000002,-0.30000000000000004
-0.19978064,-0.30000000000000004
-0.1997806,0.30000000000000004
-0.19978056000000002,-0.1
-0.19978052000000002,-0.30000000000000004
-0.19978048,-0.30000000000000004
-0.19978044,0.1
-0.19978040000000002,-0.1
-0.19978036000000002,-0.1
-0.19978032,-0.30000000000000004
-0.19978028,-0.1
-0.19978024,-0.1
-0.19978020000000002,0.30000000000000004
-0.19978016,-0.1
-0.19978012,-0.5
-0.19978008,-0.30000000000000004
-0.19978004000000002,0.1
-0.19978,-0.1
-0.19977996,0.30000000000000004
-0.19977992,-0.1
-0.19977988000000002,0.1
-0.19977984000000001,-0.30000000000000004
-0.1997798,-0.30000000000000004
-0.19977976,-0.5
-0.19977972000000002,0.1
-0.19977968000000002,-0.1
-0.19977964,-0.1
-0.1997796,-0.1
-0.19977956000000002,0.30000000000000004
-0.19977952000000002,-0.1
-0.19977948,0.1
-0.19977944,0.1
-0.19977940000000002,-0.1
-0.19977936000000002,0.5
-0.19977932,0.1
-0.19977928,0.1
-0.19977924000000002,-0.1
-0.19977920000000002,-0.1
-0.19977916,-0.30000000000000004
-0.19977912,0.30000000000000004
-0.19977908,-0.1
-0.19977904000000002,-0.1
-0.199779,-0.1
-0.19977896,0.1
-0.19977892,-0.1
-0.19977888000000002,0.30000000000000004
-0.19977884,-0.1
-0.1997788,0.1
-0.19977876,-0.30000000000000004
-0.19977872000000002,-0.1
-0.19977868000000001,-0.1
-0.19977864,-0.1
-0.1997786,-0.5
-0.19977856000000002,0.30000000000000004
-0.19977852000000001,0.1
-0.19977848,-0.1
-0.19977844,-0.1
-0.19977840000000002,-0.1
-0.19977836000000002,-0.1
-0.19977832,0.30000000000000004
-0.19977828,-0.30000000000000004
-0.19977824000000002,-0.30000000000000004
-0.19977820000000002,0.1
-0.19977816,-0.1
-0.19977812,-0.1
-0.19977808000000002,-0.1
-0.19977804000000002,0.5
-0.199778,-0.1
-0.19977796,-0.1
-0.19977792,-0.1
-0.19977788000000002,0.30000000000000004
-0.19977784,-0.1
-0.1997778,-0.1
-0.19977776,-0.1
-0.19977772000000002,-0.30000000000000004
-0.19977768,0.30000000000000004
-0.19977764,-0.1
-0.1997776,-0.1
-0.19977756000000002,-0.1
-0.19977752000000001,-0.5
-0.19977748,0.1
-0.19977744,-0.1
-0.19977740000000002,-0.1
-0.19977736000000001,-0.30000000000000004
-0.19977732,0.1
-0.19977728,0.1
-0.19977724000000002,-0.1
-0.19977720000000002,0.1
-0.19977716,-0.1
-0.19977712,-0.1
-0.19977708000000002,-0.30000000000000004
-0.19977704000000002,-0.30000000000000004
-0.199777,-0.1
-0.19977696,-0.1
-0.19977692000000002,-0.30000000000000004
-0.19977688000000002,-0.1
-0.19977684,-0.1
-0.1997768,0.1
-0.19977676,-0.5
-0.19977672000000002,-0.1
-0.19977668,0.30000000000000004
-0.19977664,-0.1
-0.1997766,-0.1
-0.19977656000000002,-0.30000000000000004
-0.19977652,0.1
-0.19977648,0.1
-0.19977644,0.1
-0.19977640000000002,-0.1
-0.19977636000000001,0.30000000000000004
-0.19977632,-0.1
-0.19977628,-0.1
-0.19977624000000002,0.30000000000000004
-0.19977620000000001,-0.30000000000000004
-0.19977616,0.30000000000000004
-0.19977612,-0.1
-0.19977608000000002,-0.1
-0.19977604000000002,0.1
-0.199776,0.30000000000000004
-0.19977596,-0.1
-0.19977592000000002,-0.1
-0.19977588000000002,0.1
-0.19977584,-0.1
-0.1997758,-0.1
-0.19977576000000002,-0.1
-0.19977572000000002,-0.1
-0.19977568,-0.30000000000000004
-0.19977564,0.1
-0.1997756,-0.30000000000000004
-0.19977556000000002,0.1
-0.19977552,-0.1
-0.19977548,-0.1
-0.19977544,0.30000000000000004
-0.19977540000000002,-0.1
-0.19977536,-0.1
-0.19977532,-0.1
-0.19977528,-0.1
-0.19977524000000002,-0.1
-0.19977520000000001,-0.30000000000000004
-0.19977516,0.1
-0.19977512,0.30000000000000004
-0.19977508000000002,-0.30000000000000004
-0.19977504000000001,-0.1
-0.199775,0.30000000000000004
-0.19977496,-0.1
-0.19977492000000002,-0.1
-0.19977488000000002,-0.1
-0.19977484,-0.1
-0.1997748,0.1
-0.19977476000000002,-0.1
-0.19977472000000002,-0.1
-0.19977468,0.30000000000000004
-0.19977464,-0.1
-0.19977460000000002,-0.5
-0.19977456000000002,-0.30000000000000004
-0.19977452,-0.5
-0.19977448,0.1
-0.19977444,0.1
-0.19977440000000002,-0.30000000000000004
-0.19977436,-0.1
-0.19977432,-0.5
-0.19977428,0.1
-0.19977424000000002,-0.1
-0.1997742,-0.1
-0.19977416,-0.5
-0.19977412,0.30000000000000004
-0.19977408000000002,0.30000000000000004
-0.19977404,0.30000000000000004
-0.199774,-0.1
-0.19977396,-0.1
-0.19977392000000002,-0.1
-0.19977388000000001,-0.30000000000000004
-0.19977384,-0.30000000000000004
-0.1997738,-0.1
-0.19977376000000002,-0.30000000000000004
-0.19977372000000002,-0.30000000000000004
-0.19977368,0.30000000000000004
-0.19977364,-0.1
-0.19977360000000002,-0.1
-0.19977356000000002,0.1
-0.19977352,-0.30000000000000004
-0.19977348,-0.30000000000000004
-0.19977344000000002,-0.5
-0.19977340000000002,0.1
-0.19977336,-0.1
-0.19977332,-0.1
-0.19977328,0.30000000000000004
-0.19977324000000002,0.1
-0.1997732,-0.1
-0.19977316,-0.1
-0.19977312,-0.1
-0.19977308000000002,-0.1
-0.19977304,-0.1
-0.199773,-0.1
-0.19977296,-0.5
-0.19977292000000002,0.1
-0.19977288,0.30000000000000004
-0.19977284,-0.30000000000000004
-0.1997728,-0.30000000000000004
-0.19977276000000002,-0.30000000000000004
-0.19977272000000001,-0.1
-0.19977268,-0.30000000000000004
-0.19977264,-0.30000000000000004
-0.19977260000000002,-0.1
-0.19977256000000002,-0.30000000000000004
-0.19977252,0.1
-0.19977248,-0.30000000000000004
-0.19977244000000002,-0.30000000000000004
-0.19977240000000002,-0.1
-0.19977236,0.30000000000000004
-0.19977232,-0.30000000000000004
-0.19977228000000002,0.30000000000000004
-0.19977224000000002,-0.30000000000000004
-0.1997722,0.1
-0.19977216,-0.1
-0.19977212,-0.30000000000000004
-0.19977208000000002,-0.30000000000000004
-0.19977204,0.30000000000000004
-0.199772,0.1
-0.19977196,0.1
-0.19977192000000002,0.1
-0.19977188,-0.1
-0.19977184,-0.30000000000000004
-0.1997718,0.30000000000000004
-0.19977176000000002,-0.30000000000000004
-0.19977172,-0.1
-0.19977168,0.30000000000000004
-0.19977164,-0.1
-0.19977160000000002,0.1
-0.19977156000000001,-0.1
-0.19977152,-0.5
-0.19977148,-0.30000000000000004
-0.19977144000000002,-0.1
-0.19977140000000002,-0.1
-0.19977136,-0.1
-0.19977132,0.30000000000000004
-0.19977128000000002,-0.30000000000000004
-0.19977124000000002,-0.5
-0.1997712,-0.5
-0.19977116,0.1
-0.19977112000000002,0.1
-0.19977108000000002,0.30000000000000004
-0.19977104,-0.1
-0.199771,-0.1
-0.19977096,-0.1
-0.19977092000000002,-0.1
-0.19977088,-0.30000000000000004
-0.19977084,-0.1
-0.1997708,-0.30000000000000004
-0.19977076000000002,-0.1
-0.19977072,0.30000000000000004
-0.19977068,0.30000000000000004
-0.19977064,-0.1
-0.19977060000000002,-0.1
-0.19977056,-0.30000000000000004
-0.19977052,-0.1
-0.19977048,0.30000000000000004
-0.19977044000000002,-0.30000000000000004
-0.19977040000000001,-0.30000000000000004
-0.19977036,-0.30000000000000004
-0.19977032,0.30000000000000004
-0.19977028000000002,-0.30000000000000004
-0.19977024000000002,0.30000000000000004
-0.1997702,-0.30000000000000004
-0.19977016,-0.30000000000000004
-0.19977012000000002,-0.1
-0.19977008000000002,-0.1
-0.19977004,-0.1
-0.19977,-0.1
-0.19976996000000002,0.1
-0.19976992000000002,-0.1
-0.19976988,-0.5
-0.19976984,-0.1
-0.1997698,-0.30000000000000004
-0.19976976000000002,0.30000000000000004
-0.19976972,-0.1
-0.19976968,-0.1
-0.19976964,0.5
-0.19976960000000002,-0.1
-0.19976956,-0.30000000000000004
-0.19976952,0.30000000000000004
-0.19976948,0.30000000000000004
-0.19976944000000002,-0.1
-0.1997694,-0.1
-0.19976936,-0.30000000000000004
-0.19976932,-0.1
-0.19976928000000002,0.30000000000000004
-0.19976924000000001,-0.1
-0.1997692,-0.5
-0.19976916,-0.30000000000000004
-0.19976912000000002,-0.30000000000000004
-0.19976908000000002,0.1
-0.19976904,-0.1
-0.199769,-0.30000000000000004
-0.19976896000000002,-0.30000000000000004
-0.19976892000000002,-0.1
-0.19976888,0.1
-0.19976884,-0.1
-0.19976880000000002,-0.1
-0.19976876000000002,-0.1
-0.19976872,-0.1
-0.19976868,0.30000000000000004
-0.19976864,-0.30000000000000004
-0.19976860000000002,-0.1
-0.19976856,0.30000000000000004
-0.19976852,-0.1
-0.19976848,0.1
-0.19976844000000002,0.1
-0.1997684,-0.30000000000000004
-0.19976836,-0.1
-0.19976832,0.30000000000000004
-0.19976828000000002,-0.1
-0.19976824,-0.1
-0.1997682,-0.30000000000000004
-0.19976816,-0.30000000000000004
-0.19976812000000002,0.30000000000000004
-0.19976808000000001,0.1
-0.19976804,-0.1
-0.199768,-0.1
-0.19976796000000002,0.30000000000000004
-0.19976792000000002,-0.1
-0.19976788,-0.1
-0.19976784,0.1
-0.19976780000000002,-0.30000000000000004
-0.19976776000000002,-0.1
-0.19976772,-0.1
-0.19976768,0.1
-0.19976764000000002,0.1
-0.19976760000000002,-0.30000000000000004
-0.19976756,-0.30000000000000004
-0.19976752,-0.1
-0.19976748,-0.1
-0.19976744000000002,0.5
-0.1997674,-0.1
-0.19976736,-0.30000000000000004
-0.19976732,0.30000000000000004
-0.19976728000000002,0.30000000000000004
-0.19976724,0.30000000000000004
-0.1997672,-0.30000000000000004
-0.19976716,-0.30000000000000004
-0.19976712000000002,-0.30000000000000004
-0.19976708,0.1
-0.19976704,-0.1
-0.199767,-0.1
-0.19976696000000002,-0.30000000000000004
-0.19976692000000001,-0.1
-0.19976688,-0.1
-0.19976684,0.1
-0.19976680000000002,-0.1
-0.19976676000000002,0.1
-0.19976672,0.1
-0.19976668,-0.1
-0.19976664000000002,-0.1
-0.19976660000000002,0.5
-0.19976656,-0.1
-0.19976652,-0.1
-0.19976648000000002,-0.1
-0.19976644000000002,0.30000000000000004
-0.1997664,-0.1
-0.19976636,0.1
-0.19976632,-0.1
-0.19976628000000002,-0.1
-0.19976624,0.1
-0.1997662,0.1
-0.19976616,-0.1
-0.19976612000000002,-0.1
-0.19976608,-0.30000000000000004
-0.19976604,-0.1
-0.199766,-0.1
-0.19976596000000002,-0.30000000000000004
-0.19976592,0.1
-0.19976588,-0.30000000000000004
-0.19976584,0.30000000000000004
-0.19976580000000002,-0.1
-0.19976576000000001,-0.30000000000000004
-0.19976572,0.1
-0.19976568,0.30000000000000004
-0.19976564000000002,-0.1
-0.19976560000000002,-0.30000000000000004
-0.19976556,-0.30000000000000004
-0.19976552,0.1
-0.19976548000000002,-0.5
-0.19976544000000002,0.30000000000000004
-0.1997654,-0.1
-0.19976536,-0.1
-0.19976532000000002,-0.1
-0.19976528000000002,0.30000000000000004
-0.19976524,-0.1
-0.1997652,0.5
-0.19976516000000002,0.30000000000000004
-0.19976512000000002,-0.1
-0.19976508,0.1
-0.19976504,-0.30000000000000004
-0.199765,-0.1
-0.19976496000000002,0.30000000000000004
-0.19976492,-0.1
-0.19976488,-0.30000000000000004
-0.19976484,-0.1
-0.19976480000000002,-0.5
-0.19976476,-0.1
-0.19976472,0.5
-0.19976468,0.1
-0.19976464000000002,-0.1
-0.19976460000000001,-0.1
-0.19976456,-0.1
-0.19976452,-0.5
-0.19976448000000002,0.1
-0.19976444000000002,0.1
-0.1997644,-0.1
-0.19976436,-0.1
-0.19976432000000002,-0.5
-0.19976428000000002,0.30000000000000004
-0.19976424,0.5
-0.1997642,-0.1
-0.19976416000000002,0.30000000000000004
-0.19976412000000002,-0.1
-0.19976408,0.1
-0.19976404,0.5
-0.19976400000000002,-0.1
-0.19976396000000002,0.5
-0.19976392,0.1
-0.19976388,0.1
-0.19976384,-0.30000000000000004
-0.19976380000000002,-0.1
-0.19976376,0.30000000000000004
-0.19976372,-0.1
-0.19976368,-0.1
-0.19976364000000002,-0.30000000000000004
-0.1997636,-0.30000000000000004
-0.19976356,-0.1
-0.19976352,0.1
-0.19976348000000002,-0.1
-0.19976344000000001,0.30000000000000004
-0.1997634,0.1
-0.19976336,0.30000000000000004
-0.19976332000000002,0.1
-0.19976328000000002,-0.7000000000000001
-0.19976324,-0.1
-0.1997632,-0.1
-0.19976316000000002,0.30000000000000004
-0.19976312000000002,-0.30000000000000004
-0.19976308,-0.1
-0.19976304,0.1
-0.19976300000000002,-0.30000000000000004
-0.19976296000000002,-0.1
-0.19976292,-0.1
-0.19976288,-0.1
-0.19976284000000002,-0.30000000000000004
-0.19976280000000002,0.1
-0.19976276,0.1
-0.19976272,-0.30000000000000004
-0.19976268,-0.1
-0.19976264000000002,-0.1
-0.1997626,0.1
-0.19976256,-0.1
-0.19976252,0.1
-0.19976248000000002,-0.1
-0.19976244,0.1
-0.1997624,-0.30000000000000004
-0.19976236,-0.5
-0.19976232000000002,-0.1
-0.19976228000000001,0.1
-0.19976224,-0.1
-0.1997622,-0.1
-0.19976216000000002,0.1
-0.19976212000000002,0.30000000000000004
-0.19976208,0.30000000000000004
-0.19976204,0.30000000000000004
-0.19976200000000002,0.1
-0.19976196000000002,0.1
-0.19976192,-0.1
-0.19976188,-0.1
-0.19976184000000002,-0.1
-0.19976180000000002,-0.30000000000000004
-0.19976176,-0.1
-0.19976172,0.30000000000000004
-0.19976168000000002,-0.30000000000000004
-0.19976164000000002,-0.30000000000000004
-0.1997616,0.1
-0.19976156,-0.1
-0.19976152,-0.30000000000000004
-0.19976148000000002,0.1
-0.19976144,-0.1
-0.1997614,-0.30000000000000004
-0.19976136,-0.1
-0.19976132000000002,-0.30000000000000004
-0.19976128,0.30000000000000004
-0.19976124,-0.1
-0.1997612,-0.30000000000000004
-0.19976116000000002,0.1
-0.19976112000000001,-0.1
-0.19976108,-0.1
-0.19976104,-0.1
-0.19976100000000002,-0.1
-0.19976096000000002,-0.1
-0.19976092,0.1
-0.19976088,0.1
-0.19976084000000002,-0.1
-0.19976080000000002,0.1
-0.19976076,0.30000000000000004
-0.19976072,-0.30000000000000004
-0.19976068000000002,0.1
-0.19976064000000002,0.30000000000000004
-0.1997606,-0.5
-0.19976056,-0.1
-0.19976052000000002,-0.1
-0.19976048000000002,-0.30000000000000004
-0.19976044,0.1
-0.1997604,-0.1
-0.19976036,0.1
-0.19976032000000002,-0.1
-0.19976028,-0.1
-0.19976024,0.1
-0.1997602,0.1
-0.19976016000000002,0.30000000000000004
-0.19976012,0.30000000000000004
-0.19976008,-0.5
-0.19976004,0.1
-0.19976000000000002,-0.1
-0.19975996000000001,-0.1
-0.19975992,0.1
-0.19975988,0.1
-0.19975984000000002,-0.1
-0.19975980000000002,0.30000000000000004
-0.19975976,-0.1
-0.19975972,-0.1
-0.19975968000000002,0.1
-0.19975964000000002,-0.1
-0.1997596,-0.1
-0.19975956,0.30000000000000004
-0.19975952000000002,-0.1
-0.19975948000000002,-0.30000000000000004
-0.19975944,-0.1
-0.1997594,-0.1
-0.19975936000000002,-0.1
-0.19975932000000002,-0.30000000000000004
-0.19975928,-0.1
-0.19975924,0.1
-0.1997592,0.5
-0.19975916000000002,-0.1
-0.19975912,-0.1
-0.19975908,0.30000000000000004
-0.19975904,-0.1
-0.19975900000000002,0.1
-0.19975896,-0.1
-0.19975892,-0.1
-0.19975888,-0.1
-0.19975884000000002,-0.1
-0.19975880000000001,0.30000000000000004
-0.19975876,0.30000000000000004
-0.19975872,0.30000000000000004
-0.19975868000000002,0.5
-0.19975864000000002,-0.1
-0.1997586,-0.30000000000000004
-0.19975856,-0.30000000000000004
-0.19975852000000002,-0.30000000000000004
-0.19975848000000002,-0.30000000000000004
-0.19975844,-0.30000000000000004
-0.1997584,-0.1
-0.19975836000000002,0.30000000000000004
-0.19975832000000002,0.1
-0.19975828,-0.30000000000000004
-0.19975824,-0.1
-0.19975820000000002,0.1
-0.19975816000000002,-0.30000000000000004
-0.19975812,0.30000000000000004
-0.19975808,0.1
-0.19975804,-0.1
-0.19975800000000002,0.1
-0.19975796,0.1
-0.19975792,-0.1
-0.19975788,0.30000000000000004
-0.19975784000000002,0.1
-0.1997578,-0.1
-0.19975776,-0.1
-0.19975772,-0.1
-0.19975768000000002,0.30000000000000004
-0.19975764000000001,0.30000000000000004
-0.1997576,-0.1
-0.19975756,-0.1
-0.19975752000000002,0.1
-0.19975748000000002,-0.30000000000000004
-0.19975744,0.1
-0.1997574,0.5
-0.19975736000000002,-0.1
-0.19975732000000002,-0.1
-0.19975728,0.1
-0.19975724,-0.30000000000000004
-0.19975720000000002,-0.30000000000000004
-0.19975716000000002,0.30000000000000004
-0.19975712,-0.1
-0.19975708,-0.30000000000000004
-0.19975704000000002,-0.1
-0.19975700000000002,-0.1
-0.19975696,0.30000000000000004
-0.19975692,0.1
-0.19975688,0.1
-0.19975684000000002,-0.1
-0.1997568,0.30000000000000004
-0.19975676,-0.30000000000000004
-0.19975672,-0.1
-0.19975668000000002,0.30000000000000004
-0.19975664,-0.1
-0.1997566,-0.1
-0.19975656,-0.1
-0.19975652000000002,-0.1
-0.19975648000000001,-0.30000000000000004
-0.19975644,-0.1
-0.1997564,0.1
-0.19975636000000002,0.1
-0.19975632000000001,0.1
-0.19975628,-0.1
-0.19975624,-0.30000000000000004
-0.19975620000000002,0.30000000000000004
-0.19975616000000002,0.1
-0.19975612,-0.30000000000000004
-0.19975608,0.30000000000000004
-0.19975604000000002,-0.1
-0.19975600000000002,0.30000000000000004
-0.19975596,0.30000000000000004
-0.19975592,0.1
-0.19975588000000002,-0.1
-0.19975584000000002,-0.1
-0.1997558,-0.1
-0.19975576,0.1
-0.19975572,0.1
-0.19975568000000002,-0.1
-0.19975564,-0.30000000000000004
-0.1997556,-0.30000000000000004
-0.19975556,-0.30000000000000004
-0.19975552000000002,-0.30000000000000004
-0.19975548,0.1
-0.19975544,-0.30000000000000004
-0.1997554,0.30000000000000004
-0.19975536000000002,0.30000000000000004
-0.19975532000000001,0.1
-0.19975528,-0.1
-0.19975524,0.1
-0.19975520000000002,0.1
-0.19975516000000001,-0.1
-0.19975512,0.1
-0.19975508,-0.1
-0.19975504000000002,0.1
-0.19975500000000002,0.30000000000000004
-0.19975496,0.30000000000000004
-0.19975492,0.30000000000000004
-0.19975488000000002,-0.1
-0.19975484000000002,-0.30000000000000004
-0.1997548,-0.1
-0.19975476,0.5
-0.19975472000000002,-0.1
-0.19975468000000002,-0.30000000000000004
-0.19975464,-0.30000000000000004
-0.1997546,-0.1
-0.19975456,-0.1
-0.19975452000000002,-0.30000000000000004
-0.19975448,-0.1
-0.19975444,-0.1
-0.1997544,0.30000000000000004
-0.19975436000000002,0.30000000000000004
-0.19975432,0.1
-0.19975428,0.30000000000000004
-0.19975424,0.30000000000000004
-0.19975420000000002,-0.30000000000000004
-0.19975416000000001,0.30000000000000004
-0.19975412,-0.1
-0.19975408,0.1
-0.19975404000000002,-0.1
-0.19975400000000001,0.1
-0.19975396,-0.30000000000000004
-0.19975392,0.1
-0.19975388000000002,-0.1
-0.19975384000000002,-0.1
-0.1997538,0.1
-0.19975376,0.1
-0.19975372000000002,-0.5
-0.19975368000000002,-0.1
-0.19975364,-0.1
-0.1997536,-0.30000000000000004
-0.19975356000000002,0.30000000000000004
-0.19975352000000002,-0.30000000000000004
-0.19975348,-0.1
-0.19975344,-0.1
-0.1997534,0.1
-0.19975336000000002,-0.5
-0.19975332,-0.1
-0.19975328,-0.1
-0.19975324,0.1
-0.19975320000000002,-0.30000000000000004
-0.19975316,-0.1
-0.19975312,0.1
-0.19975308,0.30000000000000004
-0.19975304000000002,-0.30000000000000004
-0.19975300000000001,0.1
-0.19975296,-0.30000000000000004
-0.19975292,-0.1
-0.19975288000000002,-0.1
-0.19975284000000001,0.1
-0.1997528,-0.30000000000000004
-0.19975276,0.30000000000000004
-0.19975272000000002,0.1
-0.19975268000000002,-0.1
-0.19975264,-0.1
-0.1997526,0.30000000000000004
-0.19975256000000002,0.1
-0.19975252000000002,0.1
-0.19975248,0.5
-0.19975244,-0.30000000000000004
-0.19975240000000002,-0.1
-0.19975236000000002,0.1
-0.19975232,0.30000000000000004
-0.19975228,-0.1
-0.19975224,-0.1
-0.19975220000000002,-0.30000000000000004
-0.19975216,-0.1
-0.19975212,-0.30000000000000004
-0.19975208,0.1
-0.19975204000000002,-0.1
-0.199752,-0.1
-0.19975196,-0.5
-0.19975192,-0.30000000000000004
-0.19975188000000002,-0.1
-0.19975184,-0.30000000000000004
-0.1997518,-0.5
-0.19975176,0.1
-0.19975172000000002,0.30000000000000004
-0.19975168000000001,-0.30000000000000004
-0.19975164,-0.1
-0.1997516,0.30000000000000004
-0.19975156000000002,-0.7000000000000001
-0.19975152000000002,0.1
-0.19975148,-0.30000000000000004
-0.19975144,0.1
-0.19975140000000002,-0.1
-0.19975136000000002,-0.1
-0.19975132,-0.1
-0.19975128,0.1
-0.19975124000000002,-0.1
-0.19975120000000002,-0.1
-0.19975116,0.1
-0.19975112,-0.30000000000000004
-0.19975108,-0.1
-0.19975104000000002,-0.1
-0.199751,0.30000000000000004
-0.19975096,-0.1
-0.19975092,0.30000000000000004
-0.19975088000000002,-0.30000000000000004
-0.19975084,0.1
-0.1997508,0.30000000000000004
-0.19975076,-0.1
-0.19975072000000002,-0.1
-0.19975068,0.30000000000000004
-0.19975064,-0.30000000000000004
-0.1997506,-0.30000000000000004
-0.19975056000000002,0.30000000000000004
-0.19975052000000001,0.1
-0.19975048,-0.30000000000000004
-0.19975044,0.1
-0.19975040000000002,0.30000000000000004
-0.19975036000000002,-0.1
-0.19975032,-0.1
-0.19975028,-0.5
-0.19975024000000002,-0.1
-0.19975020000000002,0.1
-0.19975016,0.1
-0.19975012,-0.1
-0.19975008000000002,0.5
-0.19975004000000002,-0.1
-0.19975,-0.1
-0.19974996,0.30000000000000004
-0.19974992,0.1
-0.19974988000000002,-0.1
-0.19974984,0.5
-0.1997498,0.1
-0.19974976,-0.30000000000000004
-0.19974972000000002,0.1
-0.19974968,-0.1
-0.19974964,0.1
-0.1997496,0.5
-0.19974956000000002,0.30000000000000004
-0.19974952,0.30000000000000004
-0.19974948,-0.1
-0.19974944,-0.1
-0.19974940000000002,-0.1
-0.19974936000000001,-0.1
-0.19974932,0.30000000000000004
-0.19974928,-0.5
-0.19974924000000002,0.1
-0.19974920000000002,-0.1
-0.19974916,-0.1
-0.19974912,0.30000000000000004
-0.19974908000000002,0.30000000000000004
-0.19974904000000002,-0.1
-0.199749,-0.1
-0.19974896,-0.1
-0.19974892000000002,-0.1
-0.19974888000000002,-0.30000000000000004
-0.19974884,0.1
-0.1997488,-0.1
-0.19974876,-0.1
-0.19974872000000002,-0.1
-0.19974868,0.1
-0.19974864,0.30000000000000004
-0.1997486,-0.1
-0.19974856000000002,-0.30000000000000004
-0.19974852,-0.30000000000000004
-0.19974848,0.30000000000000004
-0.19974844,-0.1
-0.19974840000000002,0.1
-0.19974836,0.1
-0.19974832,-0.1
-0.19974828,0.1
-0.19974824000000002,-0.30000000000000004
-0.19974820000000001,-0.30000000000000004
-0.19974816,-0.1
-0.19974812,0.30000000000000004
-0.19974808000000002,-0.1
-0.19974804000000002,-0.1
-0.199748,-0.30000000000000004
-0.19974796,-0.1
-0.19974792000000002,-0.1
-0.19974788000000002,-0.30000000000000004
-0.19974784,0.1
-0.1997478,0.1
-0.19974776000000002,-0.30000000000000004
-0.19974772000000002,-0.1
-0.19974768,0.5
-0.19974764,-0.1
-0.1997476,-0.30000000000000004
-0.19974756000000002,-0.1
-0.19974752,-0.1
-0.19974748,-0.30000000000000004
-0.19974744,0.30000000000000004
-0.19974740000000002,-0.30000000000000004
-0.19974736,-0.30000000000000004
-0.19974732,-0.1
-0.19974728,-0.30000000000000004
-0.19974724000000002,-0.1
-0.1997472,0.30000000000000004
-0.19974716,-0.1
-0.19974712,-0.1
-0.19974708000000002,-0.1
-0.19974704000000001,0.30000000000000004
-0.199747,-0.5
-0.19974696,0.1
-0.19974692000000002,-0.1
-0.19974688000000002,-0.5
-0.19974684,0.1
-0.1997468,-0.1
-0.19974676000000002,-0.30000000000000004
-0.19974672000000002,0.1
-0.19974668,-0.7000000000000001
-0.19974664,-0.1
-0.19974660000000002,0.1
-0.19974656000000002,-0.1
-0.19974652,0.1
-0.19974648,0.30000000000000004
-0.19974644,-0.1
-0.19974640000000002,-0.5
-0.19974636,0.30000000000000004
-0.19974632,-0.30000000000000004
-0.19974628,-0.1
-0.19974624000000002,0.1
-0.1997462,-0.30000000000000004
-0.19974616,-0.1
-0.19974612,-0.1
-0.19974608000000002,-0.1
-0.19974604,-0.30000000000000004
-0.199746,0.1
-0.19974596,-0.1
-0.19974592000000002,0.30000000000000004
-0.19974588000000001,-0.30000000000000004
-0.19974584,-0.1
-0.1997458,0.1
-0.19974576000000002,-0.1
-0.19974572000000002,-0.1
-0.19974568,-0.1
-0.19974564,-0.30000000000000004
-0.19974560000000002,0.1
-0.19974556000000002,0.30000000000000004
-0.19974552,0.1
-0.19974548,-0.1
-0.19974544000000002,-0.1
-0.19974540000000002,-0.30000000000000004
-0.19974536,0.30000000000000004
-0.19974532,-0.1
-0.19974528,-0.1
-0.19974524000000002,0.30000000000000004
-0.1997452,0.30000000000000004
-0.19974516,-0.1
-0.19974512,-0.1
-0.19974508000000002,-0.1
-0.19974504,0.1
-0.199745,0.30000000000000004
-0.19974496,-0.30000000000000004
-0.19974492000000002,0.5
-0.19974488,0.1
-0.19974484,-0.1
-0.1997448,-0.1
-0.19974476000000002,-0.1
-0.19974472000000001,0.1
-0.19974468,0.30000000000000004
-0.19974464,0.30000000000000004
-0.19974460000000002,0.1
-0.19974456000000002,0.30000000000000004
-0.19974452,-0.1
-0.19974448,0.30000000000000004
-0.19974444000000002,-0.1
-0.19974440000000002,-0.30000000000000004
-0.19974436,-0.5
-0.19974432,-0.1
-0.19974428000000002,-0.1
-0.19974424000000002,0.30000000000000004
-0.1997442,0.30000000000000004
-0.19974416,-0.1
-0.19974412000000002,-0.1
-0.19974408000000002,0.5
-0.19974404,-0.5
-0.199744,-0.1
-0.19974396,0.1
-0.19974392000000002,-0.1
-0.19974388,-0.1
-0.19974384,-0.1
-0.1997438,-0.1
-0.19974376000000002,-0.1
-0.19974372,-0.1
-0.19974368,-0.1
-0.19974364,-0.1
-0.19974360000000002,-0.1
-0.19974356000000001,-0.1
-0.19974352,-0.1
-0.19974348,0.1
-0.19974344000000002,0.30000000000000004
-0.19974340000000002,-0.5
-0.19974336,-0.1
-0.19974332,0.1
-0.19974328000000002,-0.30000000000000004
-0.19974324000000002,0.30000000000000004
-0.1997432,-0.1
-0.19974316,-0.30000000000000004
-0.19974312000000002,0.1
-0.19974308000000002,0.30000000000000004
-0.19974304,-0.1
-0.199743,0.7000000000000001
-0.19974296000000002,0.30000000000000004
-0.19974292000000002,-0.1
-0.19974288,-0.30000000000000004
-0.19974284,-0.1
-0.1997428,0.1
-0.19974276000000002,-0.1
-0.19974272,-0.1
-0.19974268,-0.1
-0.19974264,-0.1
-0.19974260000000002,-0.1
-0.19974256,-0.1
-0.19974252,0.30000000000000004
-0.19974248,-0.1
-0.19974244000000002,-0.1
-0.19974240000000001,-0.1
-0.19974236,0.5
-0.19974232,-0.30000000000000004
-0.19974228000000002,-0.1
-0.19974224000000002,-0.1
-0.1997422,-0.30000000000000004
-0.19974216,-0.1
-0.19974212000000002,-0.1
-0.19974208000000002,-0.1
-0.19974204,0.30000000000000004
-0.199742,0.30000000000000004
-0.19974196000000002,-0.1
-0.19974192000000002,-0.1
-0.19974188,-0.30000000000000004
-0.19974184,0.1
-0.19974180000000002,0.30000000000000004
-0.19974176000000002,-0.30000000000000004
-0.19974172,-0.1
-0.19974168,-0.1
-0.19974164,0.30000000000000004
-0.19974160000000002,-0.1
-0.19974156,-0.1
-0.19974152,-0.1
-0.19974148,-0.1
-0.19974144000000002,0.1
-0.1997414,-0.5
-0.19974136,0.1
-0.19974132,0.1
-0.19974128000000002,-0.30000000000000004
-0.19974124000000001,0.30000000000000004
-0.1997412,-0.30000000000000004
-0.19974116,-0.1
-0.19974112000000002,-0.1
-0.19974108000000002,0.30000000000000004
-0.19974104,-0.1
-0.199741,-0.1
-0.19974096000000002,-0.30000000000000004
-0.19974092000000002,-0.1
-0.19974088,0.30000000000000004
-0.19974084,0.1
-0.19974080000000002,-0.1
-0.19974076000000002,-0.30000000000000004
-0.19974072,-0.1
-0.19974068,-0.1
-0.19974064000000002,0.5
-0.19974060000000002,-0.30000000000000004
-0.19974056,-0.30000000000000004
-0.19974052,-0.1
-0.19974048,0.1
-0.19974044000000002,0.30000000000000004
-0.1997404,-0.1
-0.19974036,0.1
-0.19974032,0.1
-0.19974028000000002,-0.5
-0.19974024,0.7000000000000001
-0.1997402,-0.1
-0.19974016,-0.1
-0.19974012000000002,0.1
-0.19974008000000001,0.30000000000000004
-0.19974004,0.1
-0.19974,0.30000000000000004
-0.19973996000000002,0.1
-0.19973992000000002,-0.1
-0.19973988,0.1
-0.19973984,-0.30000000000000004
-0.19973980000000002,0.1
-0.19973976000000002,0.1
-0.19973972,-0.1
-0.19973968,-0.1
-0.19973964000000002,0.30000000000000004
-0.19973960000000002,-0.1
-0.19973956,-0.30000000000000004
-0.19973952,-0.1
-0.19973948000000002,-0.30000000000000004
-0.19973944000000002,0.1
-0.1997394,0.5
-0.19973936,-0.30000000000000004
-0.19973932,0.1
-0.19973928000000002,0.1
-0.19973924,0.1
-0.1997392,-0.30000000000000004
-0.19973916,-0.30000000000000004
-0.19973912000000002,-0.7000000000000001
-0.19973908,0.30000000000000004
-0.19973904,0.30000000000000004
-0.199739,-0.1
-0.19973896000000002,-0.1
-0.19973892000000001,-0.1
-0.19973888,0.1
-0.19973884,-0.5
-0.19973880000000002,-0.30000000000000004
-0.19973876000000002,-0.5
-0.19973872,-0.1
-0.19973868,-0.1
-0.19973864000000002,-0.30000000000000004
-0.19973860000000002,-0.5
-0.19973856,-0.30000000000000004
-0.19973852,-0.30000000000000004
-0.19973848000000002,-0.5
-0.19973844000000002,-0.1
-0.1997384,0.1
-0.19973836,0.1
-0.19973832000000002,-0.5
-0.19973828000000002,0.30000000000000004
-0.19973824,0.30000000000000004
-0.1997382,0.30000000000000004
-0.19973816,-0.30000000000000004
-0.19973812000000002,-0.30000000000000004
-0.19973808,0.30000000000000004
-0.19973804,-0.1
-0.199738,-0.1
-0.19973796000000002,0.1
-0.19973792,-0.1
-0.19973788,0.30000000000000004
-0.19973784,-0.1
-0.19973780000000002,-0.1
-0.19973776000000001,-0.1
-0.19973772,0.1
-0.19973768,-0.30000000000000004
-0.19973764000000002,0.1
-0.19973760000000002,-0.30000000000000004
-0.19973756,0.1
-0.19973752,-0.30000000000000004
-0.19973748000000002,-0.1
-0.19973744000000002,-0.1
-0.1997374,-0.1
-0.19973736,-0.1
-0.19973732000000002,-0.1
-0.19973728000000002,-0.5
-0.19973724,0.5
-0.1997372,0.30000000000000004
-0.19973716000000002,-0.1
-0.19973712000000002,-0.1
-0.19973708,-0.30000000000000004
-0.19973704,-0.1
-0.199737,-0.1
-0.19973696000000002,0.30000000000000004
-0.19973692,0.1
-0.19973688,0.1
-0.19973684,0.30000000000000004
-0.19973680000000002,-0.1
-0.19973676,-0.1
-0.19973672,-0.1
-0.19973668,-0.7000000000000001
-0.19973664000000002,-0.30000000000000004
-0.19973660000000001,-0.1
-0.19973656,-0.30000000000000004
-0.19973652,0.1
-0.19973648000000002,-0.30000000000000004
-0.19973644000000002,0.30000000000000004
-0.1997364,-0.1
-0.19973636,0.30000000000000004
-0.19973632000000002,-0.5
-0.19973628000000002,0.30000000000000004
-0.19973624,-0.1
-0.1997362,-0.30000000000000004
-0.19973616000000002,-0.30000000000000004
-0.19973612000000002,0.1
-0.19973608,-0.30000000000000004
-0.19973604,-0.1
-0.19973600000000002,-0.1
-0.19973596000000002,-0.1
-0.19973592,0.1
-0.19973588,-0.1
-0.19973584,-0.30000000000000004
-0.19973580000000002,-0.1
-0.19973576,-0.1
-0.19973572,0.1
-0.19973568,0.30000000000000004
-0.19973564000000002,-0.30000000000000004
-0.1997356,0.1
-0.19973556,0.1
-0.19973552,0.1
-0.19973548000000002,-0.1
-0.19973544000000001,-0.30000000000000004
-0.1997354,-0.1
-0.19973536,-0.1
-0.19973532000000002,-0.1
-0.19973528000000002,0.30000000000000004
-0.19973524,-0.1
-0.1997352,-0.1
-0.19973516000000002,-0.5
-0.19973512000000002,0.1
-0.19973508,-0.1
-0.19973504,-0.1
-0.19973500000000002,0.1
-0.19973496000000002,-0.1
-0.19973492,0.1
-0.19973488,-0.1
-0.19973484000000002,-0.1
-0.19973480000000002,-0.30000000000000004
-0.19973476,-0.1
-0.19973472,-0.1
-0.19973468,-0.1
-0.19973464000000002,0.30000000000000004
-0.1997346,0.1
-0.19973456,-0.1
-0.19973452,0.1
-0.19973448000000002,-0.30000000000000004
-0.19973444,-0.1
-0.1997344,-0.1
-0.19973436,-0.30000000000000004
-0.19973432000000002,-0.30000000000000004
-0.19973428000000001,-0.1
-0.19973424,0.1
-0.1997342,0.30000000000000004
-0.19973416000000002,-0.1
-0.19973412000000001,-0.1
-0.19973408,-0.5
-0.19973404,-0.30000000000000004
-0.19973400000000002,0.30000000000000004
-0.19973396000000002,0.1
-0.19973392,-0.1
-0.19973388,-0.1
-0.19973384000000002,-0.1
-0.19973380000000002,0.1
-0.19973376,0.1
-0.19973372,0.30000000000000004
-0.19973368000000002,-0.1
-0.19973364000000002,-0.30000000000000004
-0.1997336,0.1
-0.19973356,0.1
-0.19973352,-0.30000000000000004
-0.19973348000000002,-0.1
-0.19973344,-0.1
-0.1997334,0.30000000000000004
-0.19973336,-0.1
-0.19973332000000002,-0.30000000000000004
-0.19973328,-0.1
-0.19973324,-0.1
-0.1997332,-0.1
-0.19973316000000002,-0.30000000000000004
-0.19973312000000001,-0.1
-0.19973308,-0.1
-0.19973304,-0.1
-0.19973300000000002,0.30000000000000004
-0.19973296000000001,-0.30000000000000004
-0.19973292,-0.1
-0.19973288,-0.1
-0.19973284000000002,-0.5
-0.19973280000000002,-0.1
-0.19973276,0.30000000000000004
-0.19973272,-0.1
-0.19973268000000002,-0.1
-0.19973264000000002,0.1
-0.1997326,-0.30000000000000004
-0.19973256,-0.1
-0.19973252000000002,-0.1
-0.19973248000000002,-0.1
-0.19973244,-0.30000000000000004
-0.1997324,0.30000000000000004
-0.19973236,-0.1
-0.19973232000000002,-0.1
-0.19973228,-0.5
-0.19973224,0.1
-0.1997322,-0.1
-0.19973216000000002,-0.30000000000000004
-0.19973212,-0.1
-0.19973208,0.30000000000000004
-0.19973204,-0.1
-0.19973200000000002,-0.1
-0.19973196000000001,-0.1
-0.19973192,-0.1
-0.19973188,0.1
-0.19973184000000002,-0.5
-0.19973180000000001,0.30000000000000004
-0.19973176,0.1
-0.19973172,-0.1
-0.19973168000000002,-0.30000000000000004
-0.19973164000000002,0.1
-0.1997316,0.1
-0.19973156,0.30000000000000004
-0.19973152000000002,-0.1
-0.19973148000000002,0.1
-0.19973144,0.7000000000000001
-0.1997314,-0.1
-0.19973136000000002,0.1
-0.19973132000000002,-0.1
-0.19973128,0.1
-0.19973124,-0.30000000000000004
-0.1997312,-0.1
-0.19973116000000002,-0.1
-0.19973112,-0.5
-0.19973108,-0.1
-0.19973104,-0.1
-0.19973100000000002,-0.1
-0.19973096,-0.5
-0.19973092,0.1
-0.19973088,0.1
-0.19973084000000002,-0.1
-0.19973080000000001,-0.1
-0.19973076,0.30000000000000004
-0.19973072,0.1
-0.19973068000000002,-0.1
-0.19973064000000001,-0.30000000000000004
-0.1997306,0.30000000000000004
-0.19973056,-0.1
-0.19973052000000002,-0.1
-0.19973048000000002,-0.30000000000000004
-0.19973044,-0.1
-0.1997304,-0.1
-0.19973036000000002,0.1
-0.19973032000000002,-0.30000000000000004
-0.19973028,-0.1
-0.19973024,-0.1
-0.19973020000000002,-0.1
-0.19973016000000002,0.30000000000000004
-0.19973012,-0.30000000000000004
-0.19973008,-0.30000000000000004
-0.19973004,0.1
-0.19973000000000002,-0.30000000000000004
-0.19972996,0.1
-0.19972992,-0.1
-0.19972988,0.1
-0.19972984000000002,-0.30000000000000004
-0.1997298,-0.1
-0.19972976,-0.1
-0.19972972,-0.30000000000000004
-0.19972968000000002,-0.5
-0.19972964,-0.5
-0.1997296,-0.30000000000000004
-0.19972956,-0.1
-0.19972952000000002,-0.30000000000000004
-0.19972948000000001,0.1
-0.19972944,-0.1
-0.1997294,0.5
-0.19972936000000002,0.1
-0.19972932000000002,0.1
-0.19972928,0.30000000000000004
-0.19972924,-0.5
-0.19972920000000002,0.1
-0.19972916000000002,0.30000000000000004
-0.19972912,-0.1
-0.19972908,-0.30000000000000004
-0.19972904000000002,0.30000000000000004
-0.19972900000000002,-0.30000000000000004
-0.19972896,-0.1
-0.19972892,-0.1
-0.19972888,0.1
-0.19972884000000002,-0.1
-0.1997288,-0.1
-0.19972876,-0.1
-0.19972872,-0.1
-0.19972868000000002,-0.1
-0.19972864,-0.30000000000000004
-0.1997286,0.1
-0.19972856,0.30000000000000004
-0.19972852000000002,-0.30000000000000004
-0.19972848,-0.30000000000000004
-0.19972844,-0.1
-0.1997284,0.1
-0.19972836000000002,-0.30000000000000004
-0.19972832000000001,0.30000000000000004
-0.19972828,0.1
-0.19972824,0.1
-0.19972820000000002,-0.30000000000000004
-0.19972816000000002,-0.1
-0.19972812,-0.1
-0.19972808,-0.5
-0.19972804000000002,-0.30000000000000004
-0.19972800000000002,-0.5
-0.19972796,-0.30000000000000004
-0.19972792,0.30000000000000004
-0.19972788000000002,-0.1
-0.19972784000000002,0.1
-0.1997278,-0.1
-0.19972776,-0.1
-0.19972772,0.30000000000000004
-0.19972768000000002,-0.30000000000000004
-0.19972764,-0.1
-0.1997276,-0.1
-0.19972756,-0.1
-0.19972752000000002,0.1
-0.19972748,0.1
-0.19972744,0.1
-0.1997274,0.1
-0.19972736000000002,0.1
-0.19972732,-0.5
-0.19972728,0.1
-0.19972724,-0.1
-0.19972720000000002,0.30000000000000004
-0.19972716000000001,-0.30000000000000004
-0.19972712,-0.1
-0.19972708,-0.30000000000000004
-0.19972704000000002,0.1
-0.19972700000000002,0.30000000000000004
-0.19972696,-0.5
-0.19972692,-0.30000000000000004
-0.19972688000000002,-0.1
-0.19972684000000002,0.30000000000000004
-0.1997268,-0.1
-0.19972676,-0.1
-0.19972672000000002,0.30000000000000004
-0.19972668000000002,0.30000000000000004
-0.19972664,-0.1
-0.1997266,0.1
-0.19972656,-0.1
-0.19972652000000002,0.30000000000000004
-0.19972648,-0.1
-0.19972644,-0.1
-0.1997264,-0.30000000000000004
-0.19972636000000002,-0.5
-0.19972632,0.1
-0.19972628,-0.1
-0.19972624,0.1
-0.19972620000000002,-0.30000000000000004
-0.19972616,0.1
-0.19972612,-0.30000000000000004
-0.19972608,-0.30000000000000004
-0.19972604000000002,-0.1
-0.19972600000000001,-0.30000000000000004
-0.19972596,-0.1
-0.19972592,-0.1
-0.19972588000000002,0.30000000000000004
-0.19972584000000002,-0.5
-0.1997258,0.1
-0.19972576,-0.30000000000000004
-0.19972572000000002,-0.1
-0.19972568000000002,0.30000000000000004
-0.19972564,-0.5
-0.1997256,-0.1
-0.19972556000000002,0.1
-0.19972552000000002,-0.1
-0.19972548,-0.1
-0.19972544,-0.1
-0.1997254,-0.1
-0.19972536000000002,0.30000000000000004
-0.19972532,0.1
-0.19972528,0.1
-0.19972524,-0.1
-0.19972520000000002,-0.1
-0.19972516,-0.1
-0.19972512,0.30000000000000004
-0.19972508,0.1
-0.19972504000000002,-0.30000000000000004
-0.199725,-0.30000000000000004
-0.19972496,-0.1
-0.19972492,-0.30000000000000004
-0.19972488000000002,-0.5
-0.19972484000000001,-0.1
-0.1997248,0.30000000000000004
-0.19972476,-0.1
-0.19972472000000002,-0.1
-0.19972468000000002,-0.1
-0.19972464,-0.1
-0.1997246,0.1
-0.19972456000000002,-0.1
-0.19972452000000002,-0.30000000000000004
-0.19972448,0.1
-0.19972444,-0.1
-0.19972440000000002,0.1
-0.19972436000000002,-0.1
-0.19972432,-0.1
-0.19972428,-0.1
-0.19972424,0.1
-0.19972420000000002,0.1
-0.19972416,-0.5
-0.19972412,-0.1
-0.19972408,-0.30000000000000004
-0.19972404000000002,-0.30000000000000004
-0.199724,0.30000000000000004
-0.19972396,-0.1
-0.19972392,-0.1
-0.19972388000000002,-0.1
-0.19972384,0.1
-0.1997238,-0.30000000000000004
-0.19972376,0.1
-0.19972372000000002,-0.30000000000000004
-0.19972368000000001,-0.1
-0.19972364,-0.1
-0.1997236,-0.1
-0.19972356000000002,-0.1
-0.19972352000000002,-0.1
-0.19972348,-0.1
-0.19972344,-0.1
-0.19972340000000002,-0.1
-0.19972336000000002,-0.5
-0.19972332,-0.1
-0.19972328,0.30000000000000004
-0.19972324000000002,-0.30000000000000004
-0.19972320000000002,0.1
-0.19972316,-0.1
-0.19972312,0.1
-0.19972308,-0.1
-0.19972304000000002,0.1
-0.199723,-0.1
-0.19972296,-0.1
-0.19972292,0.1
-0.19972288000000002,-0.5
-0.19972284,-0.30000000000000004
-0.1997228,-0.5
-0.19972276,-0.30000000000000004
-0.19972272000000002,-0.30000000000000004
-0.19972268,-0.30000000000000004
-0.19972264,-0.1
-0.1997226,-0.30000000000000004
-0.19972256000000002,-0.1
-0.19972252000000001,-0.30000000000000004
-0.19972248,0.1
-0.19972244,0.1
-0.19972240000000002,-0.1
-0.19972236000000002,-0.5
-0.19972232,-0.30000000000000004
-0.19972228,-0.30000000000000004
-0.19972224000000002,-0.1
-0.19972220000000002,-0.1
-0.19972216,-0.1
-0.19972212,-0.5
-0.19972208000000002,-0.30000000000000004
-0.19972204000000002,-0.1
-0.199722,-0.1
-0.19972196,0.30000000000000004
-0.19972192,0.1
-0.19972188000000002,-0.1
-0.19972184,-0.30000000000000004
-0.1997218,-0.30000000000000004
-0.19972176,0.1
-0.19972172000000002,0.30000000000000004
-0.19972168,-0.30000000000000004
-0.19972164,-0.5
-0.1997216,-0.30000000000000004
-0.19972156000000002,-0.1
-0.19972152,-0.1
-0.19972148,-0.1
-0.19972144,0.1
-0.19972140000000002,-0.1
-0.19972136000000001,0.30000000000000004
-0.19972132,-0.1
-0.19972128,-0.30000000000000004
-0.19972124000000002,0.1
-0.19972120000000002,0.1
-0.19972116,-0.1
-0.19972112,-0.1
-0.19972108000000002,0.1
-0.19972104000000002,-0.1
-0.199721,-0.30000000000000004
-0.19972096,-0.30000000000000004
-0.19972092000000002,-0.1
-0.19972088000000002,-0.1
-0.19972084,-0.1
-0.1997208,-0.1
-0.19972076000000002,0.1
-0.19972072000000002,-0.1
-0.19972068,-0.1
-0.19972064,-0.30000000000000004
-0.1997206,-0.1
-0.19972056000000002,0.1
-0.19972052,-0.1
-0.19972048,0.30000000000000004
-0.19972044,-0.1
-0.19972040000000002,0.1
-0.19972036,-0.1
-0.19972032,-0.1
-0.19972028,0.1
-0.19972024000000002,0.1
-0.19972020000000001,-0.30000000000000004
-0.19972016,-0.30000000000000004
-0.19972012,-0.1
-0.19972008000000002,-0.1
-0.19972004000000002,0.30000000000000004
-0.19972,-0.5
-0.19971996,0.30000000000000004
-0.19971992000000002,-0.1
-0.19971988000000002,-0.30000000000000004
-0.19971984,0.1
-0.1997198,-0.30000000000000004
-0.19971976000000002,-0.30000000000000004
-0.19971972000000002,-0.30000000000000004
-0.19971968,-0.30000000000000004
-0.19971964,-0.30000000000000004
-0.19971960000000002,0.1
-0.19971956000000002,-0.1
-0.19971952,-0.1
-0.19971948,-0.30000000000000004
-0.19971944,0.30000000000000004
-0.19971940000000002,-0.1
-0.19971936,-0.5
-0.19971932,-0.1
-0.19971928,-0.30000000000000004
-0.19971924000000002,-0.7000000000000001
-0.1997192,0.30000000000000004
-0.19971916,0.1
-0.19971912,-0.30000000000000004
-0.19971908000000002,0.30000000000000004
-0.19971904000000001,0.1
-0.199719,-0.1
-0.19971896,-0.1
-0.19971892000000002,-0.1
-0.19971888000000002,-0.30000000000000004
-0.19971884,-0.1
-0.1997188,-0.30000000000000004
-0.19971876000000002,0.1
-0.19971872000000002,-0.1
-0.19971868,-0.1
-0.19971864,-0.30000000000000004
-0.19971860000000002,0.30000000000000004
-0.19971856000000002,0.30000000000000004
-0.19971852,-0.30000000000000004
-0.19971848,-0.1
-0.19971844000000002,0.1
-0.19971840000000002,-0.5
-0.19971836,0.30000000000000004
-0.19971832,0.30000000000000004
-0.19971828,-0.5
-0.19971824000000002,0.30000000000000004
-0.1997182,-0.1
-0.19971816,-0.30000000000000004
-0.19971812,-0.1
-0.19971808000000002,-0.30000000000000004
-0.19971804,-0.30000000000000004
-0.199718,0.1
-0.19971796,-0.1
-0.19971792000000002,-0.30000000000000004
-0.19971788000000001,-0.1
-0.19971784,-0.30000000000000004
-0.1997178,-0.1
-0.19971776000000002,-0.30000000000000004
-0.19971772000000002,-0.1
-0.19971768,-0.1
-0.19971764,-0.1
-0.19971760000000002,-0.1
-0.19971756000000002,-0.1
-0.19971752,-0.1
-0.19971748,-0.1
-0.19971744000000002,-0.1
-0.19971740000000002,-0.1
-0.19971736,-0.30000000000000004
-0.19971732,0.1
-0.19971728000000002,-0.30000000000000004
-0.19971724000000002,-0.1
-0.1997172,-0.1
-0.19971716,-0.30000000000000004
-0.19971712,-0.1
-0.19971708000000002,-0.1
-0.19971704,0.30000000000000004
-0.199717,-0.1
-0.19971696,-0.30000000000000004
-0.19971692000000002,-0.30000000000000004
-0.19971688,-0.1
-0.19971684,-0.30000000000000004
-0.1997168,-0.1
-0.19971676000000002,0.1
-0.19971672000000001,-0.30000000000000004
-0.19971668,-0.1
-0.19971664,0.30000000000000004
-0.19971660000000002,-0.1
-0.19971656000000002,0.1
-0.19971652,-0.1
-0.19971648,-0.7000000000000001
-0.19971644000000002,-0.30000000000000004
-0.19971640000000002,0.1
-0.19971636,0.5
-0.19971632,-0.1
-0.19971628000000002,-0.1
-0.19971624000000002,0.30000000000000004
-0.1997162,-0.1
-0.19971616,-0.5
-0.19971612000000002,-0.1
-0.19971608000000002,-0.1
-0.19971604,0.30000000000000004
-0.199716,-0.1
-0.19971596,-0.30000000000000004
-0.19971592000000002,0.30000000000000004
-0.19971588,-0.1
-0.19971584,-0.1
-0.1997158,-0.5
-0.19971576000000002,-0.1
-0.19971572,-0.1
-0.19971568,0.30000000000000004
-0.19971564,-0.30000000000000004
-0.19971560000000002,0.30000000000000004
-0.19971556000000001,-0.1
-0.19971552,-0.1
-0.19971548,-0.30000000000000004
-0.19971544000000002,-0.5
-0.19971540000000002,-0.30000000000000004
-0.19971536,0.30000000000000004
-0.19971532,-0.1
-0.19971528000000002,-0.1
-0.19971524000000002,0.30000000000000004
-0.1997152,0.30000000000000004
-0.19971516,0.30000000000000004
-0.19971512000000002,-0.1
-0.19971508000000002,-0.1
-0.19971504,-0.1
-0.199715,-0.5
-0.19971496000000002,-0.1
-0.19971492000000002,-0.1
-0.19971488,0.30000000000000004
-0.19971484,0.1
-0.1997148,-0.30000000000000004
-0.19971476000000002,0.30000000000000004
-0.19971472,-0.30000000000000004
-0.19971468,-0.1
-0.19971464,-0.1
-0.19971460000000002,0.30000000000000004
-0.19971456,-0.5
-0.19971452,-0.30000000000000004
-0.19971448,-0.30000000000000004
-0.19971444000000002,-0.1
-0.19971440000000001,-0.1
-0.19971436,-0.1
-0.19971432,0.30000000000000004
-0.19971428000000002,-0.1
-0.19971424000000002,0.1
-0.1997142,0.30000000000000004
-0.19971416,0.30000000000000004
-0.19971412000000002,-0.1
-0.19971408000000002,-0.1
-0.19971404,0.30000000000000004
-0.199714,0.30000000000000004
-0.19971396000000002,-0.1
-0.19971392000000002,-0.1
-0.19971388,-0.1
-0.19971384,-0.1
-0.19971380000000002,0.30000000000000004
-0.19971376000000002,-0.1
-0.19971372,-0.30000000000000004
-0.19971368,-0.30000000000000004
-0.19971364,-0.1
-0.19971360000000002,-0.1
-0.19971356,-0.1
-0.19971352,-0.30000000000000004
-0.19971348,-0.1
-0.19971344000000002,0.30000000000000004
-0.1997134,0.1
-0.19971336,-0.5
-0.19971332,-0.30000000000000004
-0.19971328000000002,-0.1
-0.19971324000000001,-0.30000000000000004
-0.1997132,-0.1
-0.19971316,-0.1
-0.19971312000000002,-0.1
-0.19971308000000002,-0.1
-0.19971304,-0.1
-0.199713,-0.5
-0.19971296000000002,-0.30000000000000004
-0.19971292000000002,-0.1
-0.19971288,-0.1
-0.19971284,-0.1
-0.19971280000000002,-0.1
-0.19971276000000002,-0.30000000000000004
-0.19971272,-0.1
-0.19971268,0.30000000000000004
-0.19971264000000002,-0.1
-0.19971260000000002,-0.1
-0.19971256,0.1
-0.19971252,0.1
-0.19971248,0.30000000000000004
-0.19971244000000002,0.30000000000000004
-0.1997124,-0.1
-0.19971236,0.30000000000000004
-0.19971232,-0.1
-0.19971228000000002,-0.30000000000000004
-0.19971224,0.1
-0.1997122,0.1
-0.19971216,-0.1
-0.19971212000000002,-0.1
-0.19971208000000001,0.1
-0.19971204,0.5
-0.199712,0.1
-0.19971196000000002,-0.30000000000000004
-0.19971192000000001,-0.30000000000000004
-0.19971188,-0.1
-0.19971184,-0.30000000000000004
-0.19971180000000002,-0.30000000000000004
-0.19971176000000002,-0.30000000000000004
-0.19971172,0.30000000000000004
-0.19971168,0.1
-0.19971164000000002,-0.1
-0.19971160000000002,-0.1
-0.19971156,-0.30000000000000004
-0.19971152,0.30000000000000004
-0.19971148000000002,-0.1
-0.19971144000000002,-0.1
-0.1997114,0.30000000000000004
-0.19971136,-0.1
-0.19971132,0.1
-0.19971128000000002,0.30000000000000004
-0.19971124,-0.1
-0.1997112,-0.1
-0.19971116,0.30000000000000004
-0.19971112000000002,-0.1
-0.19971108,-0.7000000000000001
-0.19971104,-0.30000000000000004
-0.199711,0.1
-0.19971096000000002,-0.1
-0.19971092000000001,-0.5
-0.19971088,0.30000000000000004
-0.19971084,-0.7000000000000001
-0.19971080000000002,0.1
-0.19971076000000001,-0.1
-0.19971072,0.30000000000000004
-0.19971068,-0.30000000000000004
-0.19971064000000002,0.30000000000000004
-0.19971060000000002,-0.1
-0.19971056,0.30000000000000004
-0.19971052,-0.1
-0.19971048000000002,-0.1
-0.19971044000000002,-0.1
-0.1997104,-0.1
-0.19971036,-0.30000000000000004
-0.19971032000000002,-0.30000000000000004
-0.19971028000000002,-0.1
-0.19971024,-0.1
-0.1997102,-0.1
-0.19971016,-0.1
-0.19971012000000002,0.1
-0.19971008,-0.1
-0.19971004,0.30000000000000004
-0.19971,-0.30000000000000004
-0.19970996000000002,-0.1
-0.19970992,-0.5
-0.19970988,0.30000000000000004
-0.19970984,0.1
-0.19970980000000002,-0.1
-0.19970976000000001,0.30000000000000004
-0.19970972,-0.1
-0.19970968,0.30000000000000004
-0.19970964000000002,0.30000000000000004
-0.19970960000000001,0.1
-0.19970956,0.30000000000000004
-0.19970952,0.30000000000000004
-0.19970948000000002,0.1
-0.19970944000000002,-0.1
-0.1997094,-0.30000000000000004
-0.19970936,0.1
-0.19970932000000002,0.30000000000000004
-0.19970928000000002,-0.30000000000000004
-0.19970924,0.5
-0.1997092,0.30000000000000004
-0.19970916000000002,0.30000000000000004
-0.19970912000000002,-0.30000000000000004
-0.19970908,0.30000000000000004
-0.19970904,0.1
-0.199709,0.30000000000000004
-0.19970896000000002,-0.30000000000000004
-0.19970892,-0.1
-0.19970888,-0.1
-0.19970884,-0.1
-0.19970880000000002,-0.30000000000000004
-0.19970876,-0.5
-0.19970872,0.1
-0.19970868,-0.5
-0.19970864000000002,-0.30000000000000004
-0.19970860000000001,-0.1
-0.19970856,0.30000000000000004
-0.19970852,0.1
-0.19970848000000002,-0.1
-0.19970844000000001,0.1
-0.1997084,-0.1
-0.19970836,-0.30000000000000004
-0.19970832000000002,0.1
-0.19970828000000002,0.30000000000000004
-0.19970824,-0.30000000000000004
-0.1997082,-0.1
-0.19970816000000002,-0.1
-0.19970812000000002,0.30000000000000004
-0.19970808,-0.5
-0.19970804,-0.1
-0.19970800000000002,-0.5
-0.19970796000000002,-0.5
-0.19970792,0.30000000000000004
-0.19970788,0.1
-0.19970784,-0.1
-0.19970780000000002,-0.1
-0.19970776,-0.30000000000000004
-0.19970772,0.1
-0.19970768,-0.1
-0.19970764000000002,-0.1
-0.1997076,-0.1
-0.19970756,0.1
-0.19970752,0.1
-0.19970748000000002,-0.1
-0.19970744,0.1
-0.1997074,0.30000000000000004
-0.19970736,0.1
-0.19970732000000002,0.30000000000000004
-0.19970728000000001,-0.1
-0.19970724,-0.30000000000000004
-0.1997072,-0.1
-0.19970716000000002,-0.1
-0.19970712000000002,-0.30000000000000004
-0.19970708,-0.30000000000000004
-0.19970704,0.30000000000000004
-0.19970700000000002,-0.1
-0.19970696000000002,-0.1
-0.19970692,0.30000000000000004
-0.19970688,-0.1
-0.19970684000000002,-0.1
-0.19970680000000002,-0.1
-0.19970676,-0.1
-0.19970672,0.1
-0.19970668,0.30000000000000004
-0.19970664000000002,0.30000000000000004
-0.1997066,-0.5
-0.19970656,-0.30000000000000004
-0.19970652,-0.30000000000000004
-0.19970648000000002,-0.1
-0.19970644,-0.1
-0.1997064,-0.30000000000000004
-0.19970636,-0.1
-0.19970632000000002,-0.30000000000000004
-0.19970628,-0.30000000000000004
-0.19970624,0.1
-0.1997062,-0.1
-0.19970616000000002,-0.1
-0.19970612000000001,0.1
-0.19970608,-0.30000000000000004
-0.19970604,0.30000000000000004
-0.19970600000000002,-0.5
-0.19970596000000002,-0.1
-0.19970592,-0.1
-0.19970588,-0.1
-0.19970584000000002,0.30000000000000004
-0.19970580000000002,0.1
-0.19970576,-0.1
-0.19970572,-0.5
-0.19970568000000002,-0.1
-0.19970564000000002,-0.30000000000000004
-0.1997056,0.5
-0.19970556,0.30000000000000004
-0.19970552,0.30000000000000004
-0.19970548000000002,0.30000000000000004
-0.19970544,-0.30000000000000004
-0.1997054,-0.5
-0.19970536,-0.1
-0.19970532000000002,-0.1
-0.19970528,-0.30000000000000004
-0.19970524,-0.1
-0.1997052,-0.1
-0.19970516000000002,-0.1
-0.19970512,0.30000000000000004
-0.19970508,-0.5
-0.19970504,-0.1
-0.19970500000000002,-0.1
-0.19970496000000001,-0.30000000000000004
-0.19970492,0.30000000000000004
-0.19970488,-0.1
-0.19970484000000002,-0.30000000000000004
-0.19970480000000002,-0.1
-0.19970476,0.1
-0.19970472,-0.30000000000000004
-0.19970468000000002,0.1
-0.19970464000000002,-0.30000000000000004
-0.1997046,-0.1
-0.19970456,0.30000000000000004
-0.19970452000000002,-0.30000000000000004
-0.19970448000000002,-0.30000000000000004
-0.19970444,-0.1
-0.1997044,0.1
-0.19970436,0.1
-0.19970432000000002,-0.1
-0.19970428,-0.1
-0.19970424,-0.30000000000000004
-0.1997042,-0.1
-0.19970416000000002,-0.1
-0.19970412,-0.1
-0.19970408,-0.1
-0.19970404,-0.1
-0.19970400000000002,-0.1
-0.19970396,-0.5
-0.19970392,-0.30000000000000004
-0.19970388,-0.1
-0.19970384000000002,0.30000000000000004
-0.19970380000000001,0.1
-0.19970376,0.30000000000000004
-0.19970372,0.30000000000000004
-0.19970368000000002,0.30000000000000004
-0.19970364000000002,0.30000000000000004
-0.1997036,-0.1
-0.19970356,-0.1
-0.19970352000000002,-0.1
-0.19970348000000002,-0.1
-0.19970344,0.1
-0.1997034,-0.1
-0.19970336000000002,0.30000000000000004
-0.19970332000000002,0.1
-0.19970328,-0.30000000000000004
-0.19970324,-0.1
-0.1997032,-0.30000000000000004
-0.19970316000000002,-0.1
-0.19970312,-0.1
-0.19970308,-0.30000000000000004
-0.19970304,-0.1
-0.19970300000000002,-0.1
-0.19970296,0.30000000000000004
-0.19970292,-0.30000000000000004
-0.19970288,0.30000000000000004
-0.19970284000000002,-0.1
-0.1997028,0.1
-0.19970276,-0.1
-0.19970272,-0.30000000000000004
-0.19970268000000002,-0.1
-0.19970264000000001,-0.1
-0.1997026,0.30000000000000004
-0.19970256,-0.1
-0.19970252000000002,-0.5
-0.19970248000000002,0.1
-0.19970244,-0.1
-0.1997024,-0.1
-0.19970236000000002,-0.1
-0.19970232000000002,-0.30000000000000004
-0.19970228,-0.30000000000000004
-0.19970224,0.30000000000000004
-0.19970220000000002,-0.1
-0.19970216000000002,-0.30000000000000004
-0.19970212,-0.30000000000000004
-0.19970208,-0.30000000000000004
-0.19970204,-0.5
-0.19970200000000002,-0.30000000000000004
-0.19970196,-0.1
-0.19970192,-0.1
-0.19970188,-0.1
-0.19970184000000002,0.30000000000000004
-0.1997018,0.30000000000000004
-0.19970176,-0.1
-0.19970172,-0.30000000000000004
-0.19970168000000002,-0.30000000000000004
-0.19970164,-0.30000000000000004
-0.1997016,-0.1
-0.19970156,-0.1
-0.19970152000000002,-0.1
-0.19970148000000001,-0.1
-0.19970144,-0.1
-0.1997014,0.1
-0.19970136000000002,-0.30000000000000004
-0.19970132000000002,0.1
-0.19970128,0.1
-0.19970124,-0.1
-0.19970120000000002,0.30000000000000004
-0.19970116000000002,-0.5
-0.19970112,0.1
-0.19970108,0.1
-0.19970104000000002,-0.1
-0.19970100000000002,-0.30000000000000004
-0.19970096,-0.30000000000000004
-0.19970092,-0.30000000000000004
-0.19970088,0.30000000000000004
-0.19970084000000002,-0.1
-0.1997008,-0.1
-0.19970076,0.1
-0.19970072,-0.1
-0.19970068000000002,-0.30000000000000004
-0.19970064,-0.1
-0.1997006,0.7000000000000001
-0.19970056,-0.1
-0.19970052000000002,-0.1
-0.19970048,-0.30000000000000004
-0.19970044,-0.1
-0.1997004,-0.1
-0.19970036000000002,0.30000000000000004
-0.19970032000000001,-0.5
-0.19970028,-0.1
-0.19970024,0.1
-0.19970020000000002,-0.1
-0.19970016000000002,-0.1
-0.19970012,-0.1
-0.19970008,-0.1
-0.19970004000000002,-0.1
-0.19970000000000002,-0.1
-0.19969996,-0.1
-0.19969992,-0.1
-0.19969988000000002,-0.5
-0.19969984000000002,0.7000000000000001
-0.1996998,-0.5
-0.19969976,-0.1
-0.19969972000000002,-0.1
-0.19969968000000002,-0.1
-0.19969964,0.1
-0.1996996,-0.1
-0.19969956,-0.1
-0.19969952000000002,0.1
-0.19969948,0.30000000000000004
-0.19969944,-0.9
-0.1996994,-0.30000000000000004
-0.19969936000000002,0.30000000000000004
-0.19969932,0.30000000000000004
-0.19969928,-0.1
-0.19969924,0.1
-0.19969920000000002,-0.1
-0.19969916000000001,-0.30000000000000004
-0.19969912,-0.1
-0.19969908,-0.1
-0.19969904000000002,0.1
-0.19969900000000002,0.30000000000000004
-0.19969896,-0.1
-0.19969892,0.1
-0.19969888000000002,0.1
-0.19969884000000002,-0.30000000000000004
-0.1996988,-0.30000000000000004
-0.19969876,-0.1
-0.19969872000000002,0.1
-0.19969868000000002,-0.30000000000000004
-0.19969864,-0.1
-0.1996986,0.30000000000000004
-0.19969856000000002,-0.1
-0.19969852000000002,-0.1
-0.19969848,-0.1
-0.19969844,-0.1
-0.1996984,-0.1
-0.19969836000000002,-0.30000000000000004
-0.19969832,0.1
-0.19969828,-0.30000000000000004
-0.19969824,-0.1
-0.19969820000000002,-0.30000000000000004
-0.19969816,-0.1
-0.19969812,0.1
-0.19969808,0.1
-0.19969804000000002,0.1
-0.19969800000000001,-0.1
-0.19969796,-0.5
-0.19969792,-0.30000000000000004
-0.19969788000000002,0.1
-0.19969784000000002,0.30000000000000004
-0.1996978,-0.1
-0.19969776,0.30000000000000004
-0.19969772000000002,-0.30000000000000004
-0.19969768000000002,-0.1
-0.19969764,0.1
-0.1996976,0.1
-0.19969756000000002,0.1
-0.19969752000000002,0.30000000000000004
-0.19969748,-0.1
-0.19969744,0.1
-0.19969740000000002,-0.5
-0.19969736000000002,-0.1
-0.19969732,-0.1
-0.19969728,-0.30000000000000004
-0.19969724,0.1
-0.19969720000000002,-0.5
-0.19969716,-0.1
-0.19969712,-0.30000000000000004
-0.19969708,0.1
-0.19969704000000002,0.5
-0.199697,-0.1
-0.19969696,0.1
-0.19969692,-0.30000000000000004
-0.19969688000000002,-0.30000000000000004
-0.19969684000000001,0.1
-0.1996968,0.1
-0.19969676,-0.1
-0.19969672000000002,-0.1
-0.19969668000000002,-0.1
-0.19969664,-0.1
-0.1996966,-0.30000000000000004
-0.19969656000000002,-0.1
-0.19969652000000002,-0.1
-0.19969648,-0.30000000000000004
-0.19969644,0.30000000000000004
-0.19969640000000002,0.30000000000000004
-0.19969636000000002,-0.1
-0.19969632,0.1
-0.19969628,-0.30000000000000004
-0.19969624000000002,-0.1
-0.19969620000000002,-0.1
-0.19969616,-0.30000000000000004
-0.19969612,-0.1
-0.19969608,-0.30000000000000004
-0.19969604000000002,-0.1
-0.199696,0.30000000000000004
-0.19969596,-0.1
-0.19969592,-0.30000000000000004
-0.19969588000000002,-0.1
-0.19969584,-0.1
-0.1996958,0.30000000000000004
-0.19969576,0.30000000000000004
-0.19969572000000002,-0.1
-0.19969568000000001,-0.1
-0.19969564,-0.1
-0.1996956,-0.1
-0.19969556000000002,-0.1
-0.19969552000000002,-0.1
-0.19969548,-0.1
-0.19969544,-0.1
-0.19969540000000002,-0.1
-0.19969536000000002,0.1
-0.19969532,0.30000000000000004
-0.19969528,-0.30000000000000004
-0.19969524000000002,-0.1
-0.19969520000000002,-0.1
-0.19969516,-0.1
-0.19969512,-0.30000000000000004
-0.19969508000000002,-0.1
-0.19969504000000002,0.1
-0.199695,0.1
-0.19969496,-0.1
-0.19969492,-0.30000000000000004
-0.19969488000000002,-0.1
-0.19969484,0.30000000000000004
-0.1996948,0.30000000000000004
-0.19969476,0.1
-0.19969472000000002,-0.1
-0.19969468,-0.1
-0.19969464,-0.30000000000000004
-0.1996946,-0.30000000000000004
-0.19969456000000002,-0.1
-0.19969452000000001,-0.5
-0.19969448,-0.1
-0.19969444,-0.1
-0.19969440000000002,-0.5
-0.19969436000000002,-0.5
-0.19969432,-0.1
-0.19969428,0.1
-0.19969424000000002,0.5
-0.19969420000000002,0.1
-0.19969416,-0.1
-0.19969412,-0.1
-0.19969408000000002,0.30000000000000004
-0.19969404000000002,-0.1
-0.199694,-0.1
-0.19969396,-0.5
-0.19969392000000002,0.30000000000000004
-0.19969388000000002,0.1
-0.19969384,-0.1
-0.1996938,0.1
-0.19969376,-0.1
-0.19969372000000002,-0.5
-0.19969368,0.1
-0.19969364,0.30000000000000004
-0.1996936,-0.1
-0.19969356000000002,-0.5
-0.19969352,0.30000000000000004
-0.19969348,-0.1
-0.19969344,-0.1
-0.19969340000000002,-0.5
-0.19969336000000001,0.1
-0.19969332,-0.1
-0.19969328,-0.5
-0.19969324000000002,-0.1
-0.19969320000000002,-0.1
-0.19969316,-0.1
-0.19969312,-0.30000000000000004
-0.19969308000000002,-0.1
-0.19969304000000002,0.1
-0.199693,-0.1
-0.19969296,-0.1
-0.19969292000000002,-0.1
-0.19969288000000002,-0.1
-0.19969284,-0.1
-0.1996928,-0.30000000000000004
-0.19969276000000002,-0.1
-0.19969272000000002,-0.1
-0.19969268,-0.30000000000000004
-0.19969264,0.30000000000000004
-0.1996926,-0.1
-0.19969256000000002,-0.30000000000000004
-0.19969252,-0.1
-0.19969248,-0.30000000000000004
-0.19969244,0.30000000000000004
-0.19969240000000002,-0.30000000000000004
-0.19969236,-0.1
-0.19969232,0.30000000000000004
-0.19969228,0.1
-0.19969224000000002,-0.1
-0.19969220000000001,-0.1
-0.19969216,0.30000000000000004
-0.19969212,-0.1
-0.19969208000000002,0.1
-0.19969204000000002,0.1
-0.199692,-0.1
-0.19969196,-0.1
-0.19969192000000002,-0.1
-0.19969188000000002,-0.1
-0.19969184,-0.1
-0.1996918,-0.1
-0.19969176000000002,-0.5
-0.19969172000000002,0.1
-0.19969168,-0.1
-0.19969164,-0.1
-0.19969160000000002,0.30000000000000004
-0.19969156000000002,-0.30000000000000004
-0.19969152,-0.1
-0.19969148,0.1
-0.19969144,-0.1
-0.19969140000000002,-0.30000000000000004
-0.19969136,0.5
-0.19969132,-0.30000000000000004
-0.19969128,0.1
-0.19969124000000002,-0.1
-0.1996912,-0.30000000000000004
-0.19969116,-0.1
-0.19969112,-0.1
-0.19969108000000002,-0.30000000000000004
-0.19969104000000001,-0.1
-0.199691,-0.7000000000000001
-0.19969096,0.5
-0.19969092000000002,-0.30000000000000004
-0.19969088000000002,0.30000000000000004
-0.19969084,-0.5
-0.1996908,-0.1
-0.19969076000000002,-0.1
-0.19969072000000002,0.1
-0.19969068,0.30000000000000004
-0.19969064,0.30000000000000004
-0.19969060000000002,0.30000000000000004
-0.19969056000000002,-0.1
-0.19969052,0.1
-0.19969048,-0.1
-0.19969044000000002,-0.1
-0.19969040000000002,-0.1
-0.19969036,-0.1
-0.19969032,-0.1
-0.19969028,-0.5
-0.19969024000000002,-0.1
-0.1996902,0.1
-0.19969016,-0.1
-0.19969012,0.30000000000000004
-0.19969008000000002,-0.1
-0.19969004,0.30000000000000004
-0.19969,-0.1
-0.19968996,-0.30000000000000004
-0.19968992000000002,-0.30000000000000004
-0.19968988000000001,0.30000000000000004
-0.19968984,-0.1
-0.1996898,0.1
-0.19968976000000002,-0.1
-0.19968972000000001,-0.1
-0.19968968,-0.1
-0.19968964,-0.1
-0.19968960000000002,-0.30000000000000004
-0.19968956000000002,-0.1
-0.19968952,0.1
-0.19968948,0.1
-0.19968944000000002,-0.1
-0.19968940000000002,0.30000000000000004
-0.19968936,-0.1
-0.19968932,-0.30000000000000004
-0.19968928000000002,-0.1
-0.19968924000000002,-0.30000000000000004
-0.1996892,-0.7000000000000001
-0.19968916,0.1
-0.19968912,0.30000000000000004
-0.19968908000000002,-0.5
-0.19968904,-0.7000000000000001
-0.199689,-0.1
-0.19968896,-0.30000000000000004
-0.19968892000000002,0.1
-0.19968888,-0.1
-0.19968884,-0.1
-0.1996888,0.30000000000000004
-0.19968876000000002,0.30000000000000004
-0.19968872000000001,-0.1
-0.19968868,0.30000000000000004
-0.19968864,-0.30000000000000004
-0.19968860000000002,-0.1
-0.19968856000000001,-0.1
-0.19968852,0.5
-0.19968848,0.30000000000000004
-0.19968844000000002,0.30000000000000004
-0.19968840000000002,0.1
-0.19968836,-0.30000000000000004
-0.19968832,-0.30000000000000004
-0.19968828000000002,0.1
-0.19968824000000002,0.1
-0.1996882,0.1
-0.19968816,-0.30000000000000004
-0.19968812000000002,-0.5
-0.19968808000000002,-0.1
-0.19968804,-0.30000000000000004
-0.199688,-0.30000000000000004
-0.19968796,0.1
-0.19968792000000002,0.30000000000000004
-0.19968788,-0.5
-0.19968784,0.30000000000000004
-0.1996878,-0.30000000000000004
-0.19968776000000002,-0.1
-0.19968772,-0.30000000000000004
-0.19968768,-0.1
-0.19968764,0.30000000000000004
-0.19968760000000002,-0.1
-0.19968756000000001,-0.1
-0.19968752,-0.30000000000000004
-0.19968748,-0.30000000000000004
-0.19968744000000002,-0.1
-0.19968740000000001,-0.30000000000000004
-0.19968736,-0.5
-0.19968732,-0.30000000000000004
-0.19968728000000002,-0.1
-0.19968724000000002,0.5
-0.1996872,-0.1
-0.19968716,-0.1
-0.19968712000000002,-0.1
-0.19968708000000002,-0.1
-0.19968704,-0.1
-0.199687,-0.5
-0.19968696000000002,-0.1
-0.19968692000000002,-0.5
-0.19968688,-0.1
-0.19968684,0.1
-0.1996868,-0.7000000000000001
-0.19968676000000002,-0.30000000000000004
-0.19968672,-0.1
-0.19968668,-0.1
-0.19968664,-0.1
-0.19968660000000002,-0.30000000000000004
-0.19968656,-0.30000000000000004
-0.19968652,-0.1
-0.19968648,-0.1
-0.19968644000000002,-0.7000000000000001
-0.19968640000000001,0.1
-0.19968636,-0.1
-0.19968632,-0.1
-0.19968628000000002,-0.1
-0.19968624000000001,-0.30000000000000004
-0.1996862,-0.1
-0.19968616,0.30000000000000004
-0.19968612000000002,-0.1
-0.19968608000000002,-0.5
-0.19968604,0.30000000000000004
-0.199686,0.30000000000000004
-0.19968596000000002,-0.1
-0.19968592000000002,-0.1
-0.19968588,-0.1
-0.19968584,-0.30000000000000004
-0.19968580000000002,0.30000000000000004
-0.19968576000000002,0.30000000000000004
-0.19968572,0.30000000000000004
-0.19968568,-0.1
-0.19968564,-0.1
-0.19968560000000002,-0.1
-0.19968556,-0.1
-0.19968552,-0.1
-0.19968548,0.1
-0.19968544000000002,-0.1
-0.1996854,-0.30000000000000004
-0.19968536,-0.30000000000000004
-0.19968532,0.1
-0.19968528000000002,-0.1
-0.19968524,-0.1
-0.1996852,0.30000000000000004
-0.19968516,-0.30000000000000004
-0.19968512000000002,0.1
-0.19968508000000001,-0.30000000000000004
-0.19968504,0.5
-0.199685,-0.1
-0.19968496000000002,0.30000000000000004
-0.19968492000000002,-0.30000000000000004
-0.19968488,-0.1
-0.19968484,0.30000000000000004
-0.19968480000000002,0.30000000000000004
-0.19968476000000002,0.1
-0.19968472,-0.1
-0.19968468,0.1
-0.19968464000000002,-0.1
-0.19968460000000002,-0.5
-0.19968456,-0.1
-0.19968452,-0.1
-0.19968448,-0.30000000000000004
-0.19968444000000002,0.1
-0.1996844,-0.30000000000000004
-0.19968436,-0.1
-0.19968432,-0.30000000000000004
-0.19968428000000002,0.30000000000000004
-0.19968424,-0.1
-0.1996842,-0.1
-0.19968416,-0.5
-0.19968412000000002,-0.1
-0.19968408,0.1
-0.19968404,-0.5
-0.199684,-0.1
-0.19968396000000002,0.30000000000000004
-0.19968392000000001,-0.30000000000000004
-0.19968388,-0.1
-0.19968384,-0.30000000000000004
-0.19968380000000002,-0.1
-0.19968376000000002,0.30000000000000004
-0.19968372,-0.30000000000000004
-0.19968368,-0.30000000000000004
-0.19968364000000002,-0.30000000000000004
-0.19968360000000002,0.30000000000000004
-0.19968356,-0.5
-0.19968352,0.30000000000000004
-0.19968348000000002,0.5
-0.19968344000000002,-0.1
-0.1996834,-0.1
-0.19968336,-0.1
-0.19968332,-0.1
-0.19968328000000002,0.1
-0.19968324,-0.1
-0.1996832,-0.1
-0.19968316,0.30000000000000004
-0.19968312000000002,-0.1
-0.19968308,-0.1
-0.19968304,-0.30000000000000004
-0.199683,0.1
-0.19968296000000002,-0.1
-0.19968292,0.30000000000000004
-0.19968288,0.30000000000000004
-0.19968284,-0.30000000000000004
-0.19968280000000002,0.30000000000000004
-0.19968276000000001,-0.30000000000000004
-0.19968272,-0.30000000000000004
-0.19968268,-0.5
-0.19968264000000002,0.30000000000000004
-0.19968260000000002,-0.1
-0.19968256,-0.1
-0.19968252,0.1
-0.19968248000000002,0.30000000000000004
-0.19968244000000002,0.1
-0.1996824,-0.30000000000000004
-0.19968236,-0.1
-0.19968232000000002,-0.1
-0.19968228000000002,-0.1
-0.19968224,-0.30000000000000004
-0.1996822,-0.1
-0.19968216,-0.1
-0.19968212000000002,-0.1
-0.19968208,0.1
-0.19968204,0.1
-0.199682,-0.30000000000000004
-0.19968196000000002,0.30000000000000004
-0.19968192,-0.5
-0.19968188,-0.1
-0.19968184,-0.1
-0.19968180000000002,0.1
-0.19968176,0.1
-0.19968172,0.30000000000000004
-0.19968168,0.30000000000000004
-0.19968164000000002,-0.1
-0.19968160000000001,-0.1
-0.19968156,-0.30000000000000004
-0.19968152,-0.1
-0.19968148000000002,0.30000000000000004
-0.19968144000000002,-0.30000000000000004
-0.1996814,0.1
-0.19968136,-0.1
-0.19968132000000002,-0.1
-0.19968128000000002,0.30000000000000004
-0.19968124,-0.30000000000000004
-0.1996812,-0.30000000000000004
-0.19968116000000002,-0.5
-0.19968112000000002,-0.1
-0.19968108,-0.1
-0.19968104,-0.30000000000000004
-0.199681,-0.30000000000000004
-0.19968096000000002,-0.30000000000000004
-0.19968092,-0.1
-0.19968088,-0.1
-0.19968084,-0.30000000000000004
-0.19968080000000002,-0.1
-0.19968076,-0.1
-0.19968072,-0.1
-0.19968068,-0.30000000000000004
-0.19968064000000002,-0.30000000000000004
-0.1996806,0.1
-0.19968056,0.1
-0.19968052,-0.1
-0.19968048000000002,0.1
-0.19968044000000001,0.30000000000000004
-0.1996804,-0.1
-0.19968036,-0.1
-0.19968032000000002,0.1
-0.19968028000000002,-0.30000000000000004
-0.19968024,0.1
-0.1996802,0.1
-0.19968016000000002,-0.1
-0.19968012000000002,-0.1
-0.19968008,0.1
-0.19968004,-0.1
-0.19968000000000002,-0.5
-0.19967996000000002,-0.1
-0.19967992,-0.1
-0.19967988,-0.1
-0.19967984,-0.1
-0.19967980000000002,0.30000000000000004
-0.19967976,0.1
-0.19967972,-0.30000000000000004
-0.19967968,-0.30000000000000004
-0.19967964000000002,-0.1
-0.1996796,0.30000000000000004
-0.19967956,0.30000000000000004
-0.19967952,-0.30000000000000004
-0.19967948000000002,-0.30000000000000004
-0.19967944,-0.30000000000000004
-0.1996794,-0.1
-0.19967936,-0.5
-0.19967932000000002,0.1
-0.19967928000000001,-0.1
-0.19967924,-0.1
-0.1996792,-0.1
-0.19967916000000002,-0.1
-0.19967912000000002,-0.30000000000000004
-0.19967908,0.1
-0.19967904,0.30000000000000004
-0.19967900000000002,-0.1
-0.19967896000000002,-0.1
-0.19967892,0.1
-0.19967888,-0.30000000000000004
-0.19967884000000002,0.5
-0.19967880000000002,-0.1
-0.19967876,-0.30000000000000004
-0.19967872,-0.1
-0.19967868,0.1
-0.19967864000000002,-0.1
-0.1996786,-0.1
-0.19967856,-0.1
-0.19967852,0.1
-0.19967848000000002,0.1
-0.19967844,-0.1
-0.1996784,0.30000000000000004
-0.19967836,-0.1
-0.19967832000000002,-0.1
-0.19967828,-0.30000000000000004
-0.19967824,-0.30000000000000004
-0.1996782,0.1
-0.19967816000000002,-0.30000000000000004
-0.19967812000000001,-0.1
-0.19967808,-0.1
-0.19967804,0.1
-0.19967800000000002,0.1
-0.19967796000000002,-0.30000000000000004
-0.19967792,-0.5
-0.19967788,0.30000000000000004
-0.19967784000000002,0.30000000000000004
-0.19967780000000002,0.30000000000000004
-0.19967776,0.30000000000000004
-0.19967772,-0.1
-0.19967768000000002,-0.30000000000000004
-0.19967764000000002,0.30000000000000004
-0.1996776,-0.5
-0.19967756,-0.5
-0.19967752,0.30000000000000004
-0.19967748000000002,-0.1
-0.19967744,0.5
-0.1996774,-0.30000000000000004
-0.19967736,-0.30000000000000004
-0.19967732000000002,-0.30000000000000004
-0.19967728,0.1
-0.19967724,-0.1
-0.1996772,-0.30000000000000004
-0.19967716000000002,0.1
-0.19967712,-0.1
-0.19967708,-0.30000000000000004
-0.19967704,0.30000000000000004
-0.19967700000000002,-0.30000000000000004
-0.19967696000000001,-0.30000000000000004
-0.19967692,-0.30000000000000004
-0.19967688,-0.1
-0.19967684000000002,-0.30000000000000004
-0.19967680000000002,-0.1
-0.19967676,-0.1
-0.19967672,0.1
-0.19967668000000002,-0.1
-0.19967664000000002,-0.30000000000000004
-0.1996766,0.1
-0.19967656,0.1
-0.19967652000000002,-0.30000000000000004
-0.19967648000000002,0.1
-0.19967644,-0.30000000000000004
-0.1996764,-0.30000000000000004
-0.19967636000000002,-0.30000000000000004
-0.19967632000000002,-0.30000000000000004
-0.19967628,0.30000000000000004
-0.19967624,-0.1
-0.1996762,0.1
-0.19967616000000002,-0.1
-0.19967612,-0.30000000000000004
-0.19967608,-0.1
-0.19967604,0.30000000000000004
-0.19967600000000002,-0.1
-0.19967596,0.5
-0.19967592,-0.1
-0.19967588,-0.30000000000000004
-0.19967584000000002,-0.1
-0.19967580000000001,-0.30000000000000004
-0.19967576,-0.30000000000000004
-0.19967572,0.30000000000000004
-0.19967568000000002,-0.1
-0.19967564000000002,-0.30000000000000004
-0.1996756,-0.1
-0.19967556,-0.30000000000000004
-0.19967552000000002,-0.1
-0.19967548000000002,-0.1
-0.19967544,0.30000000000000004
-0.1996754,-0.1
-0.19967536000000002,-0.1
-0.19967532000000002,0.1
-0.19967528,-0.1
-0.19967524,0.1
-0.19967520000000002,-0.30000000000000004
-0.19967516000000002,-0.1
-0.19967512,-0.30000000000000004
-0.19967508,-0.1
-0.19967504,-0.30000000000000004
-0.19967500000000002,-0.1
-0.19967496,0.1
-0.19967492,0.30000000000000004
-0.19967488,-0.30000000000000004
-0.19967484000000002,-0.1
-0.1996748,0.30000000000000004
-0.19967476,-0.1
-0.19967472,-0.30000000000000004
-0.19967468000000002,-0.30000000000000004
-0.19967464000000001,-0.30000000000000004
-0.1996746,0.1
-0.19967456,-0.1
-0.19967452000000002,-0.1
-0.19967448000000002,-0.1
-0.19967444,-0.1
-0.1996744,-0.5
-0.19967436000000002,-0.1
-0.19967432000000002,-0.1
-0.19967428,-0.30000000000000004
-0.19967424,-0.30000000000000004
-0.19967420000000002,0.1
-0.19967416000000002,-0.1
-0.19967412,-0.1
-0.19967408,0.1
-0.19967404000000002,-0.1
-0.19967400000000002,0.30000000000000004
-0.19967396,-0.1
-0.19967392,-0.30000000000000004
-0.19967388,-0.1
-0.19967384000000002,-0.1
-0.1996738,-0.1
-0.19967376,0.1
-0.19967372,-0.1
-0.19967368000000002,-0.1
-0.19967364,-0.1
-0.1996736,-0.30000000000000004
-0.19967356,-0.1
-0.19967352000000002,-0.1
-0.19967348000000001,-0.1
-0.19967344,-0.1
-0.1996734,-0.1
-0.19967336000000002,-0.1
-0.19967332000000002,-0.1
-0.19967328,-0.1
-0.19967324,-0.1
-0.19967320000000002,0.1
-0.19967316000000002,-0.30000000000000004
-0.19967312,-0.30000000000000004
-0.19967308,-0.5
-0.19967304000000002,-0.30000000000000004
-0.19967300000000002,-0.30000000000000004
-0.19967296,0.1
-0.19967292,-0.1
-0.19967288000000002,-0.5
-0.19967284000000002,0.1
-0.1996728,0.30000000000000004
-0.19967276,-0.30000000000000004
-0.19967272,-0.1
-0.19967268000000002,0.30000000000000004
-0.19967264,0.30000000000000004
-0.1996726,0.1
-0.19967256,-0.1
-0.19967252000000002,-0.1
-0.19967248,-0.1
-0.19967244,-0.1
-0.1996724,0.1
-0.19967236000000002,-0.1
-0.19967232000000001,-0.1
-0.19967228,-0.30000000000000004
-0.19967224,-0.30000000000000004
-0.19967220000000002,0.1
-0.19967216000000002,-0.30000000000000004
-0.19967212,-0.1
-0.19967208,-0.1
-0.19967204000000002,-0.1
-0.19967200000000002,-0.1
-0.19967196,-0.5
-0.19967192,-0.30000000000000004
-0.19967188000000002,0.30000000000000004
-0.19967184000000002,-0.30000000000000004
-0.1996718,-0.1
-0.19967176,0.30000000000000004
-0.19967172000000002,0.1
-0.19967168000000002,-0.5
-0.19967164,0.30000000000000004
-0.1996716,-0.1
-0.19967156,-0.30000000000000004
-0.19967152000000002,-0.5
-0.19967148,0.1
-0.19967144,0.1
-0.1996714,0.1
-0.19967136000000002,-0.1
-0.19967132,-0.1
-0.19967128,-0.30000000000000004
-0.19967124,-0.30000000000000004
-0.19967120000000002,-0.1
-0.19967116000000001,-0.1
-0.19967112,-0.1
-0.19967108,0.1
-0.19967104000000002,0.30000000000000004
-0.19967100000000002,-0.30000000000000004
-0.19967096,-0.5
-0.19967092,-0.1
-0.19967088000000002,-0.30000000000000004
-0.19967084000000002,-0.1
-0.1996708,-0.1
-0.19967076,-0.1
-0.19967072000000002,-0.30000000000000004
-0.19967068000000002,-0.1
-0.19967064,-0.1
-0.1996706,-0.1
-0.19967056000000002,-0.1
-0.19967052000000002,0.30000000000000004
-0.19967048,-0.30000000000000004
-0.19967044,0.1
-0.1996704,-0.30000000000000004
-0.19967036000000002,0.1
-0.19967032,-0.1
-0.19967028,-0.1
-0.19967024,0.1
-0.19967020000000002,-0.30000000000000004
-0.19967016,0.1
-0.19967012,0.30000000000000004
-0.19967008,0.1
-0.19967004000000002,-0.1
-0.19967000000000001,-0.30000000000000004
-0.19966996,-0.1
-0.19966992,-0.1
-0.19966988000000002,-0.1
-0.19966984000000002,-0.1
-0.1996698,0.30000000000000004
-0.19966976,-0.30000000000000004
-0.19966972000000002,-0.1
-0.19966968000000002,-0.5
-0.19966964,-0.1
-0.1996696,-0.1
-0.19966956000000002,-0.1
-0.19966952000000002,-0.1
-0.19966948,-0.1
-0.19966944,-0.1
-0.19966940000000002,-0.1
-0.19966936000000002,0.5
-0.19966932,-0.30000000000000004
-0.19966928,0.1
-0.19966924,0.30000000000000004
-0.19966920000000002,-0.30000000000000004
-0.19966916,-0.1
-0.19966912,-0.30000000000000004
-0.19966908,-0.30000000000000004
-0.19966904000000002,-0.30000000000000004
-0.199669,0.1
-0.19966896,0.1
-0.19966892,-0.1
-0.19966888000000002,-0.1
-0.19966884000000001,-0.1
-0.1996688,0.1
-0.19966876,0.30000000000000004
-0.19966872000000002,0.1
-0.19966868000000002,0.1
-0.19966864,-0.30000000000000004
-0.1996686,0.1
-0.19966856000000002,-0.30000000000000004
-0.19966852000000002,-0.1
-0.19966848,-0.1
-0.19966844,-0.1
-0.19966840000000002,-0.1
-0.19966836000000002,-0.1
-0.19966832,-0.1
-0.19966828,-0.1
-0.19966824000000002,-0.30000000000000004
-0.19966820000000002,-0.1
-0.19966816,0.1
-0.19966812,-0.1
-0.19966808,-0.30000000000000004
-0.19966804000000002,-0.1
-0.199668,-0.30000000000000004
-0.19966796,0.1
-0.19966792,-0.1
-0.19966788000000002,-0.1
-0.19966784,0.1
-0.1996678,-0.5
-0.19966776,-0.1
-0.19966772000000002,-0.30000000000000004
-0.19966768000000001,0.1
-0.19966764,-0.1
-0.1996676,-0.1
-0.19966756000000002,-0.1
-0.19966752000000001,-0.1
-0.19966748,0.1
-0.19966744,0.1
-0.19966740000000002,-0.5
-0.19966736000000002,-0.30000000000000004
-0.19966732,-0.1
-0.19966728,0.1
-0.19966724000000002,0.30000000000000004
-0.19966720000000002,0.30000000000000004
-0.19966716,-0.1
-0.19966712,-0.1
-0.19966708000000002,-0.1
-0.19966704000000002,-0.1
-0.199667,-0.1
-0.19966696,-0.1
-0.19966692,0.30000000000000004
-0.19966688000000002,0.1
-0.19966684,-0.1
-0.1996668,-0.30000000000000004
-0.19966676,-0.1
-0.19966672000000002,-0.30000000000000004
-0.19966668,-0.30000000000000004
-0.19966664,-0.1
-0.1996666,0.1
-0.19966656000000002,-0.1
-0.19966652000000001,0.1
-0.19966648,-0.1
-0.19966644,0.1
-0.19966640000000002,0.30000000000000004
-0.19966636000000001,-0.1
-0.19966632,-0.1
-0.19966628,-0.1
-0.19966624000000002,-0.1
-0.19966620000000002,-0.5
-0.19966616,0.30000000000000004
-0.19966612,-0.30000000000000004
-0.19966608000000002,-0.30000000000000004
-0.19966604000000002,-0.1
-0.199666,0.5
-0.19966596,-0.1
-0.19966592000000002,0.1
-0.19966588000000002,0.1
-0.19966584,-0.1
-0.1996658,-0.30000000000000004
-0.19966576,-0.30000000000000004
-0.19966572000000002,-0.30000000000000004
-0.19966568,-0.30000000000000004
-0.19966564,-0.1
-0.1996656,-0.30000000000000004
-0.19966556000000002,-0.1
-0.19966552,0.1
-0.19966548,-0.1
-0.19966544,0.1
-0.19966540000000002,0.1
-0.19966536000000001,-0.1
-0.19966532,-0.1
-0.19966528,-0.30000000000000004
-0.19966524000000002,-0.30000000000000004
-0.19966520000000001,-0.1
-0.19966516,0.1
-0.19966512,-0.1
-0.19966508000000002,-0.30000000000000004
-0.19966504000000002,-0.1
-0.199665,0.1
-0.19966496,-0.30000000000000004
-0.19966492000000002,0.1
-0.19966488000000002,-0.1
-0.19966484,-0.1
-0.1996648,0.30000000000000004
-0.19966476000000002,-0.1
-0.19966472000000002,-0.30000000000000004
-0.19966468,-0.1
-0.19966464,-0.1
-0.1996646,-0.1
-0.19966456000000002,0.1
-0.19966452,-0.1
-0.19966448,-0.30000000000000004
-0.19966444,-0.30000000000000004
-0.19966440000000002,-0.30000000000000004
-0.19966436,-0.30000000000000004
-0.19966432,-0.1
-0.19966428,-0.1
-0.19966424000000002,-0.1
-0.19966420000000001,0.30000000000000004
-0.19966416,-0.30000000000000004
-0.19966412,-0.1
-0.19966408000000002,0.1
-0.19966404000000001,-0.1
-0.199664,-0.30000000000000004
-0.19966396,-0.5
-0.19966392000000002,0.30000000000000004
-0.19966388000000002,-0.1
-0.19966384,-0.30000000000000004
-0.1996638,0.1
-0.19966376000000002,-0.1
-0.19966372000000002,-0.30000000000000004
-0.19966368,-0.1
-0.19966364,0.1
-0.19966360000000002,0.30000000000000004
-0.19966356000000002,0.30000000000000004
-0.19966352,-0.1
-0.19966348,-0.30000000000000004
-0.19966344,-0.1
-0.19966340000000002,-0.1
-0.19966336,0.30000000000000004
-0.19966332,-0.30000000000000004
-0.19966328,0.1
-0.19966324000000002,0.1
-0.1996632,0.1
-0.19966316,-0.1
-0.19966312,-0.1
-0.19966308000000002,-0.1
-0.19966304,-0.1
-0.199663,-0.1
-0.19966296,-0.30000000000000004
-0.19966292000000002,-0.5
-0.19966288000000001,-0.30000000000000004
-0.19966284,-0.30000000000000004
-0.1996628,-0.30000000000000004
-0.19966276000000002,0.1
-0.19966272000000002,-0.1
-0.19966268,-0.1
-0.19966264,0.5
-0.19966260000000002,-0.1
-0.19966256000000002,-0.1
-0.19966252,-0.1
-0.19966248,0.30000000000000004
-0.19966244000000002,-0.30000000000000004
-0.19966240000000002,-0.30000000000000004
-0.19966236,-0.1
-0.19966232,-0.1
-0.19966228,-0.1
-0.19966224000000002,0.1
-0.1996622,0.1
-0.19966216,-0.1
-0.19966212,0.1
-0.19966208000000002,0.1
-0.19966204,0.5
-0.199662,-0.1
-0.19966196,-0.1
-0.19966192000000002,-0.1
-0.19966188,-0.1
-0.19966184,-0.1
-0.1996618,-0.1
-0.19966176000000002,0.1
-0.19966172000000001,-0.1
-0.19966168,0.30000000000000004
-0.19966164,0.1
-0.19966160000000002,0.30000000000000004
-0.19966156000000002,-0.1
-0.19966152,-0.1
-0.19966148,-0.30000000000000004
-0.19966144000000002,-0.1
-0.19966140000000002,-0.30000000000000004
-0.19966136,-0.30000000000000004
-0.19966132,-0.1
-0.19966128000000002,0.1
-0.19966124000000002,-0.1
-0.1996612,0.1
-0.19966116,-0.1
-0.19966112,-0.30000000000000004
-0.19966108000000002,0.30000000000000004
-0.19966104,0.30000000000000004
-0.199661,-0.5
-0.19966096,-0.1
-0.19966092000000002,0.1
-0.19966088,-0.30000000000000004
-0.19966084,-0.30000000000000004
-0.1996608,-0.1
-0.19966076000000002,0.1
-0.19966072,0.30000000000000004
-0.19966068,-0.30000000000000004
-0.19966064,0.1
-0.19966060000000002,-0.1
-0.19966056000000001,-0.30000000000000004
-0.19966052,0.1
-0.19966048,-0.1
-0.19966044000000002,-0.5
-0.19966040000000002,-0.1
-0.19966036,-0.1
-0.19966032,-0.1
-0.19966028000000002,0.1
-0.19966024000000002,-0.30000000000000004
-0.1996602,-0.30000000000000004
-0.19966016,-0.1
-0.19966012000000002,-0.1
-0.19966008000000002,-0.30000000000000004
-0.19966004,-0.1
-0.19966,-0.1
-0.19965996,0.30000000000000004
-0.19965992000000002,0.1
-0.19965988,-0.1
-0.19965984,-0.7000000000000001
-0.1996598,-0.1
-0.19965976000000002,-0.30000000000000004
-0.19965972,-0.30000000000000004
-0.19965968,-0.1
-0.19965964,-0.30000000000000004
-0.19965960000000002,-0.1
-0.19965956,-0.1
-0.19965952,0.30000000000000004
-0.19965948,0.1
-0.19965944000000002,0.1
-0.19965940000000001,-0.1
-0.19965936,0.30000000000000004
-0.19965932,-0.30000000000000004
-0.19965928000000002,-0.30000000000000004
-0.19965924000000002,0.1
-0.1996592,-0.1
-0.19965916,-0.1
-0.19965912000000002,-0.1
-0.19965908000000002,0.1
-0.19965904,-0.1
-0.199659,-0.1
-0.19965896000000002,-0.1
-0.19965892000000002,-0.30000000000000004
-0.19965888,-0.1
-0.19965884,0.1
-0.1996588,0.1
-0.19965876000000002,-0.7000000000000001
-0.19965872,0.1
-0.19965868,0.30000000000000004
-0.19965864,-0.30000000000000004
-0.19965860000000002,0.1
-0.19965856,-0.1
-0.19965852,-0.30000000000000004
-0.19965848,-0.30000000000000004
-0.19965844000000002,-0.1
-0.1996584,-0.5
-0.19965836,-0.30000000000000004
-0.19965832,-0.30000000000000004
-0.19965828000000002,-0.5
-0.19965824000000001,0.1
-0.1996582,-0.1
-0.19965816,-0.1
-0.19965812000000002,-0.1
-0.19965808000000002,-0.1
-0.19965804,-0.1
-0.199658,-0.1
-0.19965796000000002,-0.30000000000000004
-0.19965792000000002,0.1
-0.19965788,0.1
-0.19965784,-0.1
-0.19965780000000002,0.1
-0.19965776000000002,-0.30000000000000004
-0.19965772,-0.30000000000000004
-0.19965768,-0.1
-0.19965764,-0.30000000000000004
-0.19965760000000002,0.30000000000000004
-0.19965756,-0.1
-0.19965752,0.30000000000000004
-0.19965748,-0.30000000000000004
-0.19965744000000002,-0.30000000000000004
-0.1996574,-0.1
-0.19965736,-0.1
-0.19965732,-0.1
-0.19965728000000002,-0.30000000000000004
-0.19965724,-0.5
-0.1996572,-0.30000000000000004
-0.19965716,0.1
-0.19965712000000002,-0.1
-0.19965708000000001,-0.30000000000000004
-0.19965704,-0.5
-0.199657,-0.5
-0.19965696000000002,-0.30000000000000004
-0.19965692000000002,-0.30000000000000004
-0.19965688,-0.30000000000000004
-0.19965684,0.30000000000000004
-0.19965680000000002,0.1
-0.19965676000000002,-0.5
-0.19965672,0.1
-0.19965668,-0.30000000000000004
-0.19965664000000002,-0.1
-0.19965660000000002,-0.1
-0.19965656,-0.1
-0.19965652,0.1
-0.19965648,-0.1
-0.19965644000000002,0.1
-0.1996564,0.1
-0.19965636,0.1
-0.19965632,0.1
-0.19965628000000002,0.30000000000000004
-0.19965624,0.1
-0.1996562,-0.30000000000000004
-0.19965616,0.1
-0.19965612000000002,-0.1
-0.19965608,-0.1
-0.19965604,0.30000000000000004
-0.199656,-0.1
-0.19965596000000002,0.1
-0.19965592000000001,-0.5
-0.19965588,0.1
-0.19965584,-0.30000000000000004
-0.19965580000000002,0.1
-0.19965576000000002,-0.1
-0.19965572,-0.30000000000000004
-0.19965568,-0.1
-0.19965564000000002,-0.30000000000000004
-0.19965560000000002,0.1
-0.19965556,-0.5
-0.19965552,-0.7000000000000001
-0.19965548000000002,-0.30000000000000004
-0.19965544000000002,-0.5
-0.1996554,0.1
-0.19965536,0.1
-0.19965532000000002,0.1
-0.19965528000000002,0.1
-0.19965524,-0.1
-0.1996552,0.1
-0.19965516,-0.30000000000000004
-0.19965512000000002,0.5
-0.19965508,-0.30000000000000004
-0.19965504,-0.30000000000000004
-0.199655,-0.1
-0.19965496000000002,-0.1
-0.19965492,-0.1
-0.19965488,-0.5
-0.19965484,0.1
-0.19965480000000002,-0.1
-0.19965476000000001,-0.1
-0.19965472,-0.1
-0.19965468,0.1
-0.19965464000000002,-0.1
-0.19965460000000002,0.30000000000000004
-0.19965456,-0.1
-0.19965452,-0.1
-0.19965448000000002,-0.1
-0.19965444000000002,0.1
-0.1996544,-0.1
-0.19965436,-0.1
-0.19965432000000002,-0.1
-0.19965428000000002,-0.30000000000000004
-0.19965424,-0.1
-0.1996542,-0.30000000000000004
-0.19965416000000002,0.30000000000000004
-0.19965412000000002,-0.30000000000000004
-0.19965408,-0.1
-0.19965404,-0.1
-0.199654,-0.1
-0.19965396000000002,-0.30000000000000004
-0.19965392,-0.1
-0.19965388,-0.30000000000000004
-0.19965384,0.1
-0.19965380000000002,-0.30000000000000004
-0.19965376,0.1
-0.19965372,-0.1
-0.19965368,-0.1
-0.19965364000000002,0.30000000000000004
-0.19965360000000001,-0.1
-0.19965356,-0.1
-0.19965352,-0.1
-0.19965348000000002,0.30000000000000004
-0.19965344000000002,-0.5
-0.1996534,0.1
-0.19965336,-0.1
-0.19965332000000002,0.30000000000000004
-0.19965328000000002,0.30000000000000004
-0.19965324,-0.30000000000000004
-0.1996532,0.1
-0.19965316000000002,0.1
-0.19965312000000002,0.1
-0.19965308,-0.1
-0.19965304,0.30000000000000004
-0.19965300000000002,0.1
-0.19965296000000002,-0.5
-0.19965292,-0.30000000000000004
-0.19965288,0.5
-0.19965284,-0.30000000000000004
-0.19965280000000002,-0.1
-0.19965276,0.30000000000000004
-0.19965272,-0.30000000000000004
-0.19965268,0.30000000000000004
-0.19965264000000002,-0.30000000000000004
-0.1996526,-0.1
-0.19965256,-0.30000000000000004
-0.19965252,0.1
-0.19965248000000002,0.30000000000000004
-0.19965244000000001,0.30000000000000004
-0.1996524,-0.30000000000000004
-0.19965236,0.1
-0.19965232000000002,-0.30000000000000004
-0.19965228000000002,-0.5
-0.19965224,-0.1
-0.1996522,0.1
-0.19965216000000002,0.1
-0.19965212000000002,-0.30000000000000004
-0.19965208,0.1
-0.19965204,0.30000000000000004
-0.19965200000000002,-0.30000000000000004
-0.19965196000000002,-0.1
-0.19965192,-0.1
-0.19965188,-0.1
-0.19965184000000002,-0.30000000000000004
-0.19965180000000002,-0.30000000000000004
-0.19965176,-0.1
-0.19965172,-0.1
-0.19965168,0.30000000000000004
-0.19965164000000002,-0.1
-0.1996516,-0.1
-0.19965156,0.1
-0.19965152,-0.5
-0.19965148000000002,-0.30000000000000004
-0.19965144,-0.30000000000000004
-0.1996514,-0.1
-0.19965136,0.1
-0.19965132000000002,-0.1
-0.19965128000000001,0.1
-0.19965124,0.30000000000000004
-0.1996512,-0.1
-0.19965116000000002,-0.30000000000000004
-0.19965112000000002,-0.1
-0.19965108,-0.1
-0.19965104,-0.1
-0.19965100000000002,0.30000000000000004
-0.19965096000000002,0.30000000000000004
-0.19965092,-0.5
-0.19965088,-0.1
-0.19965084000000002,0.1
-0.19965080000000002,-0.1
-0.19965076,-0.30000000000000004
-0.19965072,-0.1
-0.19965068000000002,-0.30000000000000004
-0.19965064000000002,-0.30000000000000004
-0.1996506,-0.1
-0.19965056,-0.30000000000000004
-0.19965052,-0.30000000000000004
-0.19965048000000002,0.30000000000000004
-0.19965044,-0.30000000000000004
-0.1996504,0.30000000000000004
-0.19965036,0.30000000000000004
-0.19965032000000002,-0.1
-0.19965028,-0.1
-0.19965024,-0.1
-0.1996502,-0.30000000000000004
-0.19965016000000002,-0.1
-0.19965012000000001,-0.1
-0.19965008,-0.1
-0.19965004,-0.1
-0.19965000000000002,-0.1
-0.19964996000000002,-0.1
-0.19964992,-0.1
-0.19964988,-0.30000000000000004
-0.19964984000000002,-0.30000000000000004
-0.19964980000000002,-0.1
-0.19964976,-0.5
-0.19964972,0.1
-0.19964968000000002,-0.5
-0.19964964000000002,-0.30000000000000004
-0.1996496,-0.30000000000000004
-0.19964956,-0.1
-0.19964952000000002,-0.1
-0.19964948000000002,-0.1
-0.19964944,-0.1
-0.1996494,-0.1
-0.19964936,-0.30000000000000004
-0.19964932000000002,-0.1
-0.19964928,-0.30000000000000004
-0.19964924,-0.1
-0.1996492,-0.1
-0.19964916000000002,-0.1
-0.19964912,-0.30000000000000004
-0.19964908,0.30000000000000004
-0.19964904,0.30000000000000004
-0.19964900000000002,-0.1
-0.19964896000000001,-0.1
-0.19964892,-0.1
-0.19964888,-0.1
-0.19964884000000002,0.30000000000000004
-0.19964880000000002,0.30000000000000004
-0.19964876,-0.1
-0.19964872,0.30000000000000004
-0.19964868000000002,0.30000000000000004
-0.19964864000000002,-0.30000000000000004
-0.1996486,0.1
-0.19964856,-0.1
-0.19964852000000002,-0.1
-0.19964848000000002,-0.1
-0.19964844,-0.5
-0.1996484,0.30000000000000004
-0.19964836000000002,-0.1
-0.19964832000000002,-0.1
-0.19964828,-0.1
-0.19964824,-0.1
-0.1996482,-0.1
-0.19964816000000002,-0.1
-0.19964812,-0.30000000000000004
-0.19964808,-0.30000000000000004
-0.19964804,-0.1
-0.19964800000000002,-0.1
-0.19964796,0.30000000000000004
-0.19964792,0.1
-0.19964788,-0.1
-0.19964784000000002,-0.1
-0.19964780000000001,-0.5
-0.19964776,-0.7000000000000001
-0.19964772,-0.5
-0.19964768000000002,-0.30000000000000004
-0.19964764000000002,0.30000000000000004
-0.1996476,-0.7000000000000001
-0.19964756,-0.1
-0.19964752000000002,-0.30000000000000004
-0.19964748000000002,-0.5
-0.19964744,-0.5
-0.1996474,-0.1
-0.19964736000000002,-0.30000000000000004
-0.19964732000000002,-0.30000000000000004
-0.19964728,-0.1
-0.19964724,0.1
-0.19964720000000002,-0.1
-0.19964716000000002,-0.1
-0.19964712,-0.30000000000000004
-0.19964708,0.30000000000000004
-0.19964704,-0.30000000000000004
-0.19964700000000002,-0.1
-0.19964696,-0.1
-0.19964692,-0.1
-0.19964688,-0.30000000000000004
-0.19964684000000002,-0.1
-0.1996468,-0.5
-0.19964676,0.30000000000000004
-0.19964672,-0.30000000000000004
-0.19964668000000002,0.30000000000000004
-0.19964664000000001,-0.1
-0.1996466,-0.30000000000000004
-0.19964656,-0.30000000000000004
-0.19964652000000002,-0.1
-0.19964648000000002,-0.1
-0.19964644,-0.30000000000000004
-0.1996464,0.1
-0.19964636000000002,-0.1
-0.19964632000000002,0.30000000000000004
-0.19964628,-0.5
-0.19964624,-0.1
-0.19964620000000002,0.30000000000000004
-0.19964616000000002,-0.5
-0.19964612,-0.30000000000000004
-0.19964608,-0.1
-0.19964604000000002,-0.1
-0.19964600000000002,-0.30000000000000004
-0.19964596,-0.5
-0.19964592,-0.5
-0.19964588,-0.30000000000000004
-0.19964584000000002,-0.1
-0.1996458,-0.1
-0.19964576,0.30000000000000004
-0.19964572,-0.1
-0.19964568000000002,-0.1
-0.19964564,-0.1
-0.1996456,0.30000000000000004
-0.19964556,-0.1
-0.19964552000000002,-0.30000000000000004
-0.19964548000000001,-0.1
-0.19964544,0.5
-0.1996454,0.30000000000000004
-0.19964536000000002,-0.30000000000000004
-0.19964532000000001,-0.1
-0.19964528,-0.7000000000000001
-0.19964524,-0.1
-0.19964520000000002,0.1
-0.19964516000000002,-0.1
-0.19964512,-0.30000000000000004
-0.19964508,-0.30000000000000004
-0.19964504000000002,-0.1
-0.19964500000000002,0.1
-0.19964496,-0.1
-0.19964492,0.1
-0.19964488000000002,0.1
-0.19964484000000002,0.30000000000000004
-0.1996448,-0.1
-0.19964476,0.30000000000000004
-0.19964472,-0.30000000000000004
-0.19964468000000002,0.30000000000000004
-0.19964464,0.30000000000000004
-0.1996446,-0.30000000000000004
-0.19964456,-0.30000000000000004
-0.19964452000000002,0.7000000000000001
-0.19964448,-0.1
-0.19964444,-0.1
-0.1996444,0.30000000000000004
-0.19964436000000002,-0.1
-0.19964432000000001,-0.7000000000000001
-0.19964428,-0.30000000000000004
-0.19964424,-0.5
-0.19964420000000002,-0.30000000000000004
-0.19964416000000001,-0.9
-0.19964412,-0.1
-0.19964408,-0.5
-0.19964404000000002,-0.1
-0.19964400000000002,0.1
-0.19964396,-0.1
-0.19964392,-0.30000000000000004
-0.19964388000000002,-0.1
-0.19964384000000002,-0.30000000000000004
-0.1996438,-0.1
-0.19964376,0.30000000000000004
-0.19964372000000002,0.1
-0.19964368000000002,0.30000000000000004
-0.19964364,-0.1
-0.1996436,-0.1
-0.19964356,-0.30000000000000004
-0.19964352000000002,-0.1
-0.19964348,0.1
-0.19964344,0.30000000000000004
-0.1996434,0.1
-0.19964336000000002,0.30000000000000004
-0.19964332,-0.1
-0.19964328,-0.1
-0.19964324,-0.30000000000000004
-0.19964320000000002,-0.1
-0.19964316000000001,-0.30000000000000004
-0.19964312,-0.1
-0.19964308,0.1
-0.19964304000000002,0.1
-0.19964300000000001,-0.1
-0.19964296,0.1
-0.19964292,-0.1
-0.19964288000000002,-0.30000000000000004
-0.19964284000000002,-0.1
-0.1996428,-0.30000000000000004
-0.19964276,-0.1
-0.19964272000000002,-0.1
-0.19964268000000002,0.1
-0.19964264,-0.1
-0.1996426,0.1
-0.19964256000000002,-0.1
-0.19964252000000002,-0.1
-0.19964248,-0.1
-0.19964244,0.1
-0.1996424,-0.1
-0.19964236000000002,-0.1
-0.19964232,-0.30000000000000004
-0.19964228,-0.5
-0.19964224,0.1
-0.19964220000000002,-0.1
-0.19964216,0.30000000000000004
-0.19964212,0.30000000000000004
-0.19964208,-0.1
-0.19964204000000002,-0.30000000000000004
-0.19964200000000001,0.1
-0.19964196,-0.1
-0.19964192,-0.5
-0.19964188000000002,-0.1
-0.19964184000000001,0.30000000000000004
-0.1996418,-0.30000000000000004
-0.19964176,0.1
-0.19964172000000002,-0.5
-0.19964168000000002,-0.1
-0.19964164,-0.1
-0.1996416,-0.30000000000000004
-0.19964156000000002,-0.30000000000000004
-0.19964152000000002,0.1
-0.19964148,-0.1
-0.19964144,-0.30000000000000004
-0.19964140000000002,0.30000000000000004
-0.19964136000000002,0.1
-0.19964132,-0.1
-0.19964128,0.1
-0.19964124,-0.30000000000000004
-0.19964120000000002,-0.5
-0.19964116,0.5
-0.19964112,-0.30000000000000004
-0.19964108,-0.30000000000000004
-0.19964104000000002,-0.1
-0.199641,-0.1
-0.19964096,-0.1
-0.19964092,-0.1
-0.19964088000000002,-0.1
-0.19964084,-0.1
-0.1996408,0.1
-0.19964076,0.30000000000000004
-0.19964072000000002,-0.30000000000000004
-0.19964068000000001,-0.1
-0.19964064,-0.7000000000000001
-0.1996406,-0.1
-0.19964056000000002,0.30000000000000004
-0.19964052000000002,-0.30000000000000004
-0.19964048,-0.1
-0.19964044,-0.30000000000000004
-0.19964040000000002,0.30000000000000004
-0.19964036000000002,-0.30000000000000004
-0.19964032,-0.1
-0.19964028,-0.1
-0.19964024000000002,-0.5
-0.19964020000000002,-0.30000000000000004
-0.19964016,-0.30000000000000004
-0.19964012,-0.30000000000000004
-0.19964008,0.30000000000000004
-0.19964004000000002,-0.1
-0.19964,-0.1
-0.19963996,-0.30000000000000004
-0.19963992,0.1
-0.19963988000000002,-0.1
-0.19963984,-0.30000000000000004
-0.1996398,-0.30000000000000004
-0.19963976,0.30000000000000004
-0.19963972000000002,-0.1
-0.19963968,0.30000000000000004
-0.19963964,-0.1
-0.1996396,0.1
-0.19963956000000002,-0.1
-0.19963952000000001,-0.30000000000000004
-0.19963948,-0.5
-0.19963944,-0.1
-0.19963940000000002,-0.1
-0.19963936000000002,-0.1
-0.19963932,-0.30000000000000004
-0.19963928,0.1
-0.19963924000000002,0.1
-0.19963920000000002,-0.30000000000000004
-0.19963916,-0.1
-0.19963912,-0.1
-0.19963908000000002,-0.30000000000000004
-0.19963904000000002,-0.1
-0.199639,-0.1
-0.19963896,0.30000000000000004
-0.19963892,0.1
-0.19963888000000002,-0.30000000000000004
-0.19963884,-0.5
-0.1996388,-0.1
-0.19963876,-0.1
-0.19963872000000002,-0.1
-0.19963868,-0.1
-0.19963864,-0.1
-0.1996386,0.1
-0.19963856000000002,-0.30000000000000004
-0.19963852,0.30000000000000004
-0.19963848,0.1
-0.19963844,-0.5
-0.19963840000000002,-0.1
-0.19963836000000001,-0.1
-0.19963832,-0.30000000000000004
-0.19963828,-0.1
-0.19963824000000002,-0.30000000000000004
-0.19963820000000002,-0.5
-0.19963816,-0.1
-0.19963812,-0.1
-0.19963808000000002,-0.1
-0.19963804000000002,0.1
-0.199638,-0.1
-0.19963796,-0.1
-0.19963792000000002,-0.30000000000000004
-0.19963788000000002,0.30000000000000004
-0.19963784,-0.1
-0.1996378,0.1
-0.19963776,0.30000000000000004
-0.19963772000000002,-0.30000000000000004
-0.19963768,-0.30000000000000004
-0.19963764,-0.1
-0.1996376,-0.1
-0.19963756000000002,-0.5
-0.19963752,-0.30000000000000004
-0.19963748,-0.1
-0.19963744,-0.1
-0.19963740000000002,-0.1
-0.19963736,0.1
-0.19963732,0.30000000000000004
-0.19963728,-0.1
-0.19963724000000002,-0.5
-0.19963720000000001,-0.1
-0.19963716,-0.1
-0.19963712,-0.30000000000000004
-0.19963708000000002,-0.1
-0.19963704000000002,-0.1
-0.199637,-0.1
-0.19963696,-0.1
-0.19963692000000002,-0.30000000000000004
-0.19963688000000002,0.30000000000000004
-0.19963684,-0.1
-0.1996368,0.5
-0.19963676000000002,-0.30000000000000004
-0.19963672000000002,-0.1
-0.19963668,-0.1
-0.19963664,-0.30000000000000004
-0.1996366,0.1
-0.19963656000000002,-0.30000000000000004
-0.19963652,0.1
-0.19963648,0.1
-0.19963644,-0.1
-0.19963640000000002,-0.30000000000000004
-0.19963636,-0.1
-0.19963632,-0.1
-0.19963628,0.30000000000000004
-0.19963624000000002,-0.1
-0.1996362,0.30000000000000004
-0.19963616,0.1
-0.19963612,0.30000000000000004
-0.19963608000000002,-0.30000000000000004
-0.19963604000000001,-0.30000000000000004
-0.199636,-0.1
-0.19963596,-0.1
-0.19963592000000002,0.1
-0.19963588000000002,-0.1
-0.19963584,-0.1
-0.1996358,-0.30000000000000004
-0.19963576000000002,0.1
-0.19963572000000002,0.1
-0.19963568,0.30000000000000004
-0.19963564,-0.5
-0.19963560000000002,-0.1
-0.19963556000000002,-0.1
-0.19963552,0.1
-0.19963548,-0.1
-0.19963544,-0.30000000000000004
-0.19963540000000002,0.30000000000000004
-0.19963536,-0.1
-0.19963532,0.1
-0.19963528,0.30000000000000004
-0.19963524000000002,-0.30000000000000004
-0.1996352,-0.1
-0.19963516,-0.1
-0.19963512,-0.1
-0.19963508000000002,-0.30000000000000004
-0.19963504,0.30000000000000004
-0.199635,0.5
-0.19963496,-0.1
-0.19963492000000002,0.30000000000000004
-0.19963488000000001,-0.1
-0.19963484,-0.30000000000000004
-0.1996348,0.30000000000000004
-0.19963476000000002,-0.1
-0.19963472000000002,-0.30000000000000004
-0.19963468,-0.1
-0.19963464,-0.1
-0.19963460000000002,-0.30000000000000004
-0.19963456000000002,0.1
-0.19963452,-0.1
-0.19963448,-0.5
-0.19963444000000002,0.1
-0.19963440000000002,0.30000000000000004
-0.19963436,0.30000000000000004
-0.19963432,0.30000000000000004
-0.19963428,-0.30000000000000004
-0.19963424000000002,-0.1
-0.1996342,0.1
-0.19963416,-0.1
-0.19963412,-0.1
-0.19963408000000002,-0.1
-0.19963404,-0.7000000000000001
-0.199634,-0.7000000000000001
-0.19963396,-0.30000000000000004
-0.19963392000000002,-0.30000000000000004
-0.19963388,0.30000000000000004
-0.19963384,0.1
-0.1996338,0.1
-0.19963376000000002,-0.1
-0.19963372000000001,-0.30000000000000004
-0.19963368,-0.1
-0.19963364,-0.1
-0.19963360000000002,-0.1
-0.19963356000000002,-0.30000000000000004
-0.19963352,-0.1
-0.19963348,0.30000000000000004
-0.19963344000000002,-0.30000000000000004
-0.19963340000000002,-0.1
-0.19963336,-0.1
-0.19963332,-0.5
-0.19963328000000002,0.30000000000000004
-0.19963324000000002,-0.1
-0.1996332,-0.1
-0.19963316,0.1
-0.19963312,0.30000000000000004
-0.19963308000000002,-0.30000000000000004
-0.19963304,-0.30000000000000004
-0.199633,0.1
-0.19963296,-0.1
-0.19963292000000002,-0.30000000000000004
-0.19963288,-0.30000000000000004
-0.19963284,0.1
-0.1996328,-0.1
-0.19963276000000002,0.30000000000000004
-0.19963272,0.30000000000000004
-0.19963268,-0.30000000000000004
-0.19963264,-0.1
-0.19963260000000002,-0.1
-0.19963256000000001,-0.1
-0.19963252,0.30000000000000004
-0.19963248,0.1
-0.19963244000000002,-0.5
-0.19963240000000002,0.30000000000000004
-0.19963236,-0.30000000000000004
-0.19963232,-0.30000000000000004
-0.19963228000000002,0.1
-0.19963224000000002,-0.1
-0.1996322,-0.30000000000000004
-0.19963216,-0.1
-0.19963212000000002,0.5
-0.19963208000000002,-0.30000000000000004
-0.19963204,-0.30000000000000004
-0.199632,-0.30000000000000004
-0.19963196,-0.1
-0.19963192000000002,0.30000000000000004
-0.19963188,-0.30000000000000004
-0.19963184,-0.1
-0.1996318,-0.5
-0.19963176000000002,-0.1
-0.19963172,-0.30000000000000004
-0.19963168,-0.30000000000000004
-0.19963164,0.1
-0.19963160000000002,0.1
-0.19963156,-0.1
-0.19963152,0.1
-0.19963148,0.1
-0.19963144000000002,-0.1
-0.19963140000000001,-0.30000000000000004
-0.19963136,0.1
-0.19963132,-0.7000000000000001
-0.19963128000000002,-0.1
-0.19963124000000002,-0.30000000000000004
-0.1996312,-0.1
-0.19963116,-0.30000000000000004
-0.19963112000000002,-0.5
-0.19963108000000002,-0.30000000000000004
-0.19963104,-0.30000000000000004
-0.199631,0.1
-0.19963096000000002,-0.1
-0.19963092000000002,-0.1
-0.19963088,-0.30000000000000004
-0.19963084,-0.1
-0.19963080000000002,-0.1
-0.19963076000000002,-0.30000000000000004
-0.19963072,-0.1
-0.19963068,-0.1
-0.19963064,-0.1
-0.19963060000000002,0.30000000000000004
-0.19963056,-0.30000000000000004
-0.19963052,0.30000000000000004
-0.19963048,-0.1
-0.19963044000000002,-0.5
-0.1996304,-0.30000000000000004
-0.19963036,-0.1
-0.19963032,-0.1
-0.19963028000000002,-0.1
-0.19963024000000001,-0.30000000000000004
-0.1996302,-0.1
-0.19963016,-0.30000000000000004
-0.19963012000000002,0.1
-0.19963008000000002,0.30000000000000004
-0.19963004,-0.1
-0.19963,-0.30000000000000004
-0.19962996000000002,0.5
-0.19962992000000002,0.5
-0.19962988,-0.1
-0.19962984,-0.1
-0.19962980000000002,0.1
-0.19962976000000002,0.30000000000000004
-0.19962972,-0.1
-0.19962968,-0.1
-0.19962964000000002,-0.30000000000000004
-0.19962960000000002,-0.1
-0.19962956,-0.1
-0.19962952,-0.1
-0.19962948,-0.1
-0.19962944000000002,0.1
-0.1996294,-0.30000000000000004
-0.19962936,-0.1
-0.19962932,0.1
-0.19962928000000002,-0.1
-0.19962924,-0.30000000000000004
-0.1996292,-0.1
-0.19962916,0.30000000000000004
-0.19962912000000002,-0.1
-0.19962908000000001,-0.5
-0.19962904,-0.1
-0.199629,-0.1
-0.19962896000000002,-0.1
-0.19962892000000002,0.30000000000000004
-0.19962888,-0.1
-0.19962884,-0.1
-0.19962880000000002,0.30000000000000004
-0.19962876000000002,-0.5
-0.19962872,0.1
-0.19962868,-0.1
-0.19962864000000002,-0.30000000000000004
-0.19962860000000002,-0.30000000000000004
-0.19962856,-0.1
-0.19962852,-0.1
-0.19962848000000002,0.30000000000000004
-0.19962844000000002,-0.1
-0.1996284,0.1
-0.19962836,-0.1
-0.19962832,0.1
-0.19962828000000002,0.1
-0.19962824,0.30000000000000004
-0.1996282,0.1
-0.19962816,-0.5
-0.19962812000000002,-0.5
-0.19962808,-0.1
-0.19962804,-0.1
-0.199628,-0.30000000000000004
-0.19962796000000002,-0.30000000000000004
-0.19962792000000001,-0.1
-0.19962788,-0.1
-0.19962784,-0.1
-0.19962780000000002,-0.7000000000000001
-0.19962776000000002,-0.30000000000000004
-0.19962772,-0.1
-0.19962768,-0.1
-0.19962764000000002,0.1
-0.19962760000000002,-0.30000000000000004
-0.19962756,-0.1
-0.19962752,-0.30000000000000004
-0.19962748000000002,0.30000000000000004
-0.19962744000000002,-0.1
-0.1996274,-0.1
-0.19962736,-0.1
-0.19962732000000002,-0.30000000000000004
-0.19962728000000002,-0.1
-0.19962724,-0.1
-0.1996272,-0.1
-0.19962716,-0.30000000000000004
-0.19962712000000002,-0.1
-0.19962708,-0.1
-0.19962704,-0.1
-0.199627,0.1
-0.19962696000000002,-0.1
-0.19962692,-0.5
-0.19962688,0.1
-0.19962684,-0.30000000000000004
-0.19962680000000002,-0.1
-0.19962676000000001,-0.1
-0.19962672,-0.1
-0.19962668,-0.1
-0.19962664000000002,0.30000000000000004
-0.19962660000000002,-0.1
-0.19962656,-0.30000000000000004
-0.19962652,-0.30000000000000004
-0.19962648000000002,0.30000000000000004
-0.19962644000000002,-0.30000000000000004
-0.1996264,-0.30000000000000004
-0.19962636,-0.1
-0.19962632000000002,-0.1
-0.19962628000000002,-0.1
-0.19962624,-0.1
-0.1996262,-0.1
-0.19962616000000002,-0.1
-0.19962612000000002,-0.1
-0.19962608,-0.1
-0.19962604,0.30000000000000004
-0.199626,-0.1
-0.19962596000000002,0.1
-0.19962592,-0.1
-0.19962588,-0.1
-0.19962584,-0.7000000000000001
-0.19962580000000002,-0.30000000000000004
-0.19962576,-0.30000000000000004
-0.19962572,-0.1
-0.19962568,-0.1
-0.19962564000000002,-0.1
-0.19962560000000001,-0.30000000000000004
-0.19962556,-0.1
-0.19962552,-0.1
-0.19962548000000002,-0.30000000000000004
-0.19962544000000002,0.30000000000000004
-0.1996254,-0.1
-0.19962536,-0.5
-0.19962532000000002,0.1
-0.19962528000000002,0.1
-0.19962524,-0.1
-0.1996252,-0.1
-0.19962516000000002,-0.5
-0.19962512000000002,-0.1
-0.19962508,-0.5
-0.19962504,-0.30000000000000004
-0.19962500000000002,-0.30000000000000004
-0.19962496000000002,0.1
-0.19962492,-0.1
-0.19962488,-0.5
-0.19962484,-0.1
-0.19962480000000002,-0.5
-0.19962476,0.30000000000000004
-0.19962472,0.30000000000000004
-0.19962468,-0.1
-0.19962464000000002,-0.1
-0.1996246,-0.1
-0.19962456,0.1
-0.19962452,-0.1
-0.19962448000000002,-0.1
-0.19962444000000001,0.30000000000000004
-0.1996244,0.5
-0.19962436,-0.1
-0.19962432000000002,-0.30000000000000004
-0.19962428000000002,-0.30000000000000004
-0.19962424,-0.1
-0.1996242,-0.5
-0.19962416000000002,-0.1
-0.19962412000000002,-0.1
-0.19962408,0.30000000000000004
-0.19962404,-0.30000000000000004
-0.19962400000000002,-0.1
-0.19962396000000002,0.30000000000000004
-0.19962392,-0.1
-0.19962388,0.30000000000000004
-0.19962384000000002,-0.30000000000000004
-0.19962380000000002,-0.1
-0.19962376,0.1
-0.19962372,-0.30000000000000004
-0.19962368,-0.30000000000000004
-0.19962364000000002,-0.30000000000000004
-0.1996236,-0.30000000000000004
-0.19962356,-0.1
-0.19962352,0.30000000000000004
-0.19962348000000002,-0.1
-0.19962344,-0.1
-0.1996234,-0.1
-0.19962336,-0.1
-0.19962332000000002,-0.5
-0.19962328000000001,-0.30000000000000004
-0.19962324,-0.1
-0.1996232,-0.1
-0.19962316000000002,-0.30000000000000004
-0.19962312000000001,-0.1
-0.19962308,-0.30000000000000004
-0.19962304,-0.30000000000000004
-0.19962300000000002,-0.30000000000000004
-0.19962296000000002,-0.1
-0.19962292,0.1
-0.19962288,-0.30000000000000004
-0.19962284000000002,-0.1
-0.19962280000000002,-0.1
-0.19962276,-0.30000000000000004
-0.19962272,-0.1
-0.19962268000000002,0.1
-0.19962264000000002,-0.1
-0.1996226,-0.1
-0.19962256,-0.1
-0.19962252,-0.1
-0.19962248000000002,0.1
-0.19962244,-0.1
-0.1996224,0.1
-0.19962236,-0.1
-0.19962232000000002,-0.1
-0.19962228,-0.1
-0.19962224,-0.5
-0.1996222,0.1
-0.19962216000000002,-0.30000000000000004
-0.19962212000000001,-0.30000000000000004
-0.19962208,-0.30000000000000004
-0.19962204,0.1
-0.19962200000000002,-0.1
-0.19962196000000001,0.5
-0.19962192,0.1
-0.19962188,-0.1
-0.19962184000000002,-0.5
-0.19962180000000002,0.30000000000000004
-0.19962176,-0.5
-0.19962172,-0.1
-0.19962168000000002,-0.1
-0.19962164000000002,-0.30000000000000004
-0.1996216,-0.1
-0.19962156,-0.1
-0.19962152000000002,-0.30000000000000004
-0.19962148000000002,0.1
-0.19962144,-0.5
-0.1996214,-0.1
-0.19962136,-0.30000000000000004
-0.19962132000000002,0.1
-0.19962128,0.30000000000000004
-0.19962124,-0.30000000000000004
-0.1996212,-0.30000000000000004
-0.19962116000000002,-0.1
-0.19962112,0.30000000000000004
-0.19962108,0.30000000000000004
-0.19962104,-0.1
-0.19962100000000002,-0.1
-0.19962096000000001,-0.1
-0.19962092,-0.1
-0.19962088,-0.1
-0.19962084000000002,-0.30000000000000004
-0.19962080000000001,-0.1
-0.19962076,-0.1
-0.19962072,-0.30000000000000004
-0.19962068000000002,-0.30000000000000004
-0.19962064000000002,-0.1
-0.1996206,0.30000000000000004
-0.19962056,-0.1
-0.19962052000000002,-0.1
-0.19962048000000002,0.1
-0.19962044,-0.30000000000000004
-0.1996204,-0.30000000000000004
-0.19962036000000002,-0.1
-0.19962032000000002,0.1
-0.19962028,-0.1
-0.19962024,-0.30000000000000004
-0.1996202,-0.1
-0.19962016000000002,0.1
-0.19962012,-0.1
-0.19962008,-0.30000000000000004
-0.19962004,-0.1
-0.19962000000000002,-0.30000000000000004
-0.19961996,-0.1
-0.19961992,-0.1
-0.19961988,-0.30000000000000004
-0.19961984000000002,-0.30000000000000004
-0.19961980000000001,-0.1
-0.19961976,0.30000000000000004
-0.19961972,0.1
-0.19961968000000002,-0.1
-0.19961964000000001,-0.1
-0.1996196,0.30000000000000004
-0.19961956,0.30000000000000004
-0.19961952000000002,0.1
-0.19961948000000002,-0.5
-0.19961944,-0.1
-0.1996194,-0.1
-0.19961936000000002,0.1
-0.19961932000000002,0.30000000000000004
-0.19961928,-0.30000000000000004
-0.19961924,-0.1
-0.19961920000000002,-0.1
-0.19961916000000002,0.1
-0.19961912,-0.5
-0.19961908,0.30000000000000004
-0.19961904,-0.1
-0.19961900000000002,-0.1
-0.19961896,-0.30000000000000004
-0.19961892,-0.1
-0.19961888,-0.5
-0.19961884000000002,-0.1
-0.1996188,-0.1
-0.19961876,-0.30000000000000004
-0.19961872,-0.1
-0.19961868000000002,0.1
-0.19961864,-0.30000000000000004
-0.1996186,0.1
-0.19961856,-0.30000000000000004
-0.19961852000000002,-0.30000000000000004
-0.19961848000000001,0.1
-0.19961844,0.30000000000000004
-0.1996184,0.30000000000000004
-0.19961836000000002,-0.1
-0.19961832000000002,-0.1
-0.19961828,-0.1
-0.19961824,0.1
-0.19961820000000002,0.30000000000000004
-0.19961816000000002,0.30000000000000004
-0.19961812,0.1
-0.19961808,-0.1
-0.19961804000000002,-0.1
-0.19961800000000002,0.5
-0.19961796,-0.1
-0.19961792,-0.5
-0.19961788,-0.1
-0.19961784000000002,-0.30000000000000004
-0.1996178,-0.1
-0.19961776,-0.5
-0.19961772,-0.1
-0.19961768000000002,-0.1
-0.19961764,-0.1
-0.1996176,-0.30000000000000004
-0.19961756,-0.30000000000000004
-0.19961752000000002,-0.1
-0.19961748,-0.1
-0.19961744,-0.30000000000000004
-0.1996174,-0.30000000000000004
-0.19961736000000002,0.30000000000000004
-0.19961732000000001,-0.1
-0.19961728,-0.1
-0.19961724,0.1
-0.19961720000000002,-0.30000000000000004
-0.19961716000000002,0.30000000000000004
-0.19961712,0.1
-0.19961708,-0.1
-0.19961704000000002,-0.1
-0.19961700000000002,-0.1
-0.19961696,-0.1
-0.19961692,-0.1
-0.19961688000000002,-0.5
-0.19961684000000002,-0.30000000000000004
-0.1996168,0.30000000000000004
-0.19961676,-0.5
-0.19961672,-0.1
-0.19961668000000002,0.30000000000000004
-0.19961664,-0.1
-0.1996166,-0.30000000000000004
-0.19961656,-0.1
-0.19961652000000002,-0.1
-0.19961648,-0.1
-0.19961644,-0.1
-0.1996164,-0.1
-0.19961636000000002,-0.1
-0.19961632,-0.1
-0.19961628,-0.30000000000000004
-0.19961624,-0.30000000000000004
-0.19961620000000002,-0.30000000000000004
-0.19961616000000001,-0.30000000000000004
-0.19961612,0.30000000000000004
-0.19961608,0.30000000000000004
-0.19961604000000002,0.30000000000000004
-0.19961600000000002,-0.30000000000000004
-0.19961596,-0.1
-0.19961592,-0.1
-0.19961588000000002,-0.1
-0.19961584000000002,-0.1
-0.1996158,-0.1
-0.19961576,0.30000000000000004
-0.19961572000000002,-0.1
-0.19961568000000002,-0.30000000000000004
-0.19961564,-0.5
-0.1996156,0.1
-0.19961556,-0.30000000000000004
-0.19961552000000002,-0.30000000000000004
-0.19961548,-0.30000000000000004
-0.19961544,-0.1
-0.1996154,0.30000000000000004
-0.19961536000000002,-0.1
-0.19961532,0.30000000000000004
-0.19961528,-0.30000000000000004
-0.19961524,-0.1
-0.19961520000000002,-0.1
-0.19961516,-0.5
-0.19961512,-0.1
-0.19961508,-0.30000000000000004
-0.19961504000000002,-0.1
-0.19961500000000001,-0.1
-0.19961496,-0.1
-0.19961492,-0.30000000000000004
-0.19961488000000002,-0.30000000000000004
-0.19961484000000002,0.30000000000000004
-0.1996148,-0.1
-0.19961476,-0.1
-0.19961472000000002,0.1
-0.19961468000000002,-0.1
-0.19961464,-0.1
-0.1996146,-0.30000000000000004
-0.19961456000000002,-0.30000000000000004
-0.19961452000000002,0.1
-0.19961448,0.1
-0.19961444,-0.30000000000000004
-0.1996144,-0.1
-0.19961436000000002,-0.1
-0.19961432,-0.5
-0.19961428,-0.1
-0.19961424,-0.1
-0.19961420000000002,-0.30000000000000004
-0.19961416,-0.5
-0.19961412,0.1
-0.19961408,-0.1
-0.19961404000000002,0.30000000000000004
-0.199614,-0.30000000000000004
-0.19961396,-0.30000000000000004
-0.19961392,-0.30000000000000004
-0.19961388000000002,-0.30000000000000004
-0.19961384000000001,-0.1
-0.1996138,-0.1
-0.19961376,0.1
-0.19961372000000002,-0.1
-0.19961368000000002,-0.1
-0.19961364,-0.1
-0.1996136,-0.1
-0.19961356000000002,0.30000000000000004
-0.19961352000000002,-0.30000000000000004
-0.19961348,-0.30000000000000004
-0.19961344,0.30000000000000004
-0.19961340000000002,-0.30000000000000004
-0.19961336000000002,-0.5
-0.19961332,0.30000000000000004
-0.19961328,-0.1
-0.19961324,-0.1
-0.19961320000000002,-0.5
-0.19961316,-0.1
-0.19961312,-0.1
-0.19961308,0.30000000000000004
-0.19961304000000002,-0.1
-0.199613,-0.1
-0.19961296,-0.30000000000000004
-0.19961292,0.1
-0.19961288000000002,-0.1
-0.19961284,-0.5
-0.1996128,0.1
-0.19961276,-0.5
-0.19961272000000002,0.1
-0.19961268000000001,-0.30000000000000004
-0.19961264,-0.30000000000000004
-0.1996126,-0.30000000000000004
-0.19961256000000002,-0.1
-0.19961252000000002,-0.1
-0.19961248,0.1
-0.19961244,0.1
-0.19961240000000002,-0.30000000000000004
-0.19961236000000002,-0.1
-0.19961232,-0.30000000000000004
-0.19961228,0.30000000000000004
-0.19961224000000002,-0.30000000000000004
-0.19961220000000002,-0.1
-0.19961216,-0.1
-0.19961212,-0.1
-0.19961208,-0.1
-0.19961204000000002,0.1
-0.199612,0.30000000000000004
-0.19961196,0.30000000000000004
-0.19961192,-0.30000000000000004
-0.19961188000000002,-0.30000000000000004
-0.19961184,-0.1
-0.1996118,-0.1
-0.19961176,-0.1
-0.19961172000000002,0.1
-0.19961168,-0.5
-0.19961164,-0.5
-0.1996116,-0.1
-0.19961156000000002,-0.5
-0.19961152000000001,-0.1
-0.19961148,-0.30000000000000004
-0.19961144,-0.30000000000000004
-0.19961140000000002,-0.30000000000000004
-0.19961136000000002,-0.1
-0.19961132,-0.30000000000000004
-0.19961128,-0.5
-0.19961124000000002,-0.1
-0.19961120000000002,-0.1
-0.19961116,0.30000000000000004
-0.19961112,-0.1
-0.19961108000000002,-0.1
-0.19961104000000002,0.1
-0.199611,0.1
-0.19961096,-0.5
-0.19961092000000002,-0.1
-0.19961088000000002,-0.5
-0.19961084,0.30000000000000004
-0.1996108,0.30000000000000004
-0.19961076,-0.1
-0.19961072000000002,-0.1
-0.19961068,-0.30000000000000004
-0.19961064,-0.1
-0.1996106,-0.1
-0.19961056000000002,0.1
-0.19961052,-0.1
-0.19961048,-0.1
-0.19961044,0.30000000000000004
-0.19961040000000002,0.30000000000000004
-0.19961036000000001,0.1
-0.19961032,-0.30000000000000004
-0.19961028,-0.1
-0.19961024000000002,-0.1
-0.19961020000000002,-0.1
-0.19961016,-0.1
-0.19961012,-0.1
-0.19961008000000002,-0.30000000000000004
-0.19961004000000002,-0.1
-0.19961,0.1
-0.19960996,0.30000000000000004
-0.19960992000000002,-0.1
-0.19960988000000002,-0.1
-0.19960984,0.1
-0.1996098,-0.5
-0.19960976000000002,-0.1
-0.19960972000000002,-0.30000000000000004
-0.19960968,-0.1
-0.19960964,-0.30000000000000004
-0.1996096,-0.1
-0.19960956000000002,-0.1
-0.19960952,0.1
-0.19960948,-0.1
-0.19960944,-0.1
-0.19960940000000002,0.1
-0.19960936,0.30000000000000004
-0.19960932,0.1
-0.19960928,-0.1
-0.19960924000000002,0.30000000000000004
-0.19960920000000001,-0.5
-0.19960916,-0.1
-0.19960912,-0.1
-0.19960908000000002,-0.1
-0.19960904000000002,0.30000000000000004
-0.199609,0.30000000000000004
-0.19960896,0.30000000000000004
-0.19960892000000002,-0.30000000000000004
-0.19960888000000002,0.1
-0.19960884,-0.1
-0.1996088,0.30000000000000004
-0.19960876000000002,0.1
-0.19960872000000002,0.1
-0.19960868,-0.30000000000000004
-0.19960864,-0.1
-0.19960860000000002,-0.30000000000000004
-0.19960856000000002,-0.5
-0.19960852,-0.30000000000000004
-0.19960848,-0.1
-0.19960844,0.1
-0.19960840000000002,0.5
-0.19960836,0.1
-0.19960832,-0.5
-0.19960828,0.1
-0.19960824000000002,0.1
-0.1996082,-0.30000000000000004
-0.19960816,-0.1
-0.19960812,-0.1
-0.19960808000000002,-0.1
-0.19960804000000001,0.30000000000000004
-0.199608,-0.30000000000000004
-0.19960796,-0.1
-0.19960792000000002,0.1
-0.19960788000000002,-0.1
-0.19960784,-0.30000000000000004
-0.1996078,-0.1
-0.19960776000000002,-0.30000000000000004
-0.19960772000000002,0.1
-0.19960768,-0.1
-0.19960764,-0.30000000000000004
-0.19960760000000002,-0.1
-0.19960756000000002,-0.5
-0.19960752,-0.1
-0.19960748,-0.1
-0.19960744000000002,-0.30000000000000004
-0.19960740000000002,-0.1
-0.19960736,0.30000000000000004
-0.19960732,0.30000000000000004
-0.19960728,0.30000000000000004
-0.19960724000000002,-0.30000000000000004
-0.1996072,-0.30000000000000004
-0.19960716,-0.1
-0.19960712,-0.1
-0.19960708000000002,-0.30000000000000004
-0.19960704,0.30000000000000004
-0.199607,-0.1
-0.19960696,-0.1
-0.19960692000000002,-0.1
-0.19960688000000001,-0.1
-0.19960684,0.30000000000000004
-0.1996068,-0.1
-0.19960676000000002,-0.1
-0.19960672000000002,0.1
-0.19960668,-0.1
-0.19960664,-0.1
-0.19960660000000002,-0.1
-0.19960656000000002,-0.1
-0.19960652,-0.1
-0.19960648,-0.30000000000000004
-0.19960644000000002,-0.30000000000000004
-0.19960640000000002,-0.30000000000000004
-0.19960636,0.1
-0.19960632,-0.30000000000000004
-0.19960628000000002,-0.1
-0.19960624000000002,0.30000000000000004
-0.1996062,-0.1
-0.19960616,0.30000000000000004
-0.19960612,-0.1
-0.19960608000000002,-0.30000000000000004
-0.19960604,-0.30000000000000004
-0.199606,-0.30000000000000004
-0.19960596,-0.1
-0.19960592000000002,0.30000000000000004
-0.19960588,-0.1
-0.19960584,-0.1
-0.1996058,-0.30000000000000004
-0.19960576000000002,0.1
-0.19960572000000001,-0.1
-0.19960568,-0.1
-0.19960564,-0.1
-0.19960560000000002,0.30000000000000004
-0.19960556000000002,-0.30000000000000004
-0.19960552,-0.30000000000000004
-0.19960548,0.1
-0.19960544000000002,-0.30000000000000004
-0.19960540000000002,0.1
-0.19960536,-0.1
-0.19960532,-0.1
-0.19960528000000002,0.30000000000000004
-0.19960524000000002,-0.30000000000000004
-0.1996052,-0.1
-0.19960516,-0.30000000000000004
-0.19960512000000002,-0.1
-0.19960508000000002,-0.1
-0.19960504,-0.1
-0.199605,0.1
-0.19960496,-0.5
-0.19960492000000002,-0.1
-0.19960488,-0.1
-0.19960484,-0.1
-0.1996048,-0.1
-0.19960476000000002,0.1
-0.19960472,-0.30000000000000004
-0.19960468,0.30000000000000004
-0.19960464,-0.30000000000000004
-0.19960460000000002,-0.5
-0.19960456000000001,-0.1
-0.19960452,-0.7000000000000001
-0.19960448,-0.30000000000000004
-0.19960444000000002,-0.30000000000000004
-0.19960440000000002,-0.30000000000000004
-0.19960436,-0.5
-0.19960432,-0.30000000000000004
-0.19960428000000002,0.30000000000000004
-0.19960424000000002,0.5
-0.1996042,-0.5
-0.19960416,-0.1
-0.19960412000000002,0.30000000000000004
-0.19960408000000002,-0.1
-0.19960404,-0.1
-0.199604,-0.5
-0.19960396000000002,-0.1
-0.19960392000000002,0.1
-0.19960388,-0.1
-0.19960384,-0.1
-0.1996038,0.1
-0.19960376000000002,-0.1
-0.19960372,0.30000000000000004
-0.19960368,0.30000000000000004
-0.19960364,-0.30000000000000004
-0.19960360000000002,-0.1
-0.19960356,0.1
-0.19960352,-0.30000000000000004
-0.19960348,0.5
-0.19960344000000002,-0.30000000000000004
-0.19960340000000001,-0.1
-0.19960336,-0.30000000000000004
-0.19960332,-0.30000000000000004
-0.19960328000000002,0.1
-0.19960324000000002,0.30000000000000004
-0.1996032,-0.1
-0.19960316,-0.7000000000000001
-0.19960312000000002,-0.1
-0.19960308000000002,-0.1
-0.19960304,-0.5
-0.199603,-0.1
-0.19960296000000002,-0.5
-0.19960292000000002,0.30000000000000004
-0.19960288,0.30000000000000004
-0.19960284,-0.1
-0.19960280000000002,-0.30000000000000004
-0.19960276000000002,0.1
-0.19960272,-0.1
-0.19960268,-0.1
-0.19960264,-0.30000000000000004
-0.19960260000000002,-0.30000000000000004
-0.19960256,-0.1
-0.19960252,0.1
-0.19960248,0.30000000000000004
-0.19960244000000002,-0.30000000000000004
-0.1996024,-0.30000000000000004
-0.19960236,-0.1
-0.19960232,-0.30000000000000004
-0.19960228000000002,-0.30000000000000004
-0.19960224000000001,-0.1
-0.1996022,-0.30000000000000004
-0.19960216,-0.30000000000000004
-0.19960212000000002,-0.5
-0.19960208000000002,-0.30000000000000004
-0.19960204,0.5
-0.199602,-0.1
-0.19960196000000002,-0.30000000000000004
-0.19960192000000002,0.1
-0.19960188,-0.30000000000000004
-0.19960184,-0.5
-0.19960180000000002,-0.1
-0.19960176000000002,0.1
-0.19960172,-0.1
-0.19960168,-0.1
-0.19960164000000002,-0.1
-0.19960160000000002,-0.5
-0.19960156,0.30000000000000004
-0.19960152,0.1
-0.19960148,-0.30000000000000004
-0.19960144000000002,-0.30000000000000004
-0.1996014,0.1
-0.19960136,-0.30000000000000004
-0.19960132,-0.30000000000000004
-0.19960128000000002,-0.30000000000000004
-0.19960124,-0.5
-0.1996012,-0.1
-0.19960116,-0.1
-0.19960112000000002,-0.30000000000000004
-0.19960108000000001,0.1
-0.19960104,-0.1
-0.199601,-0.1
-0.19960096000000002,-0.1
-0.19960092000000001,0.1
-0.19960088,-0.30000000000000004
-0.19960084,-0.30000000000000004
-0.19960080000000002,0.30000000000000004
-0.19960076000000002,-0.30000000000000004
-0.19960072,-0.1
-0.19960068,0.30000000000000004
-0.19960064000000002,-0.1
-0.19960060000000002,-0.1
-0.19960056,-0.1
-0.19960052,0.1
-0.19960048000000002,0.1
-0.19960044000000002,-0.1
-0.1996004,-0.7000000000000001
-0.19960036,-0.1
-0.19960032,-0.1
-0.19960028000000002,-0.1
-0.19960024,0.30000000000000004
-0.1996002,-0.1
-0.19960016,-0.1
-0.19960012000000002,0.1
-0.19960008,0.1
-0.19960004,-0.30000000000000004
