Time (s),Voltage (V)
-0.01,0.025400000000000002
-0.009999998,0.025400000000000002
-0.009999996,0.025400000000000002
-0.009999994,0.025400000000000002
-0.009999992000000001,0.025400000000000002
-0.00999999,0.025400000000000002
-0.009999988,0.025400000000000002
-0.009999986,0.025400000000000002
-0.009999984,0.025400000000000002
-0.009999982000000001,0.025400000000000002
-0.00999998,0.025400000000000002
-0.009999978,0.025400000000000002
-0.009999976,0.025400000000000002
-0.009999974,0.025400000000000002
-0.009999972000000001,0.025400000000000002
-0.00999997,0.025400000000000002
-0.009999968,0.025400000000000002
-0.009999966,0.025400000000000002
-0.009999964,0.025400000000000002
-0.009999962,0.025400000000000002
-0.00999996,0.025400000000000002
-0.009999958,0.025400000000000002
-0.009999956,0.025400000000000002
-0.009999954,0.025400000000000002
-0.009999952,0.025400000000000002
-0.00999995,0.025400000000000002
-0.009999948,0.025400000000000002
-0.009999946000000001,0.025400000000000002
-0.009999944,0.025400000000000002
-0.009999942,0.025400000000000002
-0.00999994,0.025400000000000002
-0.009999938,0.025400000000000002
-0.009999936000000001,0.025400000000000002
-0.009999934,0.025400000000000002
-0.009999932,0.025400000000000002
-0.00999993,0.025400000000000002
-0.009999928,0.025400000000000002
-0.009999926000000001,0.025400000000000002
-0.009999924,0.025400000000000002
-0.009999922,0.025400000000000002
-0.00999992,0.025400000000000002
-0.009999918,0.025400000000000002
-0.009999916000000001,0.025400000000000002
-0.009999914,0.025400000000000002
-0.009999912,0.025400000000000002
-0.00999991,0.025400000000000002
-0.009999908,0.025400000000000002
-0.009999906,0.025400000000000002
-0.009999904,0.025400000000000002
-0.009999902,0.025400000000000002
-0.0099999,0.025400000000000002
-0.009999898,0.025400000000000002
-0.009999896,0.025400000000000002
-0.009999894,0.025400000000000002
-0.009999892,0.025400000000000002
-0.00999989,0.025400000000000002
-0.009999888,0.025400000000000002
-0.009999886,0.025400000000000002
-0.009999884,0.025400000000000002
-0.009999882,0.025400000000000002
-0.009999880000000001,0.025400000000000002
-0.009999878,0.025400000000000002
-0.009999876,0.025400000000000002
-0.009999874,0.025400000000000002
-0.009999872,0.025400000000000002
-0.009999870000000001,0.025400000000000002
-0.009999868,0.025400000000000002
-0.009999866,0.025400000000000002
-0.009999864,0.025400000000000002
-0.009999862,0.025400000000000002
-0.009999860000000001,0.025400000000000002
-0.009999858,0.025400000000000002
-0.009999856,0.025400000000000002
-0.009999854,0.025400000000000002
-0.009999852,0.025400000000000002
-0.00999985,0.025400000000000002
-0.009999848,0.025400000000000002
-0.009999846,0.025400000000000002
-0.009999844,0.025400000000000002
-0.009999842,0.025400000000000002
-0.00999984,0.025400000000000002
-0.009999838,0.025400000000000002
-0.009999836,0.025400000000000002
-0.009999834,0.025400000000000002
-0.009999832,0.025400000000000002
-0.00999983,0.025400000000000002
-0.009999828,0.025400000000000002
-0.009999826,0.025400000000000002
-0.009999824000000001,0.025400000000000002
-0.009999822,0.025400000000000002
-0.00999982,0.025400000000000002
-0.009999818,0.025400000000000002
-0.009999816,0.025400000000000002
-0.009999814000000001,0.025400000000000002
-0.009999812,0.025400000000000002
-0.00999981,0.025400000000000002
-0.009999808,0.025400000000000002
-0.009999806,0.025400000000000002
-0.009999804000000001,0.025400000000000002
-0.009999802,0.025400000000000002
-0.0099998,0.025400000000000002
-0.009999798,0.025400000000000002
-0.009999796,0.025400000000000002
-0.009999794,0.025400000000000002
-0.009999792,0.025400000000000002
-0.00999979,0.025400000000000002
-0.009999788,0.025400000000000002
-0.009999786,0.025400000000000002
-0.009999784,0.025400000000000002
-0.009999782,0.025400000000000002
-0.00999978,0.025400000000000002
-0.009999778,0.025400000000000002
-0.009999776,0.025400000000000002
-0.009999774,0.025400000000000002
-0.009999772,0.025400000000000002
-0.00999977,0.025400000000000002
-0.009999768000000001,0.025400000000000002
-0.009999766,0.025400000000000002
-0.009999764,0.025400000000000002
-0.009999762,0.025400000000000002
-0.00999976,0.025400000000000002
-0.009999758000000001,0.025400000000000002
-0.009999756,0.025400000000000002
-0.009999754,0.025400000000000002
-0.009999752,0.025400000000000002
-0.00999975,0.025400000000000002
-0.009999748000000001,0.025400000000000002
-0.009999746,0.025400000000000002
-0.009999744,0.025400000000000002
-0.009999742,0.025400000000000002
-0.00999974,0.025400000000000002
-0.009999738000000001,0.025400000000000002
-0.009999736,0.025400000000000002
-0.009999734,0.025400000000000002
-0.009999732,0.025400000000000002
-0.00999973,0.025400000000000002
-0.009999728,0.025400000000000002
-0.009999726,0.025400000000000002
-0.009999724,0.025400000000000002
-0.009999722,0.025400000000000002
-0.00999972,0.025400000000000002
-0.009999718,0.025400000000000002
-0.009999716,0.025400000000000002
-0.009999714,0.025400000000000002
-0.009999712000000001,0.025400000000000002
-0.00999971,0.025400000000000002
-0.009999708,0.025400000000000002
-0.009999706,0.025400000000000002
-0.009999704,0.025400000000000002
-0.009999702000000001,0.025400000000000002
-0.0099997,0.025400000000000002
-0.009999698,0.025400000000000002
-0.009999696,0.025400000000000002
-0.009999694,0.025400000000000002
-0.009999692000000001,0.025400000000000002
-0.00999969,0.025400000000000002
-0.009999688,0.025400000000000002
-0.009999686,0.025400000000000002
-0.009999684,0.025400000000000002
-0.009999682000000001,0.025400000000000002
-0.00999968,0.025400000000000002
-0.009999678,0.025400000000000002
-0.009999676,0.025400000000000002
-0.009999674,0.025400000000000002
-0.009999672,0.025400000000000002
-0.00999967,0.025400000000000002
-0.009999668,0.025400000000000002
-0.009999666,0.025400000000000002
-0.009999664,0.025400000000000002
-0.009999662,0.025400000000000002
-0.00999966,0.025400000000000002
-0.009999658,0.025400000000000002
-0.009999656,0.025400000000000002
-0.009999654,0.025400000000000002
-0.009999652,0.025400000000000002
-0.00999965,0.025400000000000002
-0.009999648,0.025400000000000002
-0.009999646000000001,0.025400000000000002
-0.009999644,0.025400000000000002
-0.009999642,0.025400000000000002
-0.00999964,0.025400000000000002
-0.009999638,0.025400000000000002
-0.009999636000000001,0.025400000000000002
-0.009999634,0.025400000000000002
-0.009999632,0.025400000000000002
-0.00999963,0.025400000000000002
-0.009999628,0.025400000000000002
-0.009999626000000001,0.025400000000000002
-0.009999624,0.025400000000000002
-0.009999622,0.025400000000000002
-0.00999962,0.025400000000000002
-0.009999618,0.025400000000000002
-0.009999616,0.025400000000000002
-0.009999614,0.025400000000000002
-0.009999612,0.025400000000000002
-0.00999961,0.025400000000000002
-0.009999608,0.025400000000000002
-0.009999606,0.025400000000000002
-0.009999604,0.025400000000000002
-0.009999602,0.025400000000000002
-0.0099996,0.025400000000000002
-0.009999598,0.025400000000000002
-0.009999596,0.025400000000000002
-0.009999594,0.025400000000000002
-0.009999592,0.025400000000000002
-0.009999590000000001,0.025400000000000002
-0.009999588,0.025400000000000002
-0.009999586,0.025400000000000002
-0.009999584,0.025400000000000002
-0.009999582,0.025400000000000002
-0.009999580000000001,0.025400000000000002
-0.009999578,0.025400000000000002
-0.009999576,0.025400000000000002
-0.009999574,0.025400000000000002
-0.009999572,0.025400000000000002
-0.009999570000000001,0.025400000000000002
-0.009999568,0.025400000000000002
-0.009999566,0.025400000000000002
-0.009999564,0.025400000000000002
-0.009999562,0.025400000000000002
-0.00999956,0.025400000000000002
-0.009999558,0.025400000000000002
-0.009999556,0.025400000000000002
-0.009999554,0.025400000000000002
-0.009999552,0.025400000000000002
-0.00999955,0.025400000000000002
-0.009999548,0.025400000000000002
-0.009999546,0.025400000000000002
-0.009999544,0.025400000000000002
-0.009999542,0.025400000000000002
-0.00999954,0.025400000000000002
-0.009999538,0.025400000000000002
-0.009999536,0.025400000000000002
-0.009999534000000001,0.025400000000000002
-0.009999532,0.025400000000000002
-0.00999953,0.025400000000000002
-0.009999528,0.025400000000000002
-0.009999526,0.025400000000000002
-0.009999524000000001,0.025400000000000002
-0.009999522,0.025400000000000002
-0.00999952,0.025400000000000002
-0.009999518,0.025400000000000002
-0.009999516,0.025400000000000002
-0.009999514000000001,0.025400000000000002
-0.009999512,0.025400000000000002
-0.00999951,0.025400000000000002
-0.009999508,0.025400000000000002
-0.009999506,0.025400000000000002
-0.009999504000000001,0.025400000000000002
-0.009999502,0.025400000000000002
-0.0099995,0.025400000000000002
-0.009999498,0.025400000000000002
-0.009999496,0.025400000000000002
-0.009999494,0.025400000000000002
-0.009999492,0.025400000000000002
-0.00999949,0.025400000000000002
-0.009999488,0.025400000000000002
-0.009999486,0.025400000000000002
-0.009999484,0.025400000000000002
-0.009999482,0.025400000000000002
-0.00999948,0.025400000000000002
-0.009999478000000001,0.025400000000000002
-0.009999476,0.025400000000000002
-0.009999474,0.025400000000000002
-0.009999472,0.025400000000000002
-0.00999947,0.025400000000000002
-0.009999468000000001,0.025400000000000002
-0.009999466,0.025400000000000002
-0.009999464,0.025400000000000002
-0.009999462,0.025400000000000002
-0.00999946,0.025400000000000002
-0.009999458000000001,0.025400000000000002
-0.009999456,0.025400000000000002
-0.009999454,0.025400000000000002
-0.009999452,0.025400000000000002
-0.00999945,0.025400000000000002
-0.009999448000000001,0.025400000000000002
-0.009999446,0.025400000000000002
-0.009999444,0.025400000000000002
-0.009999442,0.025400000000000002
-0.00999944,0.025400000000000002
-0.009999438,0.025400000000000002
-0.009999436,0.025400000000000002
-0.009999434,0.025400000000000002
-0.009999432,0.025400000000000002
-0.00999943,0.025400000000000002
-0.009999428,0.025400000000000002
-0.009999426,0.025400000000000002
-0.009999424,0.025400000000000002
-0.009999422,0.025400000000000002
-0.00999942,0.025400000000000002
-0.009999418,0.025400000000000002
-0.009999416,0.025400000000000002
-0.009999414,0.025400000000000002
-0.009999412000000001,0.025400000000000002
-0.00999941,0.025400000000000002
-0.009999408,0.025400000000000002
-0.009999406,0.025400000000000002
-0.009999404,0.025400000000000002
-0.009999402000000001,0.025400000000000002
-0.0099994,0.025400000000000002
-0.009999398,0.025400000000000002
-0.009999396,0.025400000000000002
-0.009999394,0.025400000000000002
-0.009999392000000001,0.025400000000000002
-0.00999939,0.025400000000000002
-0.009999388,0.025400000000000002
-0.009999386,0.025400000000000002
-0.009999384,0.025400000000000002
-0.009999382,0.025400000000000002
-0.00999938,0.025400000000000002
-0.009999378,0.025400000000000002
-0.009999376,0.025400000000000002
-0.009999374,0.025400000000000002
-0.009999372,0.025400000000000002
-0.00999937,0.025400000000000002
-0.009999368,0.025400000000000002
-0.009999366,0.025400000000000002
-0.009999364,0.025400000000000002
-0.009999362,0.025400000000000002
-0.00999936,0.025400000000000002
-0.009999358,0.025400000000000002
-0.009999356000000001,0.025400000000000002
-0.009999354,0.025400000000000002
-0.009999352,0.025400000000000002
-0.00999935,0.025400000000000002
-0.009999348,0.025400000000000002
-0.009999346000000001,0.025400000000000002
-0.009999344,0.025400000000000002
-0.009999342,0.025400000000000002
-0.00999934,0.025400000000000002
-0.009999338,0.025400000000000002
-0.009999336000000001,0.025400000000000002
-0.009999334,0.025400000000000002
-0.009999332,0.025400000000000002
-0.00999933,0.025400000000000002
-0.009999328,0.025400000000000002
-0.009999326,0.025400000000000002
-0.009999324,0.025400000000000002
-0.009999322,0.025400000000000002
-0.00999932,0.025400000000000002
-0.009999318,0.025400000000000002
-0.009999316,0.025400000000000002
-0.009999314,0.025400000000000002
-0.009999312,0.025400000000000002
-0.00999931,0.025400000000000002
-0.009999308,0.025400000000000002
-0.009999306,0.025400000000000002
-0.009999304,0.025400000000000002
-0.009999302,0.025400000000000002
-0.009999300000000001,0.025400000000000002
-0.009999298,0.025400000000000002
-0.009999296,0.025400000000000002
-0.009999294,0.025400000000000002
-0.009999292,0.025400000000000002
-0.009999290000000001,0.025400000000000002
-0.009999288,0.025400000000000002
-0.009999286,0.025400000000000002
-0.009999284,0.025400000000000002
-0.009999282,0.025400000000000002
-0.009999280000000001,0.025400000000000002
-0.009999278,0.025400000000000002
-0.009999276,0.025400000000000002
-0.009999274,0.025400000000000002
-0.009999272,0.025400000000000002
-0.009999270000000001,0.025400000000000002
-0.009999268,0.025400000000000002
-0.009999266,0.025400000000000002
-0.009999264,0.025400000000000002
-0.009999262,0.025400000000000002
-0.00999926,0.025400000000000002
-0.009999258,0.025400000000000002
-0.009999256,0.025400000000000002
-0.009999254,0.025400000000000002
-0.009999252,0.025400000000000002
-0.00999925,0.025400000000000002
-0.009999248,0.025400000000000002
-0.009999246,0.025400000000000002
-0.009999244000000001,0.025400000000000002
-0.009999242,0.025400000000000002
-0.00999924,0.025400000000000002
-0.009999238,0.025400000000000002
-0.009999236,0.025400000000000002
-0.009999234000000001,0.025400000000000002
-0.009999232,0.025400000000000002
-0.00999923,0.025400000000000002
-0.009999228,0.025400000000000002
-0.009999226,0.025400000000000002
-0.009999224000000001,0.025400000000000002
-0.009999222,0.025400000000000002
-0.00999922,0.025400000000000002
-0.009999218,0.025400000000000002
-0.009999216,0.025400000000000002
-0.009999214000000001,0.025400000000000002
-0.009999212,0.025400000000000002
-0.00999921,0.025400000000000002
-0.009999208,0.025400000000000002
-0.009999206,0.025400000000000002
-0.009999204,0.025400000000000002
-0.009999202,0.025400000000000002
-0.0099992,0.025400000000000002
-0.009999198,0.025400000000000002
-0.009999196,0.025400000000000002
-0.009999194,0.025400000000000002
-0.009999192,0.025400000000000002
-0.00999919,0.025400000000000002
-0.009999188,0.025400000000000002
-0.009999186,0.025400000000000002
-0.009999184,0.025400000000000002
-0.009999182,0.025400000000000002
-0.00999918,0.025400000000000002
-0.009999178000000001,0.025400000000000002
-0.009999176,0.025400000000000002
-0.009999174,0.025400000000000002
-0.009999172,0.025400000000000002
-0.00999917,0.025400000000000002
-0.009999168000000001,0.025400000000000002
-0.009999166,0.025400000000000002
-0.009999164,0.025400000000000002
-0.009999162,0.025400000000000002
-0.00999916,0.025400000000000002
-0.009999158000000001,0.025400000000000002
-0.009999156,0.025400000000000002
-0.009999154,0.025400000000000002
-0.009999152,0.025400000000000002
-0.00999915,0.025400000000000002
-0.009999148,0.025400000000000002
-0.009999146,0.025400000000000002
-0.009999144,0.025400000000000002
-0.009999142,0.025400000000000002
-0.00999914,0.025400000000000002
-0.009999138,0.025400000000000002
-0.009999136,0.025400000000000002
-0.009999134,0.025400000000000002
-0.009999132,0.025400000000000002
-0.00999913,0.025400000000000002
-0.009999128,0.025400000000000002
-0.009999126,0.025400000000000002
-0.009999124,0.025400000000000002
-0.009999122000000001,0.025400000000000002
-0.00999912,0.025400000000000002
-0.009999118,0.025400000000000002
-0.009999116,0.025400000000000002
-0.009999114,0.025400000000000002
-0.009999112000000001,0.025400000000000002
-0.00999911,0.025400000000000002
-0.009999108,0.025400000000000002
-0.009999106,0.025400000000000002
-0.009999104,0.025400000000000002
-0.009999102000000001,0.025400000000000002
-0.0099991,0.025400000000000002
-0.009999098,0.025400000000000002
-0.009999096,0.025400000000000002
-0.009999094,0.025400000000000002
-0.009999092,0.025400000000000002
-0.00999909,0.025400000000000002
-0.009999088,0.025400000000000002
-0.009999086,0.025400000000000002
-0.009999084,0.025400000000000002
-0.009999082,0.025400000000000002
-0.00999908,0.025400000000000002
-0.009999078,0.025400000000000002
-0.009999076,0.025400000000000002
-0.009999074,0.025400000000000002
-0.009999072,0.025400000000000002
-0.00999907,0.025400000000000002
-0.009999068,0.025400000000000002
-0.009999066000000001,0.025400000000000002
-0.009999064,0.025400000000000002
-0.009999062,0.025400000000000002
-0.00999906,0.025400000000000002
-0.009999058,0.025400000000000002
-0.009999056000000001,0.025400000000000002
-0.009999054,0.025400000000000002
-0.009999052,0.025400000000000002
-0.00999905,0.025400000000000002
-0.009999048,0.025400000000000002
-0.009999046000000001,0.025400000000000002
-0.009999044,0.025400000000000002
-0.009999042,0.025400000000000002
-0.00999904,0.025400000000000002
-0.009999038,0.025400000000000002
-0.009999036,0.025400000000000002
-0.009999034,0.025400000000000002
-0.009999032,0.025400000000000002
-0.00999903,0.025400000000000002
-0.009999028,0.025400000000000002
-0.009999026,0.025400000000000002
-0.009999024,0.025400000000000002
-0.009999022,0.025400000000000002
-0.00999902,0.025400000000000002
-0.009999018,0.025400000000000002
-0.009999016,0.025400000000000002
-0.009999014,0.025400000000000002
-0.009999012,0.025400000000000002
-0.009999010000000001,0.025400000000000002
-0.009999008,0.025400000000000002
-0.009999006,0.025400000000000002
-0.009999004,0.025400000000000002
-0.009999002,0.025400000000000002
-0.009999000000000001,0.025400000000000002
-0.009998998,0.025400000000000002
-0.009998996,0.025400000000000002
-0.009998994,0.025400000000000002
-0.009998992,0.025400000000000002
-0.009998990000000001,0.025400000000000002
-0.009998988,0.025400000000000002
-0.009998986,0.025400000000000002
-0.009998984,0.025400000000000002
-0.009998982,0.025400000000000002
-0.009998980000000001,0.025400000000000002
-0.009998978,0.025400000000000002
-0.009998976,0.025400000000000002
-0.009998974,0.025400000000000002
-0.009998972,0.025400000000000002
-0.00999897,0.025400000000000002
-0.009998968,0.025400000000000002
-0.009998966,0.025400000000000002
-0.009998964,0.025400000000000002
-0.009998962,0.025400000000000002
-0.00999896,0.025400000000000002
-0.009998958,0.025400000000000002
-0.009998956,0.025400000000000002
-0.009998954000000001,0.025400000000000002
-0.009998952,0.025400000000000002
-0.00999895,0.025400000000000002
-0.009998948,0.025400000000000002
-0.009998946,0.025400000000000002
-0.009998944000000001,0.025400000000000002
-0.009998942,0.025400000000000002
-0.00999894,0.025400000000000002
-0.009998938,0.025400000000000002
-0.009998936,0.025400000000000002
-0.009998934000000001,0.025400000000000002
-0.009998932,0.025400000000000002
-0.00999893,0.025400000000000002
-0.009998928,0.025400000000000002
-0.009998926,0.025400000000000002
-0.009998924000000001,0.025400000000000002
-0.009998922,0.025400000000000002
-0.00999892,0.025400000000000002
-0.009998918,0.025400000000000002
-0.009998916,0.025400000000000002
-0.009998914,0.025400000000000002
-0.009998912,0.025400000000000002
-0.00999891,0.025400000000000002
-0.009998908,0.025400000000000002
-0.009998906,0.025400000000000002
-0.009998904,0.025400000000000002
-0.009998902,0.025400000000000002
-0.0099989,0.025400000000000002
-0.009998898,0.025400000000000002
-0.009998896,0.025400000000000002
-0.009998894,0.025400000000000002
-0.009998892,0.025400000000000002
-0.00999889,0.025400000000000002
-0.009998888000000001,0.025400000000000002
-0.009998886,0.025400000000000002
-0.009998884,0.025400000000000002
-0.009998882,0.025400000000000002
-0.00999888,0.025400000000000002
-0.009998878000000001,0.025400000000000002
-0.009998876,0.025400000000000002
-0.009998874,0.025400000000000002
-0.009998872,0.025400000000000002
-0.00999887,0.025400000000000002
-0.009998868000000001,0.025400000000000002
-0.009998866,0.025400000000000002
-0.009998864,0.025400000000000002
-0.009998862,0.025400000000000002
-0.00999886,0.025400000000000002
-0.009998858,0.025400000000000002
-0.009998856,0.025400000000000002
-0.009998854,0.025400000000000002
-0.009998852,0.025400000000000002
-0.00999885,0.025400000000000002
-0.009998848,0.025400000000000002
-0.009998846,0.025400000000000002
-0.009998844,0.025400000000000002
-0.009998842,0.025400000000000002
-0.00999884,0.025400000000000002
-0.009998838,0.025400000000000002
-0.009998836,0.025400000000000002
-0.009998834,0.025400000000000002
-0.009998832000000001,0.025400000000000002
-0.00999883,0.025400000000000002
-0.009998828,0.025400000000000002
-0.009998826,0.025400000000000002
-0.009998824,0.025400000000000002
-0.009998822000000001,0.025400000000000002
-0.00999882,0.025400000000000002
-0.009998818,0.025400000000000002
-0.009998816,0.025400000000000002
-0.009998814,0.025400000000000002
-0.009998812000000001,0.025400000000000002
-0.00999881,0.025400000000000002
-0.009998808,0.025400000000000002
-0.009998806,0.025400000000000002
-0.009998804,0.025400000000000002
-0.009998802,0.025400000000000002
-0.0099988,0.025400000000000002
-0.009998798,0.025400000000000002
-0.009998796,0.025400000000000002
-0.009998794,0.025400000000000002
-0.009998792,0.025400000000000002
-0.00999879,0.025400000000000002
-0.009998788,0.025400000000000002
-0.009998786,0.025400000000000002
-0.009998784,0.025400000000000002
-0.009998782,0.025400000000000002
-0.00999878,0.025400000000000002
-0.009998778,0.025400000000000002
-0.009998776000000001,0.025400000000000002
-0.009998774,0.025400000000000002
-0.009998772,0.025400000000000002
-0.00999877,0.025400000000000002
-0.009998768,0.025400000000000002
-0.009998766000000001,0.025400000000000002
-0.009998764,0.025400000000000002
-0.009998762,0.025400000000000002
-0.00999876,0.025400000000000002
-0.009998758,0.025400000000000002
-0.009998756000000001,0.025400000000000002
-0.009998754,0.025400000000000002
-0.009998752,0.025400000000000002
-0.00999875,0.025400000000000002
-0.009998748,0.025400000000000002
-0.009998746000000001,0.025400000000000002
-0.009998744,0.025400000000000002
-0.009998742,0.025400000000000002
-0.00999874,0.025400000000000002
-0.009998738,0.025400000000000002
-0.009998736,0.025400000000000002
-0.009998734,0.025400000000000002
-0.009998732,0.025400000000000002
-0.00999873,0.025400000000000002
-0.009998728,0.025400000000000002
-0.009998726,0.025400000000000002
-0.009998724,0.025400000000000002
-0.009998722,0.025400000000000002
-0.009998720000000001,0.025400000000000002
-0.009998718,0.025400000000000002
-0.009998716,0.025400000000000002
-0.009998714,0.025400000000000002
-0.009998712,0.025400000000000002
-0.009998710000000001,0.025400000000000002
-0.009998708,0.025400000000000002
-0.009998706,0.025400000000000002
-0.009998704,0.025400000000000002
-0.009998702,0.025400000000000002
-0.009998700000000001,0.025400000000000002
-0.009998698,0.025400000000000002
-0.009998696,0.025400000000000002
-0.009998694,0.025400000000000002
-0.009998692,0.025400000000000002
-0.009998690000000001,0.025400000000000002
-0.009998688,0.025400000000000002
-0.009998686,0.025400000000000002
-0.009998684,0.025400000000000002
-0.009998682,0.025400000000000002
-0.00999868,0.025400000000000002
-0.009998678,0.025400000000000002
-0.009998676,0.025400000000000002
-0.009998674,0.025400000000000002
-0.009998672,0.025400000000000002
-0.00999867,0.025400000000000002
-0.009998668,0.025400000000000002
-0.009998666,0.025400000000000002
-0.009998664,0.025400000000000002
-0.009998662,0.025400000000000002
-0.00999866,0.025400000000000002
-0.009998658,0.025400000000000002
-0.009998656,0.025400000000000002
-0.009998654000000001,0.025400000000000002
-0.009998652,0.025400000000000002
-0.00999865,0.025400000000000002
-0.009998648,0.025400000000000002
-0.009998646,0.025400000000000002
-0.009998644000000001,0.025400000000000002
-0.009998642,0.025400000000000002
-0.00999864,0.025400000000000002
-0.009998638,0.025400000000000002
-0.009998636,0.025400000000000002
-0.009998634000000001,0.025400000000000002
-0.009998632,0.025400000000000002
-0.00999863,0.025400000000000002
-0.009998628,0.025400000000000002
-0.009998626,0.025400000000000002
-0.009998624,0.025400000000000002
-0.009998622,0.025400000000000002
-0.00999862,0.025400000000000002
-0.009998618,0.025400000000000002
-0.009998616,0.025400000000000002
-0.009998614,0.025400000000000002
-0.009998612,0.025400000000000002
-0.00999861,0.025400000000000002
-0.009998608,0.025400000000000002
-0.009998606,0.025400000000000002
-0.009998604,0.025400000000000002
-0.009998602,0.025400000000000002
-0.0099986,0.025400000000000002
-0.009998598000000001,0.025400000000000002
-0.009998596,0.025400000000000002
-0.009998594,0.025400000000000002
-0.009998592,0.025400000000000002
-0.00999859,0.025400000000000002
-0.009998588000000001,0.025400000000000002
-0.009998586,0.025400000000000002
-0.009998584,0.025400000000000002
-0.009998582,0.025400000000000002
-0.00999858,0.025400000000000002
-0.009998578000000001,0.025400000000000002
-0.009998576,0.025400000000000002
-0.009998574,0.025400000000000002
-0.009998572,0.025400000000000002
-0.00999857,0.025400000000000002
-0.009998568,0.025400000000000002
-0.009998566,0.025400000000000002
-0.009998564,0.025400000000000002
-0.009998562,0.025400000000000002
-0.00999856,0.025400000000000002
-0.009998558,0.025400000000000002
-0.009998556,0.025400000000000002
-0.009998554,0.025400000000000002
-0.009998552,0.025400000000000002
-0.00999855,0.025400000000000002
-0.009998548,0.025400000000000002
-0.009998546,0.025400000000000002
-0.009998544,0.025400000000000002
-0.009998542000000001,0.025400000000000002
-0.00999854,0.025400000000000002
-0.009998538,0.025400000000000002
-0.009998536,0.025400000000000002
-0.009998534,0.025400000000000002
-0.009998532000000001,0.025400000000000002
-0.00999853,0.025400000000000002
-0.009998528,0.025400000000000002
-0.009998526,0.025400000000000002
-0.009998524,0.025400000000000002
-0.009998522000000001,0.025400000000000002
-0.00999852,0.025400000000000002
-0.009998518,0.025400000000000002
-0.009998516,0.025400000000000002
-0.009998514,0.025400000000000002
-0.009998512000000001,0.025400000000000002
-0.00999851,0.025400000000000002
-0.009998508,0.025400000000000002
-0.009998506,0.025400000000000002
-0.009998504,0.025400000000000002
-0.009998502,0.025400000000000002
-0.0099985,0.025400000000000002
-0.009998498,0.025400000000000002
-0.009998496,0.025400000000000002
-0.009998494,0.025400000000000002
-0.009998492,0.025400000000000002
-0.00999849,0.025400000000000002
-0.009998488,0.025400000000000002
-0.009998486000000001,0.025400000000000002
-0.009998484,0.025400000000000002
-0.009998482,0.025400000000000002
-0.00999848,0.025400000000000002
-0.009998478,0.025400000000000002
-0.009998476000000001,0.025400000000000002
-0.009998474,0.025400000000000002
-0.009998472,0.025400000000000002
-0.00999847,0.025400000000000002
-0.009998468,0.025400000000000002
-0.009998466000000001,0.025400000000000002
-0.009998464,0.025400000000000002
-0.009998462,0.025400000000000002
-0.00999846,0.025400000000000002
-0.009998458,0.025400000000000002
-0.009998456000000001,0.025400000000000002
-0.009998454,0.025400000000000002
-0.009998452,0.025400000000000002
-0.00999845,0.025400000000000002
-0.009998448,0.025400000000000002
-0.009998446,0.025400000000000002
-0.009998444,0.025400000000000002
-0.009998442,0.025400000000000002
-0.00999844,0.025400000000000002
-0.009998438,0.025400000000000002
-0.009998436,0.025400000000000002
-0.009998434,0.025400000000000002
-0.009998432,0.025400000000000002
-0.00999843,0.025400000000000002
-0.009998428,0.025400000000000002
-0.009998426,0.025400000000000002
-0.009998424,0.025400000000000002
-0.009998422,0.025400000000000002
-0.009998420000000001,0.025400000000000002
-0.009998418,0.025400000000000002
-0.009998416,0.025400000000000002
-0.009998414,0.025400000000000002
-0.009998412,0.025400000000000002
-0.009998410000000001,0.025400000000000002
-0.009998408,0.025400000000000002
-0.009998406,0.025400000000000002
-0.009998404,0.025400000000000002
-0.009998402,0.025400000000000002
-0.009998400000000001,0.025400000000000002
-0.009998398,0.025400000000000002
-0.009998396,0.025400000000000002
-0.009998394,0.025400000000000002
-0.009998392,0.025400000000000002
-0.00999839,0.025400000000000002
-0.009998388,0.025400000000000002
-0.009998386,0.025400000000000002
-0.009998384,0.025400000000000002
-0.009998382,0.025400000000000002
-0.00999838,0.025400000000000002
-0.009998378,0.025400000000000002
-0.009998376,0.025400000000000002
-0.009998374,0.025400000000000002
-0.009998372,0.025400000000000002
-0.00999837,0.025400000000000002
-0.009998368,0.025400000000000002
-0.009998366,0.025400000000000002
-0.009998364000000001,0.025400000000000002
-0.009998362,0.025400000000000002
-0.00999836,0.025400000000000002
-0.009998358,0.025400000000000002
-0.009998356,0.025400000000000002
-0.009998354000000001,0.025400000000000002
-0.009998352,0.025400000000000002
-0.00999835,0.025400000000000002
-0.009998348,0.025400000000000002
-0.009998346,0.025400000000000002
-0.009998344000000001,0.025400000000000002
-0.009998342,0.025400000000000002
-0.00999834,0.025400000000000002
-0.009998338,0.025400000000000002
-0.009998336,0.025400000000000002
-0.009998334,0.025400000000000002
-0.009998332,0.025400000000000002
-0.00999833,0.025400000000000002
-0.009998328,0.025400000000000002
-0.009998326,0.025400000000000002
-0.009998324,0.025400000000000002
-0.009998322,0.025400000000000002
-0.00999832,0.025400000000000002
-0.009998318,0.025400000000000002
-0.009998316,0.025400000000000002
-0.009998314,0.025400000000000002
-0.009998312,0.025400000000000002
-0.00999831,0.025400000000000002
-0.009998308000000001,0.025400000000000002
-0.009998306,0.025400000000000002
-0.009998304,0.025400000000000002
-0.009998302,0.025400000000000002
-0.0099983,0.025400000000000002
-0.009998298000000001,0.025400000000000002
-0.009998296,0.025400000000000002
-0.009998294,0.025400000000000002
-0.009998292,0.025400000000000002
-0.00999829,0.025400000000000002
-0.009998288000000001,0.025400000000000002
-0.009998286,0.025400000000000002
-0.009998284,0.025400000000000002
-0.009998282,0.025400000000000002
-0.00999828,0.025400000000000002
-0.009998278000000001,0.025400000000000002
-0.009998276,0.025400000000000002
-0.009998274,0.025400000000000002
-0.009998272,0.025400000000000002
-0.00999827,0.025400000000000002
-0.009998268,0.025400000000000002
-0.009998266,0.025400000000000002
-0.009998264,0.025400000000000002
-0.009998262,0.025400000000000002
-0.00999826,0.025400000000000002
-0.009998258,0.025400000000000002
-0.009998256,0.025400000000000002
-0.009998254,0.025400000000000002
-0.009998252000000001,0.025400000000000002
-0.00999825,0.025400000000000002
-0.009998248,0.025400000000000002
-0.009998246,0.025400000000000002
-0.009998244,0.025400000000000002
-0.009998242000000001,0.025400000000000002
-0.00999824,0.025400000000000002
-0.009998238,0.025400000000000002
-0.009998236,0.025400000000000002
-0.009998234,0.025400000000000002
-0.009998232000000001,0.025400000000000002
-0.00999823,0.025400000000000002
-0.009998228,0.025400000000000002
-0.009998226,0.025400000000000002
-0.009998224,0.025400000000000002
-0.009998222000000001,0.025400000000000002
-0.00999822,0.025400000000000002
-0.009998218,0.025400000000000002
-0.009998216,0.025400000000000002
-0.009998214,0.025400000000000002
-0.009998212,0.025400000000000002
-0.00999821,0.025400000000000002
-0.009998208,0.025400000000000002
-0.009998206,0.025400000000000002
-0.009998204,0.025400000000000002
-0.009998202,0.025400000000000002
-0.0099982,0.025400000000000002
-0.009998198,0.025400000000000002
-0.009998196,0.025400000000000002
-0.009998194,0.025400000000000002
-0.009998192,0.025400000000000002
-0.00999819,0.025400000000000002
-0.009998188,0.025400000000000002
-0.009998186000000001,0.025400000000000002
-0.009998184,0.025400000000000002
-0.009998182,0.025400000000000002
-0.00999818,0.025400000000000002
-0.009998178,0.025400000000000002
-0.009998176000000001,0.025400000000000002
-0.009998174,0.025400000000000002
-0.009998172,0.025400000000000002
-0.00999817,0.025400000000000002
-0.009998168,0.025400000000000002
-0.009998166000000001,0.025400000000000002
-0.009998164,0.025400000000000002
-0.009998162,0.025400000000000002
-0.00999816,0.025400000000000002
-0.009998158,0.025400000000000002
-0.009998156,0.025400000000000002
-0.009998154,0.025400000000000002
-0.009998152,0.025400000000000002
-0.00999815,0.025400000000000002
-0.009998148,0.025400000000000002
-0.009998146,0.025400000000000002
-0.009998144,0.025400000000000002
-0.009998142,0.025400000000000002
-0.00999814,0.025400000000000002
-0.009998138,0.025400000000000002
-0.009998136,0.025400000000000002
-0.009998134,0.025400000000000002
-0.009998132,0.025400000000000002
-0.009998130000000001,0.025400000000000002
-0.009998128,0.025400000000000002
-0.009998126,0.025400000000000002
-0.009998124,0.025400000000000002
-0.009998122,0.025400000000000002
-0.009998120000000001,0.025400000000000002
-0.009998118,0.025400000000000002
-0.009998116,0.025400000000000002
-0.009998114,0.025400000000000002
-0.009998112,0.025400000000000002
-0.009998110000000001,0.025400000000000002
-0.009998108,0.025400000000000002
-0.009998106,0.025400000000000002
-0.009998104,0.025400000000000002
-0.009998102,0.025400000000000002
-0.0099981,0.025400000000000002
-0.009998098,0.025400000000000002
-0.009998096,0.025400000000000002
-0.009998094,0.025400000000000002
-0.009998092,0.025400000000000002
-0.00999809,0.025400000000000002
-0.009998088,0.025400000000000002
-0.009998086,0.025400000000000002
-0.009998084,0.025400000000000002
-0.009998082,0.025400000000000002
-0.00999808,0.025400000000000002
-0.009998078,0.025400000000000002
-0.009998076,0.025400000000000002
-0.009998074000000001,0.025400000000000002
-0.009998072,0.025400000000000002
-0.00999807,0.025400000000000002
-0.009998068,0.025400000000000002
-0.009998066,0.025400000000000002
-0.009998064000000001,0.025400000000000002
-0.009998062,0.025400000000000002
-0.00999806,0.025400000000000002
-0.009998058,0.025400000000000002
-0.009998056,0.025400000000000002
-0.009998054000000001,0.025400000000000002
-0.009998052,0.025400000000000002
-0.00999805,0.025400000000000002
-0.009998048,0.025400000000000002
-0.009998046,0.025400000000000002
-0.009998044000000001,0.025400000000000002
-0.009998042,0.025400000000000002
-0.00999804,0.025400000000000002
-0.009998038,0.025400000000000002
-0.009998036,0.025400000000000002
-0.009998034,0.025400000000000002
-0.009998032,0.025400000000000002
-0.00999803,0.025400000000000002
-0.009998028,0.025400000000000002
-0.009998026,0.025400000000000002
-0.009998024,0.025400000000000002
-0.009998022,0.025400000000000002
-0.00999802,0.025400000000000002
-0.009998018000000001,0.025400000000000002
-0.009998016,0.025400000000000002
-0.009998014,0.025400000000000002
-0.009998012,0.025400000000000002
-0.00999801,0.025400000000000002
-0.009998008000000001,0.025400000000000002
-0.009998006,0.025400000000000002
-0.009998004,0.025400000000000002
-0.009998002,0.025400000000000002
-0.009998,0.025400000000000002
-0.009997998000000001,0.025400000000000002
-0.009997996,0.025400000000000002
-0.009997994,0.025400000000000002
-0.009997992,0.025400000000000002
-0.00999799,0.025400000000000002
-0.009997988000000001,0.025400000000000002
-0.009997986,0.025400000000000002
-0.009997984,0.025400000000000002
-0.009997982,0.025400000000000002
-0.00999798,0.025400000000000002
-0.009997978,0.025400000000000002
-0.009997976,0.025400000000000002
-0.009997974,0.025400000000000002
-0.009997972,0.025400000000000002
-0.00999797,0.025400000000000002
-0.009997968,0.025400000000000002
-0.009997966,0.025400000000000002
-0.009997964,0.025400000000000002
-0.009997962,0.025400000000000002
-0.00999796,0.025400000000000002
-0.009997958,0.025400000000000002
-0.009997956,0.025400000000000002
-0.009997954,0.025400000000000002
-0.009997952000000001,0.025400000000000002
-0.00999795,0.025400000000000002
-0.009997948,0.025400000000000002
-0.009997946,0.025400000000000002
-0.009997944,0.025400000000000002
-0.009997942000000001,0.025400000000000002
-0.00999794,0.025400000000000002
-0.009997938,0.025400000000000002
-0.009997936,0.025400000000000002
-0.009997934,0.025400000000000002
-0.009997932000000001,0.025400000000000002
-0.00999793,0.025400000000000002
-0.009997928,0.025400000000000002
-0.009997926,0.025400000000000002
-0.009997924,0.025400000000000002
-0.009997922,0.025400000000000002
-0.00999792,0.025400000000000002
-0.009997918,0.025400000000000002
-0.009997916,0.025400000000000002
-0.009997914,0.025400000000000002
-0.009997912,0.025400000000000002
-0.00999791,0.025400000000000002
-0.009997908,0.025400000000000002
-0.009997906,0.025400000000000002
-0.009997904,0.025400000000000002
-0.009997902,0.025400000000000002
-0.0099979,0.025400000000000002
-0.009997898,0.025400000000000002
-0.009997896000000001,0.025400000000000002
-0.009997894,0.025400000000000002
-0.009997892,0.025400000000000002
-0.00999789,0.025400000000000002
-0.009997888,0.025400000000000002
-0.009997886000000001,0.025400000000000002
-0.009997884,0.025400000000000002
-0.009997882,0.025400000000000002
-0.00999788,0.025400000000000002
-0.009997878,0.025400000000000002
-0.009997876000000001,0.025400000000000002
-0.009997874,0.025400000000000002
-0.009997872,0.025400000000000002
-0.00999787,0.025400000000000002
-0.009997868,0.025400000000000002
-0.009997866,0.025400000000000002
-0.009997864,0.025400000000000002
-0.009997862,0.025400000000000002
-0.00999786,0.025400000000000002
-0.009997858,0.025400000000000002
-0.009997856,0.025400000000000002
-0.009997854,0.025400000000000002
-0.009997852,0.025400000000000002
-0.00999785,0.025400000000000002
-0.009997848,0.025400000000000002
-0.009997846,0.025400000000000002
-0.009997844,0.025400000000000002
-0.009997842,0.025400000000000002
-0.009997840000000001,0.025400000000000002
-0.009997838,0.025400000000000002
-0.009997836,0.025400000000000002
-0.009997834,0.025400000000000002
-0.009997832,0.025400000000000002
-0.009997830000000001,0.025400000000000002
-0.009997828,0.025400000000000002
-0.009997826,0.025400000000000002
-0.009997824,0.025400000000000002
-0.009997822,0.025400000000000002
-0.009997820000000001,0.025400000000000002
-0.009997818,0.025400000000000002
-0.009997816,0.025400000000000002
-0.009997814,0.025400000000000002
-0.009997812,0.025400000000000002
-0.009997810000000001,0.025400000000000002
-0.009997808,0.025400000000000002
-0.009997806,0.025400000000000002
-0.009997804,0.025400000000000002
-0.009997802,0.025400000000000002
-0.0099978,0.025400000000000002
-0.009997798,0.025400000000000002
-0.009997796,0.025400000000000002
-0.009997794,0.025400000000000002
-0.009997792,0.025400000000000002
-0.00999779,0.025400000000000002
-0.009997788,0.025400000000000002
-0.009997786,0.025400000000000002
-0.009997784000000001,0.025400000000000002
-0.009997782,0.025400000000000002
-0.00999778,0.025400000000000002
-0.009997778,0.025400000000000002
-0.009997776,0.025400000000000002
-0.009997774000000001,0.025400000000000002
-0.009997772,0.025400000000000002
-0.00999777,0.025400000000000002
-0.009997768,0.025400000000000002
-0.009997766,0.025400000000000002
-0.009997764000000001,0.025400000000000002
-0.009997762,0.025400000000000002
-0.00999776,0.025400000000000002
-0.009997758,0.025400000000000002
-0.009997756,0.025400000000000002
-0.009997754000000001,0.025400000000000002
-0.009997752,0.025400000000000002
-0.00999775,0.025400000000000002
-0.009997748,0.025400000000000002
-0.009997746,0.025400000000000002
-0.009997744,0.025400000000000002
-0.009997742,0.025400000000000002
-0.00999774,0.025400000000000002
-0.009997738,0.025400000000000002
-0.009997736,0.025400000000000002
-0.009997734,0.025400000000000002
-0.009997732,0.025400000000000002
-0.00999773,0.025400000000000002
-0.009997728,0.025400000000000002
-0.009997726,0.025400000000000002
-0.009997724,0.025400000000000002
-0.009997722,0.025400000000000002
-0.00999772,0.025400000000000002
-0.009997718000000001,0.025400000000000002
-0.009997716,0.025400000000000002
-0.009997714,0.025400000000000002
-0.009997712,0.025400000000000002
-0.00999771,0.025400000000000002
-0.009997708000000001,0.025400000000000002
-0.009997706,0.025400000000000002
-0.009997704,0.025400000000000002
-0.009997702,0.025400000000000002
-0.0099977,0.025400000000000002
-0.009997698000000001,0.025400000000000002
-0.009997696,0.025400000000000002
-0.009997694,0.025400000000000002
-0.009997692,0.025400000000000002
-0.00999769,0.025400000000000002
-0.009997688,0.025400000000000002
-0.009997686,0.025400000000000002
-0.009997684,0.025400000000000002
-0.009997682,0.025400000000000002
-0.00999768,0.025400000000000002
-0.009997678,0.025400000000000002
-0.009997676,0.025400000000000002
-0.009997674,0.025400000000000002
-0.009997672,0.025400000000000002
-0.00999767,0.025400000000000002
-0.009997668,0.025400000000000002
-0.009997666,0.025400000000000002
-0.009997664,0.025400000000000002
-0.009997662000000001,0.025400000000000002
-0.00999766,0.025400000000000002
-0.009997658,0.025400000000000002
-0.009997656,0.025400000000000002
-0.009997654,0.025400000000000002
-0.009997652000000001,0.025400000000000002
-0.00999765,0.025400000000000002
-0.009997648,0.025400000000000002
-0.009997646,0.025400000000000002
-0.009997644,0.025400000000000002
-0.009997642000000001,0.025400000000000002
-0.00999764,0.025400000000000002
-0.009997638,0.025400000000000002
-0.009997636,0.025400000000000002
-0.009997634,0.025400000000000002
-0.009997632,0.025400000000000002
-0.00999763,0.025400000000000002
-0.009997628,0.025400000000000002
-0.009997626,0.025400000000000002
-0.009997624,0.025400000000000002
-0.009997622,0.025400000000000002
-0.00999762,0.025400000000000002
-0.009997618,0.025400000000000002
-0.009997616,0.025400000000000002
-0.009997614,0.025400000000000002
-0.009997612,0.025400000000000002
-0.00999761,0.025400000000000002
-0.009997608,0.025400000000000002
-0.009997606000000001,0.025400000000000002
-0.009997604,0.025400000000000002
-0.009997602,0.025400000000000002
-0.0099976,0.025400000000000002
-0.009997598,0.025400000000000002
-0.009997596000000001,0.025400000000000002
-0.009997594,0.025400000000000002
-0.009997592,0.025400000000000002
-0.00999759,0.025400000000000002
-0.009997588,0.025400000000000002
-0.009997586000000001,0.025400000000000002
-0.009997584,0.025400000000000002
-0.009997582,0.025400000000000002
-0.00999758,0.025400000000000002
-0.009997578,0.025400000000000002
-0.009997576000000001,0.025400000000000002
-0.009997574,0.025400000000000002
-0.009997572,0.025400000000000002
-0.00999757,0.025400000000000002
-0.009997568,0.025400000000000002
-0.009997566,0.025400000000000002
-0.009997564,0.025400000000000002
-0.009997562,0.025400000000000002
-0.00999756,0.025400000000000002
-0.009997558,0.025400000000000002
-0.009997556,0.025400000000000002
-0.009997554,0.025400000000000002
-0.009997552,0.025400000000000002
-0.009997550000000001,0.025400000000000002
-0.009997548,0.025400000000000002
-0.009997546,0.025400000000000002
-0.009997544,0.025400000000000002
-0.009997542,0.025400000000000002
-0.009997540000000001,0.025400000000000002
-0.009997538,0.025400000000000002
-0.009997536,0.025400000000000002
-0.009997534,0.025400000000000002
-0.009997532,0.025400000000000002
-0.009997530000000001,0.025400000000000002
-0.009997528,0.025400000000000002
-0.009997526,0.025400000000000002
-0.009997524,0.025400000000000002
-0.009997522,0.025400000000000002
-0.009997520000000001,0.025400000000000002
-0.009997518,0.025400000000000002
-0.009997516,0.025400000000000002
-0.009997514,0.025400000000000002
-0.009997512,0.025400000000000002
-0.00999751,0.025400000000000002
-0.009997508,0.025400000000000002
-0.009997506,0.025400000000000002
-0.009997504,0.025400000000000002
-0.009997502,0.025400000000000002
-0.0099975,0.025400000000000002
-0.009997498,0.025400000000000002
-0.009997496,0.025400000000000002
-0.009997494,0.025400000000000002
-0.009997492,0.025400000000000002
-0.00999749,0.025400000000000002
-0.009997488,0.025400000000000002
-0.009997486,0.025400000000000002
-0.009997484000000001,0.025400000000000002
-0.009997482,0.025400000000000002
-0.00999748,0.025400000000000002
-0.009997478,0.025400000000000002
-0.009997476,0.025400000000000002
-0.009997474000000001,0.025400000000000002
-0.009997472,0.025400000000000002
-0.00999747,0.025400000000000002
-0.009997468,0.025400000000000002
-0.009997466,0.025400000000000002
-0.009997464000000001,0.025400000000000002
-0.009997462,0.025400000000000002
-0.00999746,0.025400000000000002
-0.009997458,0.025400000000000002
-0.009997456,0.025400000000000002
-0.009997454,0.025400000000000002
-0.009997452,0.025400000000000002
-0.00999745,0.025400000000000002
-0.009997448,0.025400000000000002
-0.009997446,0.025400000000000002
-0.009997444,0.025400000000000002
-0.009997442,0.025400000000000002
-0.00999744,0.025400000000000002
-0.009997438,0.025400000000000002
-0.009997436,0.025400000000000002
-0.009997434,0.025400000000000002
-0.009997432,0.025400000000000002
-0.00999743,0.025400000000000002
-0.009997428000000001,0.025400000000000002
-0.009997426,0.025400000000000002
-0.009997424,0.025400000000000002
-0.009997422,0.025400000000000002
-0.00999742,0.025400000000000002
-0.009997418000000001,0.025400000000000002
-0.009997416,0.025400000000000002
-0.009997414,0.025400000000000002
-0.009997412,0.025400000000000002
-0.00999741,0.025400000000000002
-0.009997408000000001,0.025400000000000002
-0.009997406,0.025400000000000002
-0.009997404,0.025400000000000002
-0.009997402,0.025400000000000002
-0.0099974,0.025400000000000002
-0.009997398,0.025400000000000002
-0.009997396,0.025400000000000002
-0.009997394,0.025400000000000002
-0.009997392,0.025400000000000002
-0.00999739,0.025400000000000002
-0.009997388,0.025400000000000002
-0.009997386,0.025400000000000002
-0.009997384,0.025400000000000002
-0.009997382,0.025400000000000002
-0.00999738,0.025400000000000002
-0.009997378,0.025400000000000002
-0.009997376,0.025400000000000002
-0.009997374,0.025400000000000002
-0.009997372000000001,0.025400000000000002
-0.00999737,0.025400000000000002
-0.009997368,0.025400000000000002
-0.009997366,0.025400000000000002
-0.009997364,0.025400000000000002
-0.009997362000000001,0.025400000000000002
-0.00999736,0.025400000000000002
-0.009997358,0.025400000000000002
-0.009997356,0.025400000000000002
-0.009997354,0.025400000000000002
-0.009997352000000001,0.025400000000000002
-0.00999735,0.025400000000000002
-0.009997348,0.025400000000000002
-0.009997346,0.025400000000000002
-0.009997344,0.025400000000000002
-0.009997342000000001,0.025400000000000002
-0.00999734,0.025400000000000002
-0.009997338,0.025400000000000002
-0.009997336,0.025400000000000002
-0.009997334,0.025400000000000002
-0.009997332,0.025400000000000002
-0.00999733,0.025400000000000002
-0.009997328,0.025400000000000002
-0.009997326,0.025400000000000002
-0.009997324,0.025400000000000002
-0.009997322,0.025400000000000002
-0.00999732,0.025400000000000002
-0.009997318,0.025400000000000002
-0.009997316000000001,0.025400000000000002
-0.009997314,0.025400000000000002
-0.009997312,0.025400000000000002
-0.00999731,0.025400000000000002
-0.009997308,0.025400000000000002
-0.009997306000000001,0.025400000000000002
-0.009997304,0.025400000000000002
-0.009997302,0.025400000000000002
-0.0099973,0.025400000000000002
-0.009997298,0.025400000000000002
-0.009997296000000001,0.025400000000000002
-0.009997294,0.025400000000000002
-0.009997292,0.025400000000000002
-0.00999729,0.025400000000000002
-0.009997288,0.025400000000000002
-0.009997286000000001,0.025400000000000002
-0.009997284,0.025400000000000002
-0.009997282,0.025400000000000002
-0.00999728,0.025400000000000002
-0.009997278,0.025400000000000002
-0.009997276,0.025400000000000002
-0.009997274,0.025400000000000002
-0.009997272,0.025400000000000002
-0.00999727,0.025400000000000002
-0.009997268,0.025400000000000002
-0.009997266,0.025400000000000002
-0.009997264,0.025400000000000002
-0.009997262,0.025400000000000002
-0.009997260000000001,0.025400000000000002
-0.009997258,0.025400000000000002
-0.009997256,0.025400000000000002
-0.009997254,0.025400000000000002
-0.009997252,0.025400000000000002
-0.009997250000000001,0.025400000000000002
-0.009997248,0.025400000000000002
-0.009997246,0.025400000000000002
-0.009997244,0.025400000000000002
-0.009997242,0.025400000000000002
-0.009997240000000001,0.025400000000000002
-0.009997238,0.025400000000000002
-0.009997236,0.025400000000000002
-0.009997234,0.025400000000000002
-0.009997232,0.025400000000000002
-0.009997230000000001,0.025400000000000002
-0.009997228,0.025400000000000002
-0.009997226,0.025400000000000002
-0.009997224,0.025400000000000002
-0.009997222,0.025400000000000002
-0.00999722,0.025400000000000002
-0.009997218,0.025400000000000002
-0.009997216,0.025400000000000002
-0.009997214,0.025400000000000002
-0.009997212,0.025400000000000002
-0.00999721,0.025400000000000002
-0.009997208,0.025400000000000002
-0.009997206,0.025400000000000002
-0.009997204,0.025400000000000002
-0.009997202,0.025400000000000002
-0.0099972,0.025400000000000002
-0.009997198,0.025400000000000002
-0.009997196,0.025400000000000002
-0.009997194000000001,0.025400000000000002
-0.009997192,0.025400000000000002
-0.00999719,0.025400000000000002
-0.009997188,0.025400000000000002
-0.009997186,0.025400000000000002
-0.009997184000000001,0.025400000000000002
-0.009997182,0.025400000000000002
-0.00999718,0.025400000000000002
-0.009997178,0.025400000000000002
-0.009997176,0.025400000000000002
-0.009997174000000001,0.025400000000000002
-0.009997172,0.025400000000000002
-0.00999717,0.025400000000000002
-0.009997168,0.025400000000000002
-0.009997166,0.025400000000000002
-0.009997164,0.025400000000000002
-0.009997162,0.025400000000000002
-0.00999716,0.025400000000000002
-0.009997158,0.025400000000000002
-0.009997156,0.025400000000000002
-0.009997154,0.025400000000000002
-0.009997152,0.025400000000000002
-0.00999715,0.025400000000000002
-0.009997148,0.025400000000000002
-0.009997146,0.025400000000000002
-0.009997144,0.025400000000000002
-0.009997142,0.025400000000000002
-0.00999714,0.025400000000000002
-0.009997138000000001,0.025400000000000002
-0.009997136,0.025400000000000002
-0.009997134,0.025400000000000002
-0.009997132,0.025400000000000002
-0.00999713,0.025400000000000002
-0.009997128000000001,0.025400000000000002
-0.009997126,0.025400000000000002
-0.009997124,0.025400000000000002
-0.009997122,0.025400000000000002
-0.00999712,0.025400000000000002
-0.009997118000000001,0.025400000000000002
-0.009997116,0.025400000000000002
-0.009997114,0.025400000000000002
-0.009997112,0.025400000000000002
-0.00999711,0.025400000000000002
-0.009997108,0.025400000000000002
-0.009997106,0.025400000000000002
-0.009997104,0.025400000000000002
-0.009997102,0.025400000000000002
-0.0099971,0.025400000000000002
-0.009997098,0.025400000000000002
-0.009997096,0.025400000000000002
-0.009997094,0.025400000000000002
-0.009997092,0.025400000000000002
-0.00999709,0.025400000000000002
-0.009997088,0.025400000000000002
-0.009997086,0.025400000000000002
-0.009997084,0.025400000000000002
-0.009997082000000001,0.025400000000000002
-0.00999708,0.025400000000000002
-0.009997078,0.025400000000000002
-0.009997076,0.025400000000000002
-0.009997074,0.025400000000000002
-0.009997072000000001,0.025400000000000002
-0.00999707,0.025400000000000002
-0.009997068,0.025400000000000002
-0.009997066,0.025400000000000002
-0.009997064,0.025400000000000002
-0.009997062000000001,0.025400000000000002
-0.00999706,0.025400000000000002
-0.009997058,0.025400000000000002
-0.009997056,0.025400000000000002
-0.009997054,0.025400000000000002
-0.009997052000000001,0.025400000000000002
-0.00999705,0.025400000000000002
-0.009997048,0.025400000000000002
-0.009997046,0.025400000000000002
-0.009997044,0.025400000000000002
-0.009997042,0.025400000000000002
-0.00999704,0.025400000000000002
-0.009997038,0.025400000000000002
-0.009997036,0.025400000000000002
-0.009997034,0.025400000000000002
-0.009997032,0.025400000000000002
-0.00999703,0.025400000000000002
-0.009997028,0.025400000000000002
-0.009997026000000001,0.025400000000000002
-0.009997024,0.025400000000000002
-0.009997022,0.025400000000000002
-0.00999702,0.025400000000000002
-0.009997018,0.025400000000000002
-0.009997016000000001,0.025400000000000002
-0.009997014,0.025400000000000002
-0.009997012,0.025400000000000002
-0.00999701,0.025400000000000002
-0.009997008,0.025400000000000002
-0.009997006000000001,0.025400000000000002
-0.009997004,0.025400000000000002
-0.009997002,0.025400000000000002
-0.009997,0.025400000000000002
-0.009996998,0.025400000000000002
-0.009996996000000001,0.025400000000000002
-0.009996994,0.025400000000000002
-0.009996992,0.025400000000000002
-0.00999699,0.025400000000000002
-0.009996988,0.025400000000000002
-0.009996986,0.025400000000000002
-0.009996984,0.025400000000000002
-0.009996982,0.025400000000000002
-0.00999698,0.025400000000000002
-0.009996978,0.025400000000000002
-0.009996976,0.025400000000000002
-0.009996974,0.025400000000000002
-0.009996972,0.025400000000000002
-0.00999697,0.025400000000000002
-0.009996968,0.025400000000000002
-0.009996966,0.025400000000000002
-0.009996964,0.025400000000000002
-0.009996962,0.025400000000000002
-0.009996960000000001,0.025400000000000002
-0.009996958,0.025400000000000002
-0.009996956,0.025400000000000002
-0.009996954,0.025400000000000002
-0.009996952,0.025400000000000002
-0.009996950000000001,0.025400000000000002
-0.009996948,0.025400000000000002
-0.009996946,0.025400000000000002
-0.009996944,0.025400000000000002
-0.009996942,0.025400000000000002
-0.009996940000000001,0.025400000000000002
-0.009996938,0.025400000000000002
-0.009996936,0.025400000000000002
-0.009996934,0.025400000000000002
-0.009996932,0.025400000000000002
-0.00999693,0.025400000000000002
-0.009996928,0.025400000000000002
-0.009996926,0.025400000000000002
-0.009996924,0.025400000000000002
-0.009996922,0.025400000000000002
-0.00999692,0.025400000000000002
-0.009996918,0.025400000000000002
-0.009996916,0.025400000000000002
-0.009996914,0.025400000000000002
-0.009996912,0.025400000000000002
-0.00999691,0.025400000000000002
-0.009996908,0.025400000000000002
-0.009996906,0.025400000000000002
-0.009996904000000001,0.025400000000000002
-0.009996902,0.025400000000000002
-0.0099969,0.025400000000000002
-0.009996898,0.025400000000000002
-0.009996896,0.025400000000000002
-0.009996894000000001,0.025400000000000002
-0.009996892,0.025400000000000002
-0.00999689,0.025400000000000002
-0.009996888,0.025400000000000002
-0.009996886,0.025400000000000002
-0.009996884000000001,0.025400000000000002
-0.009996882,0.025400000000000002
-0.00999688,0.025400000000000002
-0.009996878,0.025400000000000002
-0.009996876,0.025400000000000002
-0.009996874,0.025400000000000002
-0.009996872,0.025400000000000002
-0.00999687,0.025400000000000002
-0.009996868,0.025400000000000002
-0.009996866,0.025400000000000002
-0.009996864,0.025400000000000002
-0.009996862,0.025400000000000002
-0.00999686,0.025400000000000002
-0.009996858,0.025400000000000002
-0.009996856,0.025400000000000002
-0.009996854,0.025400000000000002
-0.009996852,0.025400000000000002
-0.00999685,0.025400000000000002
-0.009996848000000001,0.025400000000000002
-0.009996846,0.025400000000000002
-0.009996844,0.025400000000000002
-0.009996842,0.025400000000000002
-0.00999684,0.025400000000000002
-0.009996838000000001,0.025400000000000002
-0.009996836,0.025400000000000002
-0.009996834,0.025400000000000002
-0.009996832,0.025400000000000002
-0.00999683,0.025400000000000002
-0.009996828000000001,0.025400000000000002
-0.009996826,0.025400000000000002
-0.009996824,0.025400000000000002
-0.009996822,0.025400000000000002
-0.00999682,0.025400000000000002
-0.009996818000000001,0.025400000000000002
-0.009996816,0.025400000000000002
-0.009996814,0.025400000000000002
-0.009996812,0.025400000000000002
-0.00999681,0.025400000000000002
-0.009996808,0.025400000000000002
-0.009996806,0.025400000000000002
-0.009996804,0.025400000000000002
-0.009996802,0.025400000000000002
-0.0099968,0.025400000000000002
-0.009996798,0.025400000000000002
-0.009996796,0.025400000000000002
-0.009996794,0.025400000000000002
-0.009996792000000001,0.025400000000000002
-0.00999679,0.025400000000000002
-0.009996788,0.025400000000000002
-0.009996786,0.025400000000000002
-0.009996784,0.025400000000000002
-0.009996782000000001,0.025400000000000002
-0.00999678,0.025400000000000002
-0.009996778,0.025400000000000002
-0.009996776,0.025400000000000002
-0.009996774,0.025400000000000002
-0.009996772000000001,0.025400000000000002
-0.00999677,0.025400000000000002
-0.009996768,0.025400000000000002
-0.009996766,0.025400000000000002
-0.009996764,0.025400000000000002
-0.009996762000000001,0.025400000000000002
-0.00999676,0.025400000000000002
-0.009996758,0.025400000000000002
-0.009996756,0.025400000000000002
-0.009996754,0.025400000000000002
-0.009996752,0.025400000000000002
-0.00999675,0.025400000000000002
-0.009996748,0.025400000000000002
-0.009996746,0.025400000000000002
-0.009996744,0.025400000000000002
-0.009996742,0.025400000000000002
-0.00999674,0.025400000000000002
-0.009996738,0.025400000000000002
-0.009996736,0.025400000000000002
-0.009996734,0.025400000000000002
-0.009996732,0.025400000000000002
-0.00999673,0.025400000000000002
-0.009996728,0.025400000000000002
-0.009996726000000001,0.025400000000000002
-0.009996724,0.025400000000000002
-0.009996722,0.025400000000000002
-0.00999672,0.025400000000000002
-0.009996718,0.025400000000000002
-0.009996716000000001,0.025400000000000002
-0.009996714,0.025400000000000002
-0.009996712,0.025400000000000002
-0.00999671,0.025400000000000002
-0.009996708,0.025400000000000002
-0.009996706000000001,0.025400000000000002
-0.009996704,0.025400000000000002
-0.009996702,0.025400000000000002
-0.0099967,0.025400000000000002
-0.009996698,0.025400000000000002
-0.009996696,0.025400000000000002
-0.009996694,0.025400000000000002
-0.009996692,0.025400000000000002
-0.00999669,0.025400000000000002
-0.009996688,0.025400000000000002
-0.009996686,0.025400000000000002
-0.009996684,0.025400000000000002
-0.009996682,0.025400000000000002
-0.00999668,0.025400000000000002
-0.009996678,0.025400000000000002
-0.009996676,0.025400000000000002
-0.009996674,0.025400000000000002
-0.009996672,0.025400000000000002
-0.009996670000000001,0.025400000000000002
-0.009996668,0.025400000000000002
-0.009996666,0.025400000000000002
-0.009996664,0.025400000000000002
-0.009996662,0.025400000000000002
-0.009996660000000001,0.025400000000000002
-0.009996658,0.025400000000000002
-0.009996656,0.025400000000000002
-0.009996654,0.025400000000000002
-0.009996652,0.025400000000000002
-0.009996650000000001,0.025400000000000002
-0.009996648,0.025400000000000002
-0.009996646,0.025400000000000002
-0.009996644,0.025400000000000002
-0.009996642,0.025400000000000002
-0.00999664,0.025400000000000002
-0.009996638,0.025400000000000002
-0.009996636,0.025400000000000002
-0.009996634,0.025400000000000002
-0.009996632,0.025400000000000002
-0.00999663,0.025400000000000002
-0.009996628,0.025400000000000002
-0.009996626,0.025400000000000002
-0.009996624,0.025400000000000002
-0.009996622,0.025400000000000002
-0.00999662,0.025400000000000002
-0.009996618,0.025400000000000002
-0.009996616,0.025400000000000002
-0.009996614000000001,0.025400000000000002
-0.009996612,0.025400000000000002
-0.00999661,0.025400000000000002
-0.009996608,0.025400000000000002
-0.009996606,0.025400000000000002
-0.009996604000000001,0.025400000000000002
-0.009996602,0.025400000000000002
-0.0099966,0.025400000000000002
-0.009996598,0.025400000000000002
-0.009996596,0.025400000000000002
-0.009996594000000001,0.025400000000000002
-0.009996592,0.025400000000000002
-0.00999659,0.025400000000000002
-0.009996588,0.025400000000000002
-0.009996586,0.025400000000000002
-0.009996584000000001,0.025400000000000002
-0.009996582,0.025400000000000002
-0.00999658,0.025400000000000002
-0.009996578,0.025400000000000002
-0.009996576,0.025400000000000002
-0.009996574,0.025400000000000002
-0.009996572,0.025400000000000002
-0.00999657,0.025400000000000002
-0.009996568,0.025400000000000002
-0.009996566,0.025400000000000002
-0.009996564,0.025400000000000002
-0.009996562,0.025400000000000002
-0.00999656,0.025400000000000002
-0.009996558000000001,0.025400000000000002
-0.009996556,0.025400000000000002
-0.009996554,0.025400000000000002
-0.009996552,0.025400000000000002
-0.00999655,0.025400000000000002
-0.009996548000000001,0.025400000000000002
-0.009996546,0.025400000000000002
-0.009996544,0.025400000000000002
-0.009996542,0.025400000000000002
-0.00999654,0.025400000000000002
-0.009996538000000001,0.025400000000000002
-0.009996536,0.025400000000000002
-0.009996534,0.025400000000000002
-0.009996532,0.025400000000000002
-0.00999653,0.025400000000000002
-0.009996528000000001,0.025400000000000002
-0.009996526,0.025400000000000002
-0.009996524,0.025400000000000002
-0.009996522,0.025400000000000002
-0.00999652,0.025400000000000002
-0.009996518,0.025400000000000002
-0.009996516,0.025400000000000002
-0.009996514,0.025400000000000002
-0.009996512,0.025400000000000002
-0.00999651,0.025400000000000002
-0.009996508,0.025400000000000002
-0.009996506,0.025400000000000002
-0.009996504,0.025400000000000002
-0.009996502,0.025400000000000002
-0.0099965,0.025400000000000002
-0.009996498,0.025400000000000002
-0.009996496,0.025400000000000002
-0.009996494,0.025400000000000002
-0.009996492000000001,0.025400000000000002
-0.00999649,0.025400000000000002
-0.009996488,0.025400000000000002
-0.009996486,0.025400000000000002
-0.009996484,0.025400000000000002
-0.009996482000000001,0.025400000000000002
-0.00999648,0.025400000000000002
-0.009996478,0.025400000000000002
-0.009996476,0.025400000000000002
-0.009996474,0.025400000000000002
-0.009996472000000001,0.025400000000000002
-0.00999647,0.025400000000000002
-0.009996468,0.025400000000000002
-0.009996466,0.025400000000000002
-0.009996464,0.025400000000000002
-0.009996462,0.025400000000000002
-0.00999646,0.025400000000000002
-0.009996458,0.025400000000000002
-0.009996456,0.025400000000000002
-0.009996454,0.025400000000000002
-0.009996452,0.025400000000000002
-0.00999645,0.025400000000000002
-0.009996448,0.025400000000000002
-0.009996446,0.025400000000000002
-0.009996444,0.025400000000000002
-0.009996442,0.025400000000000002
-0.00999644,0.025400000000000002
-0.009996438,0.025400000000000002
-0.009996436000000001,0.025400000000000002
-0.009996434,0.025400000000000002
-0.009996432,0.025400000000000002
-0.00999643,0.025400000000000002
-0.009996428,0.025400000000000002
-0.009996426000000001,0.025400000000000002
-0.009996424,0.025400000000000002
-0.009996422,0.025400000000000002
-0.00999642,0.025400000000000002
-0.009996418,0.025400000000000002
-0.009996416000000001,0.025400000000000002
-0.009996414,0.025400000000000002
-0.009996412,0.025400000000000002
-0.00999641,0.025400000000000002
-0.009996408,0.025400000000000002
-0.009996406,0.025400000000000002
-0.009996404,0.025400000000000002
-0.009996402,0.025400000000000002
-0.0099964,0.025400000000000002
-0.009996398,0.025400000000000002
-0.009996396,0.025400000000000002
-0.009996394,0.025400000000000002
-0.009996392,0.025400000000000002
-0.00999639,0.025400000000000002
-0.009996388,0.025400000000000002
-0.009996386,0.025400000000000002
-0.009996384,0.025400000000000002
-0.009996382,0.025400000000000002
-0.009996380000000001,0.025400000000000002
-0.009996378,0.025400000000000002
-0.009996376,0.025400000000000002
-0.009996374,0.025400000000000002
-0.009996372,0.025400000000000002
-0.009996370000000001,0.025400000000000002
-0.009996368,0.025400000000000002
-0.009996366,0.025400000000000002
-0.009996364,0.025400000000000002
-0.009996362,0.025400000000000002
-0.009996360000000001,0.025400000000000002
-0.009996358,0.025400000000000002
-0.009996356,0.025400000000000002
-0.009996354,0.025400000000000002
-0.009996352,0.025400000000000002
-0.009996350000000001,0.025400000000000002
-0.009996348,0.025400000000000002
-0.009996346,0.025400000000000002
-0.009996344,0.025400000000000002
-0.009996342,0.025400000000000002
-0.00999634,0.025400000000000002
-0.009996338,0.025400000000000002
-0.009996336,0.025400000000000002
-0.009996334,0.025400000000000002
-0.009996332,0.025400000000000002
-0.00999633,0.025400000000000002
-0.009996328,0.025400000000000002
-0.009996326,0.025400000000000002
-0.009996324000000001,0.025400000000000002
-0.009996322,0.025400000000000002
-0.00999632,0.025400000000000002
-0.009996318,0.025400000000000002
-0.009996316,0.025400000000000002
-0.009996314000000001,0.025400000000000002
-0.009996312,0.025400000000000002
-0.00999631,0.025400000000000002
-0.009996308,0.025400000000000002
-0.009996306,0.025400000000000002
-0.009996304000000001,0.025400000000000002
-0.009996302,0.025400000000000002
-0.0099963,0.025400000000000002
-0.009996298,0.025400000000000002
-0.009996296,0.025400000000000002
-0.009996294000000001,0.025400000000000002
-0.009996292,0.025400000000000002
-0.00999629,0.025400000000000002
-0.009996288,0.025400000000000002
-0.009996286,0.025400000000000002
-0.009996284,0.025400000000000002
-0.009996282,0.025400000000000002
-0.00999628,0.025400000000000002
-0.009996278,0.025400000000000002
-0.009996276,0.025400000000000002
-0.009996274,0.025400000000000002
-0.009996272,0.025400000000000002
-0.00999627,0.025400000000000002
-0.009996268,0.025400000000000002
-0.009996266,0.025400000000000002
-0.009996264,0.025400000000000002
-0.009996262,0.025400000000000002
-0.00999626,0.025400000000000002
-0.009996258000000001,0.025400000000000002
-0.009996256,0.025400000000000002
-0.009996254,0.025400000000000002
-0.009996252,0.025400000000000002
-0.00999625,0.025400000000000002
-0.009996248000000001,0.025400000000000002
-0.009996246,0.025400000000000002
-0.009996244,0.025400000000000002
-0.009996242,0.025400000000000002
-0.00999624,0.025400000000000002
-0.009996238000000001,0.025400000000000002
-0.009996236,0.025400000000000002
-0.009996234,0.025400000000000002
-0.009996232,0.025400000000000002
-0.00999623,0.025400000000000002
-0.009996228,0.025400000000000002
-0.009996226,0.025400000000000002
-0.009996224,0.025400000000000002
-0.009996222,0.025400000000000002
-0.00999622,0.025400000000000002
-0.009996218,0.025400000000000002
-0.009996216,0.025400000000000002
-0.009996214,0.025400000000000002
-0.009996212,0.025400000000000002
-0.00999621,0.025400000000000002
-0.009996208,0.025400000000000002
-0.009996206,0.025400000000000002
-0.009996204,0.025400000000000002
-0.009996202000000001,0.025400000000000002
-0.0099962,0.025400000000000002
-0.009996198,0.025400000000000002
-0.009996196,0.025400000000000002
-0.009996194,0.025400000000000002
-0.009996192000000001,0.025400000000000002
-0.00999619,0.025400000000000002
-0.009996188,0.025400000000000002
-0.009996186,0.025400000000000002
-0.009996184,0.025400000000000002
-0.009996182000000001,0.025400000000000002
-0.00999618,0.025400000000000002
-0.009996178,0.025400000000000002
-0.009996176,0.025400000000000002
-0.009996174,0.025400000000000002
-0.009996172,0.025400000000000002
-0.00999617,0.025400000000000002
-0.009996168,0.025400000000000002
-0.009996166,0.025400000000000002
-0.009996164,0.025400000000000002
-0.009996162,0.025400000000000002
-0.00999616,0.025400000000000002
-0.009996158,0.025400000000000002
-0.009996156,0.025400000000000002
-0.009996154,0.025400000000000002
-0.009996152,0.025400000000000002
-0.00999615,0.025400000000000002
-0.009996148,0.025400000000000002
-0.009996146000000001,0.025400000000000002
-0.009996144,0.025400000000000002
-0.009996142,0.025400000000000002
-0.00999614,0.025400000000000002
-0.009996138,0.025400000000000002
-0.009996136000000001,0.025400000000000002
-0.009996134,0.025400000000000002
-0.009996132,0.025400000000000002
-0.00999613,0.025400000000000002
-0.009996128,0.025400000000000002
-0.009996126000000001,0.025400000000000002
-0.009996124,0.025400000000000002
-0.009996122,0.025400000000000002
-0.00999612,0.025400000000000002
-0.009996118,0.025400000000000002
-0.009996116000000001,0.025400000000000002
-0.009996114,0.025400000000000002
-0.009996112,0.025400000000000002
-0.00999611,0.025400000000000002
-0.009996108,0.025400000000000002
-0.009996106,0.025400000000000002
-0.009996104,0.025400000000000002
-0.009996102,0.025400000000000002
-0.0099961,0.025400000000000002
-0.009996098,0.025400000000000002
-0.009996096,0.025400000000000002
-0.009996094,0.025400000000000002
-0.009996092,0.025400000000000002
-0.009996090000000001,0.025400000000000002
-0.009996088,0.025400000000000002
-0.009996086,0.025400000000000002
-0.009996084,0.025400000000000002
-0.009996082,0.025400000000000002
-0.009996080000000001,0.025400000000000002
-0.009996078,0.025400000000000002
-0.009996076,0.025400000000000002
-0.009996074,0.025400000000000002
-0.009996072,0.025400000000000002
-0.009996070000000001,0.025400000000000002
-0.009996068,0.025400000000000002
-0.009996066,0.025400000000000002
-0.009996064,0.025400000000000002
-0.009996062,0.025400000000000002
-0.009996060000000001,0.025400000000000002
-0.009996058,0.025400000000000002
-0.009996056,0.025400000000000002
-0.009996054,0.025400000000000002
-0.009996052,0.025400000000000002
-0.00999605,0.025400000000000002
-0.009996048,0.025400000000000002
-0.009996046,0.025400000000000002
-0.009996044,0.025400000000000002
-0.009996042,0.025400000000000002
-0.00999604,0.025400000000000002
-0.009996038,0.025400000000000002
-0.009996036,0.025400000000000002
-0.009996034,0.025400000000000002
-0.009996032,0.025400000000000002
-0.00999603,0.025400000000000002
-0.009996028,0.025400000000000002
-0.009996026,0.025400000000000002
-0.009996024000000001,0.025400000000000002
-0.009996022,0.025400000000000002
-0.00999602,0.025400000000000002
-0.009996018,0.025400000000000002
-0.009996016,0.025400000000000002
-0.009996014000000001,0.025400000000000002
-0.009996012,0.025400000000000002
-0.00999601,0.025400000000000002
-0.009996008,0.025400000000000002
-0.009996006,0.025400000000000002
-0.009996004000000001,0.025400000000000002
-0.009996002,0.025400000000000002
-0.009996,0.025400000000000002
-0.009995998,0.025400000000000002
-0.009995996,0.025400000000000002
-0.009995994,0.025400000000000002
-0.009995992,0.025400000000000002
-0.00999599,0.025400000000000002
-0.009995988,0.025400000000000002
-0.009995986,0.025400000000000002
-0.009995984,0.025400000000000002
-0.009995982,0.025400000000000002
-0.00999598,0.025400000000000002
-0.009995978,0.025400000000000002
-0.009995976,0.025400000000000002
-0.009995974,0.025400000000000002
-0.009995972,0.025400000000000002
-0.00999597,0.025400000000000002
-0.009995968000000001,0.025400000000000002
-0.009995966,0.025400000000000002
-0.009995964,0.025400000000000002
-0.009995962,0.025400000000000002
-0.00999596,0.025400000000000002
-0.009995958000000001,0.025400000000000002
-0.009995956,0.025400000000000002
-0.009995954,0.025400000000000002
-0.009995952,0.025400000000000002
-0.00999595,0.025400000000000002
-0.009995948000000001,0.025400000000000002
-0.009995946,0.025400000000000002
-0.009995944,0.025400000000000002
-0.009995942,0.025400000000000002
-0.00999594,0.025400000000000002
-0.009995938,0.025400000000000002
-0.009995936,0.025400000000000002
-0.009995934,0.025400000000000002
-0.009995932,0.025400000000000002
-0.00999593,0.025400000000000002
-0.009995928,0.025400000000000002
-0.009995926,0.025400000000000002
-0.009995924,0.025400000000000002
-0.009995922,0.025400000000000002
-0.00999592,0.025400000000000002
-0.009995918,0.025400000000000002
-0.009995916,0.025400000000000002
-0.009995914,0.025400000000000002
-0.009995912000000001,0.025400000000000002
-0.00999591,0.025400000000000002
-0.009995908,0.025400000000000002
-0.009995906,0.025400000000000002
-0.009995904,0.025400000000000002
-0.009995902000000001,0.025400000000000002
-0.0099959,0.025400000000000002
-0.009995898,0.025400000000000002
-0.009995896,0.025400000000000002
-0.009995894,0.025400000000000002
-0.009995892000000001,0.025400000000000002
-0.00999589,0.025400000000000002
-0.009995888,0.025400000000000002
-0.009995886,0.025400000000000002
-0.009995884,0.025400000000000002
-0.009995882000000001,0.025400000000000002
-0.00999588,0.025400000000000002
-0.009995878,0.025400000000000002
-0.009995876,0.025400000000000002
-0.009995874,0.025400000000000002
-0.009995872,0.025400000000000002
-0.00999587,0.025400000000000002
-0.009995868,0.025400000000000002
-0.009995866,0.025400000000000002
-0.009995864,0.025400000000000002
-0.009995862,0.025400000000000002
-0.00999586,0.025400000000000002
-0.009995858,0.025400000000000002
-0.009995856000000001,0.025400000000000002
-0.009995854,0.025400000000000002
-0.009995852,0.025400000000000002
-0.00999585,0.025400000000000002
-0.009995848,0.025400000000000002
-0.009995846000000001,0.025400000000000002
-0.009995844,0.025400000000000002
-0.009995842,0.025400000000000002
-0.00999584,0.025400000000000002
-0.009995838,0.025400000000000002
-0.009995836000000001,0.025400000000000002
-0.009995834,0.025400000000000002
-0.009995832,0.025400000000000002
-0.00999583,0.025400000000000002
-0.009995828,0.025400000000000002
-0.009995826000000001,0.025400000000000002
-0.009995824,0.025400000000000002
-0.009995822,0.025400000000000002
-0.00999582,0.025400000000000002
-0.009995818,0.025400000000000002
-0.009995816,0.025400000000000002
-0.009995814,0.025400000000000002
-0.009995812,0.025400000000000002
-0.00999581,0.025400000000000002
-0.009995808,0.025400000000000002
-0.009995806,0.025400000000000002
-0.009995804,0.025400000000000002
-0.009995802,0.025400000000000002
-0.0099958,0.025400000000000002
-0.009995798,0.025400000000000002
-0.009995796,0.025400000000000002
-0.009995794,0.025400000000000002
-0.009995792,0.025400000000000002
-0.009995790000000001,0.025400000000000002
-0.009995788,0.025400000000000002
-0.009995786,0.025400000000000002
-0.009995784,0.025400000000000002
-0.009995782,0.025400000000000002
-0.009995780000000001,0.025400000000000002
-0.009995778,0.025400000000000002
-0.009995776,0.025400000000000002
-0.009995774,0.025400000000000002
-0.009995772,0.025400000000000002
-0.009995770000000001,0.025400000000000002
-0.009995768,0.025400000000000002
-0.009995766,0.025400000000000002
-0.009995764,0.025400000000000002
-0.009995762,0.025400000000000002
-0.00999576,0.025400000000000002
-0.009995758,0.025400000000000002
-0.009995756,0.025400000000000002
-0.009995754,0.025400000000000002
-0.009995752,0.025400000000000002
-0.00999575,0.025400000000000002
-0.009995748,0.025400000000000002
-0.009995746,0.025400000000000002
-0.009995744,0.025400000000000002
-0.009995742,0.025400000000000002
-0.00999574,0.025400000000000002
-0.009995738,0.025400000000000002
-0.009995736,0.025400000000000002
-0.009995734000000001,0.025400000000000002
-0.009995732,0.025400000000000002
-0.00999573,0.025400000000000002
-0.009995728,0.025400000000000002
-0.009995726,0.025400000000000002
-0.009995724000000001,0.025400000000000002
-0.009995722,0.025400000000000002
-0.00999572,0.025400000000000002
-0.009995718,0.025400000000000002
-0.009995716,0.025400000000000002
-0.009995714000000001,0.025400000000000002
-0.009995712,0.025400000000000002
-0.00999571,0.025400000000000002
-0.009995708,0.025400000000000002
-0.009995706,0.025400000000000002
-0.009995704,0.025400000000000002
-0.009995702,0.025400000000000002
-0.0099957,0.025400000000000002
-0.009995698,0.025400000000000002
-0.009995696,0.025400000000000002
-0.009995694,0.025400000000000002
-0.009995692,0.025400000000000002
-0.00999569,0.025400000000000002
-0.009995688,0.025400000000000002
-0.009995686,0.025400000000000002
-0.009995684,0.025400000000000002
-0.009995682,0.025400000000000002
-0.00999568,0.025400000000000002
-0.009995678000000001,0.025400000000000002
-0.009995676,0.025400000000000002
-0.009995674,0.025400000000000002
-0.009995672,0.025400000000000002
-0.00999567,0.025400000000000002
-0.009995668000000001,0.025400000000000002
-0.009995666,0.025400000000000002
-0.009995664,0.025400000000000002
-0.009995662,0.025400000000000002
-0.00999566,0.025400000000000002
-0.009995658000000001,0.025400000000000002
-0.009995656,0.025400000000000002
-0.009995654,0.025400000000000002
-0.009995652,0.025400000000000002
-0.00999565,0.025400000000000002
-0.009995648000000001,0.025400000000000002
-0.009995646,0.025400000000000002
-0.009995644,0.025400000000000002
-0.009995642,0.025400000000000002
-0.00999564,0.025400000000000002
-0.009995638,0.025400000000000002
-0.009995636,0.025400000000000002
-0.009995634,0.025400000000000002
-0.009995632,0.025400000000000002
-0.00999563,0.025400000000000002
-0.009995628,0.025400000000000002
-0.009995626,0.025400000000000002
-0.009995624,0.025400000000000002
-0.009995622000000001,0.025400000000000002
-0.00999562,0.025400000000000002
-0.009995618,0.025400000000000002
-0.009995616,0.025400000000000002
-0.009995614,0.025400000000000002
-0.009995612000000001,0.025400000000000002
-0.00999561,0.025400000000000002
-0.009995608,0.025400000000000002
-0.009995606,0.025400000000000002
-0.009995604,0.025400000000000002
-0.009995602000000001,0.025400000000000002
-0.0099956,0.025400000000000002
-0.009995598,0.025400000000000002
-0.009995596,0.025400000000000002
-0.009995594,0.025400000000000002
-0.009995592000000001,0.025400000000000002
-0.00999559,0.025400000000000002
-0.009995588,0.025400000000000002
-0.009995586,0.025400000000000002
-0.009995584,0.025400000000000002
-0.009995582,0.025400000000000002
-0.00999558,0.025400000000000002
-0.009995578,0.025400000000000002
-0.009995576,0.025400000000000002
-0.009995574,0.025400000000000002
-0.009995572,0.025400000000000002
-0.00999557,0.025400000000000002
-0.009995568,0.025400000000000002
-0.009995566,0.025400000000000002
-0.009995564,0.025400000000000002
-0.009995562,0.025400000000000002
-0.00999556,0.025400000000000002
-0.009995558,0.025400000000000002
-0.009995556000000001,0.025400000000000002
-0.009995554,0.025400000000000002
-0.009995552,0.025400000000000002
-0.00999555,0.025400000000000002
-0.009995548,0.025400000000000002
-0.009995546000000001,0.025400000000000002
-0.009995544,0.025400000000000002
-0.009995542,0.025400000000000002
-0.00999554,0.025400000000000002
-0.009995538,0.025400000000000002
-0.009995536000000001,0.025400000000000002
-0.009995534,0.025400000000000002
-0.009995532,0.025400000000000002
-0.00999553,0.025400000000000002
-0.009995528,0.025400000000000002
-0.009995526,0.025400000000000002
-0.009995524,0.025400000000000002
-0.009995522,0.025400000000000002
-0.00999552,0.025400000000000002
-0.009995518,0.025400000000000002
-0.009995516,0.025400000000000002
-0.009995514,0.025400000000000002
-0.009995512,0.025400000000000002
-0.00999551,0.025400000000000002
-0.009995508,0.025400000000000002
-0.009995506,0.025400000000000002
-0.009995504,0.025400000000000002
-0.009995502,0.025400000000000002
-0.009995500000000001,0.025400000000000002
-0.009995498,0.025400000000000002
-0.009995496,0.025400000000000002
-0.009995494,0.025400000000000002
-0.009995492,0.025400000000000002
-0.009995490000000001,0.025400000000000002
-0.009995488,0.025400000000000002
-0.009995486,0.025400000000000002
-0.009995484,0.025400000000000002
-0.009995482,0.025400000000000002
-0.009995480000000001,0.025400000000000002
-0.009995478,0.025400000000000002
-0.009995476,0.025400000000000002
-0.009995474,0.025400000000000002
-0.009995472,0.025400000000000002
-0.00999547,0.025400000000000002
-0.009995468,0.025400000000000002
-0.009995466,0.025400000000000002
-0.009995464,0.025400000000000002
-0.009995462,0.025400000000000002
-0.00999546,0.025400000000000002
-0.009995458,0.025400000000000002
-0.009995456,0.025400000000000002
-0.009995454,0.025400000000000002
-0.009995452,0.025400000000000002
-0.00999545,0.025400000000000002
-0.009995448,0.025400000000000002
-0.009995446,0.025400000000000002
-0.009995444000000001,0.025400000000000002
-0.009995442,0.025400000000000002
-0.00999544,0.025400000000000002
-0.009995438,0.025400000000000002
-0.009995436,0.025400000000000002
-0.009995434000000001,0.025400000000000002
-0.009995432,0.025400000000000002
-0.00999543,0.025400000000000002
-0.009995428,0.025400000000000002
-0.009995426,0.025400000000000002
-0.009995424000000001,0.025400000000000002
-0.009995422,0.025400000000000002
-0.00999542,0.025400000000000002
-0.009995418,0.025400000000000002
-0.009995416,0.025400000000000002
-0.009995414,0.025400000000000002
-0.009995412,0.025400000000000002
-0.00999541,0.025400000000000002
-0.009995408,0.025400000000000002
-0.009995406,0.025400000000000002
-0.009995404,0.025400000000000002
-0.009995402,0.025400000000000002
-0.0099954,0.025400000000000002
-0.009995398,0.025400000000000002
-0.009995396,0.025400000000000002
-0.009995394,0.025400000000000002
-0.009995392,0.025400000000000002
-0.00999539,0.025400000000000002
-0.009995388000000001,0.025400000000000002
-0.009995386,0.025400000000000002
-0.009995384,0.025400000000000002
-0.009995382,0.025400000000000002
-0.00999538,0.025400000000000002
-0.009995378000000001,0.025400000000000002
-0.009995376,0.025400000000000002
-0.009995374,0.025400000000000002
-0.009995372,0.025400000000000002
-0.00999537,0.025400000000000002
-0.009995368000000001,0.025400000000000002
-0.009995366,0.025400000000000002
-0.009995364,0.025400000000000002
-0.009995362,0.025400000000000002
-0.00999536,0.025400000000000002
-0.009995358000000001,0.025400000000000002
-0.009995356,0.025400000000000002
-0.009995354,0.025400000000000002
-0.009995352,0.025400000000000002
-0.00999535,0.025400000000000002
-0.009995348,0.025400000000000002
-0.009995346,0.025400000000000002
-0.009995344,0.025400000000000002
-0.009995342,0.025400000000000002
-0.00999534,0.025400000000000002
-0.009995338,0.025400000000000002
-0.009995336,0.025400000000000002
-0.009995334,0.025400000000000002
-0.009995332000000001,0.025400000000000002
-0.00999533,0.025400000000000002
-0.009995328,0.025400000000000002
-0.009995326,0.025400000000000002
-0.009995324,0.025400000000000002
-0.009995322000000001,0.025400000000000002
-0.00999532,0.025400000000000002
-0.009995318,0.025400000000000002
-0.009995316,0.025400000000000002
-0.009995314,0.025400000000000002
-0.009995312000000001,0.025400000000000002
-0.00999531,0.025400000000000002
-0.009995308,0.025400000000000002
-0.009995306,0.025400000000000002
-0.009995304,0.025400000000000002
-0.009995302000000001,0.025400000000000002
-0.0099953,0.025400000000000002
-0.009995298,0.025400000000000002
-0.009995296,0.025400000000000002
-0.009995294,0.025400000000000002
-0.009995292,0.025400000000000002
-0.00999529,0.025400000000000002
-0.009995288,0.025400000000000002
-0.009995286,0.025400000000000002
-0.009995284,0.025400000000000002
-0.009995282,0.025400000000000002
-0.00999528,0.025400000000000002
-0.009995278,0.025400000000000002
-0.009995276,0.025400000000000002
-0.009995274,0.025400000000000002
-0.009995272,0.025400000000000002
-0.00999527,0.025400000000000002
-0.009995268,0.025400000000000002
-0.009995266000000001,0.025400000000000002
-0.009995264,0.025400000000000002
-0.009995262,0.025400000000000002
-0.00999526,0.025400000000000002
-0.009995258,0.025400000000000002
-0.009995256000000001,0.025400000000000002
-0.009995254,0.025400000000000002
-0.009995252,0.025400000000000002
-0.00999525,0.025400000000000002
-0.009995248,0.025400000000000002
-0.009995246000000001,0.025400000000000002
-0.009995244,0.025400000000000002
-0.009995242,0.025400000000000002
-0.00999524,0.025400000000000002
-0.009995238,0.025400000000000002
-0.009995236,0.025400000000000002
-0.009995234,0.025400000000000002
-0.009995232,0.025400000000000002
-0.00999523,0.025400000000000002
-0.009995228,0.025400000000000002
-0.009995226,0.025400000000000002
-0.009995224,0.025400000000000002
-0.009995222,0.025400000000000002
-0.00999522,0.025400000000000002
-0.009995218,0.025400000000000002
-0.009995216,0.025400000000000002
-0.009995214,0.025400000000000002
-0.009995212,0.025400000000000002
-0.009995210000000001,0.025400000000000002
-0.009995208,0.025400000000000002
-0.009995206,0.025400000000000002
-0.009995204,0.025400000000000002
-0.009995202,0.025400000000000002
-0.009995200000000001,0.025400000000000002
-0.009995198,0.025400000000000002
-0.009995196,0.025400000000000002
-0.009995194,0.025400000000000002
-0.009995192,0.025400000000000002
-0.009995190000000001,0.025400000000000002
-0.009995188,0.025400000000000002
-0.009995186,0.025400000000000002
-0.009995184,0.025400000000000002
-0.009995182,0.025400000000000002
-0.00999518,0.025400000000000002
-0.009995178,0.025400000000000002
-0.009995176,0.025400000000000002
-0.009995174,0.025400000000000002
-0.009995172,0.025400000000000002
-0.00999517,0.025400000000000002
-0.009995168,0.025400000000000002
-0.009995166,0.025400000000000002
-0.009995164,0.025400000000000002
-0.009995162,0.025400000000000002
-0.00999516,0.025400000000000002
-0.009995158,0.025400000000000002
-0.009995156,0.025400000000000002
-0.009995154000000001,0.025400000000000002
-0.009995152,0.025400000000000002
-0.00999515,0.025400000000000002
-0.009995148,0.025400000000000002
-0.009995146,0.025400000000000002
-0.009995144000000001,0.025400000000000002
-0.009995142,0.025400000000000002
-0.00999514,0.025400000000000002
-0.009995138,0.025400000000000002
-0.009995136,0.025400000000000002
-0.009995134000000001,0.025400000000000002
-0.009995132,0.025400000000000002
-0.00999513,0.025400000000000002
-0.009995128,0.025400000000000002
-0.009995126,0.025400000000000002
-0.009995124000000001,0.025400000000000002
-0.009995122,0.025400000000000002
-0.00999512,0.025400000000000002
-0.009995118,0.025400000000000002
-0.009995116,0.025400000000000002
-0.009995114,0.025400000000000002
-0.009995112,0.025400000000000002
-0.00999511,0.025400000000000002
-0.009995108,0.025400000000000002
-0.009995106,0.025400000000000002
-0.009995104,0.025400000000000002
-0.009995102,0.025400000000000002
-0.0099951,0.025400000000000002
-0.009995098000000001,0.025400000000000002
-0.009995096,0.025400000000000002
-0.009995094,0.025400000000000002
-0.009995092,0.025400000000000002
-0.00999509,0.025400000000000002
-0.009995088000000001,0.025400000000000002
-0.009995086,0.025400000000000002
-0.009995084,0.025400000000000002
-0.009995082,0.025400000000000002
-0.00999508,0.025400000000000002
-0.009995078000000001,0.025400000000000002
-0.009995076,0.025400000000000002
-0.009995074,0.025400000000000002
-0.009995072,0.025400000000000002
-0.00999507,0.025400000000000002
-0.009995068000000001,0.025400000000000002
-0.009995066,0.025400000000000002
-0.009995064,0.025400000000000002
-0.009995062,0.025400000000000002
-0.00999506,0.025400000000000002
-0.009995058,0.025400000000000002
-0.009995056,0.025400000000000002
-0.009995054,0.025400000000000002
-0.009995052,0.025400000000000002
-0.00999505,0.025400000000000002
-0.009995048,0.025400000000000002
-0.009995046,0.025400000000000002
-0.009995044,0.025400000000000002
-0.009995042,0.025400000000000002
-0.00999504,0.025400000000000002
-0.009995038,0.025400000000000002
-0.009995036,0.025400000000000002
-0.009995034,0.025400000000000002
-0.009995032000000001,0.025400000000000002
-0.00999503,0.025400000000000002
-0.009995028,0.025400000000000002
-0.009995026,0.025400000000000002
-0.009995024,0.025400000000000002
-0.009995022000000001,0.025400000000000002
-0.00999502,0.025400000000000002
-0.009995018,0.025400000000000002
-0.009995016,0.025400000000000002
-0.009995014,0.025400000000000002
-0.009995012000000001,0.025400000000000002
-0.00999501,0.025400000000000002
-0.009995008,0.025400000000000002
-0.009995006,0.025400000000000002
-0.009995004,0.025400000000000002
-0.009995002,0.025400000000000002
-0.009995,0.025400000000000002
-0.009994998,0.025400000000000002
-0.009994996,0.025400000000000002
-0.009994994,0.025400000000000002
-0.009994992,0.025400000000000002
-0.00999499,0.025400000000000002
-0.009994988,0.025400000000000002
-0.009994986,0.025400000000000002
-0.009994984,0.025400000000000002
-0.009994982,0.025400000000000002
-0.00999498,0.025400000000000002
-0.009994978,0.025400000000000002
-0.009994976000000001,0.025400000000000002
-0.009994974,0.025400000000000002
-0.009994972,0.025400000000000002
-0.00999497,0.025400000000000002
-0.009994968,0.025400000000000002
-0.009994966000000001,0.025400000000000002
-0.009994964,0.025400000000000002
-0.009994962,0.025400000000000002
-0.00999496,0.025400000000000002
-0.009994958,0.025400000000000002
-0.009994956000000001,0.025400000000000002
-0.009994954,0.025400000000000002
-0.009994952,0.025400000000000002
-0.00999495,0.025400000000000002
-0.009994948,0.025400000000000002
-0.009994946,0.025400000000000002
-0.009994944,0.025400000000000002
-0.009994942,0.025400000000000002
-0.00999494,0.025400000000000002
-0.009994938,0.025400000000000002
-0.009994936,0.025400000000000002
-0.009994934,0.025400000000000002
-0.009994932,0.025400000000000002
-0.00999493,0.025400000000000002
-0.009994928,0.025400000000000002
-0.009994926,0.025400000000000002
-0.009994924,0.025400000000000002
-0.009994922,0.025400000000000002
-0.009994920000000001,0.025400000000000002
-0.009994918,0.025400000000000002
-0.009994916,0.025400000000000002
-0.009994914,0.025400000000000002
-0.009994912,0.025400000000000002
-0.009994910000000001,0.025400000000000002
-0.009994908,0.025400000000000002
-0.009994906,0.025400000000000002
-0.009994904,0.025400000000000002
-0.009994902,0.025400000000000002
-0.009994900000000001,0.025400000000000002
-0.009994898,0.025400000000000002
-0.009994896,0.025400000000000002
-0.009994894,0.025400000000000002
-0.009994892,0.025400000000000002
-0.009994890000000001,0.025400000000000002
-0.009994888,0.025400000000000002
-0.009994886,0.025400000000000002
-0.009994884,0.025400000000000002
-0.009994882,0.025400000000000002
-0.00999488,0.025400000000000002
-0.009994878,0.025400000000000002
-0.009994876,0.025400000000000002
-0.009994874,0.025400000000000002
-0.009994872,0.025400000000000002
-0.00999487,0.025400000000000002
-0.009994868,0.025400000000000002
-0.009994866,0.025400000000000002
-0.009994864000000001,0.025400000000000002
-0.009994862,0.025400000000000002
-0.00999486,0.025400000000000002
-0.009994858,0.025400000000000002
-0.009994856,0.025400000000000002
-0.009994854000000001,0.025400000000000002
-0.009994852,0.025400000000000002
-0.00999485,0.025400000000000002
-0.009994848,0.025400000000000002
-0.009994846,0.025400000000000002
-0.009994844000000001,0.025400000000000002
-0.009994842,0.025400000000000002
-0.00999484,0.025400000000000002
-0.009994838,0.025400000000000002
-0.009994836,0.025400000000000002
-0.009994834000000001,0.025400000000000002
-0.009994832,0.025400000000000002
-0.00999483,0.025400000000000002
-0.009994828,0.025400000000000002
-0.009994826,0.025400000000000002
-0.009994824,0.025400000000000002
-0.009994822,0.025400000000000002
-0.00999482,0.025400000000000002
-0.009994818,0.025400000000000002
-0.009994816,0.025400000000000002
-0.009994814,0.025400000000000002
-0.009994812,0.025400000000000002
-0.00999481,0.025400000000000002
-0.009994808,0.025400000000000002
-0.009994806,0.025400000000000002
-0.009994804,0.025400000000000002
-0.009994802,0.025400000000000002
-0.0099948,0.025400000000000002
-0.009994798000000001,0.025400000000000002
-0.009994796,0.025400000000000002
-0.009994794,0.025400000000000002
-0.009994792,0.025400000000000002
-0.00999479,0.025400000000000002
-0.009994788000000001,0.025400000000000002
-0.009994786,0.025400000000000002
-0.009994784,0.025400000000000002
-0.009994782,0.025400000000000002
-0.00999478,0.025400000000000002
-0.009994778000000001,0.025400000000000002
-0.009994776,0.025400000000000002
-0.009994774,0.025400000000000002
-0.009994772,0.025400000000000002
-0.00999477,0.025400000000000002
-0.009994768,0.025400000000000002
-0.009994766,0.025400000000000002
-0.009994764,0.025400000000000002
-0.009994762,0.025400000000000002
-0.00999476,0.025400000000000002
-0.009994758,0.025400000000000002
-0.009994756,0.025400000000000002
-0.009994754,0.025400000000000002
-0.009994752,0.025400000000000002
-0.00999475,0.025400000000000002
-0.009994748,0.025400000000000002
-0.009994746,0.025400000000000002
-0.009994744,0.025400000000000002
-0.009994742000000001,0.025400000000000002
-0.00999474,0.025400000000000002
-0.009994738,0.025400000000000002
-0.009994736,0.025400000000000002
-0.009994734,0.025400000000000002
-0.009994732000000001,0.025400000000000002
-0.00999473,0.025400000000000002
-0.009994728,0.025400000000000002
-0.009994726,0.025400000000000002
-0.009994724,0.025400000000000002
-0.009994722000000001,0.025400000000000002
-0.00999472,0.025400000000000002
-0.009994718,0.025400000000000002
-0.009994716,0.025400000000000002
-0.009994714,0.025400000000000002
-0.009994712,0.025400000000000002
-0.00999471,0.025400000000000002
-0.009994708,0.025400000000000002
-0.009994706,0.025400000000000002
-0.009994704,0.025400000000000002
-0.009994702,0.025400000000000002
-0.0099947,0.025400000000000002
-0.009994698,0.025400000000000002
-0.009994696,0.025400000000000002
-0.009994694,0.025400000000000002
-0.009994692,0.025400000000000002
-0.00999469,0.025400000000000002
-0.009994688,0.025400000000000002
-0.009994686000000001,0.025400000000000002
-0.009994684,0.025400000000000002
-0.009994682,0.025400000000000002
-0.00999468,0.025400000000000002
-0.009994678,0.025400000000000002
-0.009994676000000001,0.025400000000000002
-0.009994674,0.025400000000000002
-0.009994672,0.025400000000000002
-0.00999467,0.025400000000000002
-0.009994668,0.025400000000000002
-0.009994666000000001,0.025400000000000002
-0.009994664,0.025400000000000002
-0.009994662,0.025400000000000002
-0.00999466,0.025400000000000002
-0.009994658,0.025400000000000002
-0.009994656000000001,0.025400000000000002
-0.009994654,0.025400000000000002
-0.009994652,0.025400000000000002
-0.00999465,0.025400000000000002
-0.009994648,0.025400000000000002
-0.009994646,0.025400000000000002
-0.009994644,0.025400000000000002
-0.009994642,0.025400000000000002
-0.00999464,0.025400000000000002
-0.009994638,0.025400000000000002
-0.009994636,0.025400000000000002
-0.009994634,0.025400000000000002
-0.009994632,0.025400000000000002
-0.009994630000000001,0.025400000000000002
-0.009994628,0.025400000000000002
-0.009994626,0.025400000000000002
-0.009994624,0.025400000000000002
-0.009994622,0.025400000000000002
-0.009994620000000001,0.025400000000000002
-0.009994618,0.025400000000000002
-0.009994616,0.025400000000000002
-0.009994614,0.025400000000000002
-0.009994612,0.025400000000000002
-0.009994610000000001,0.025400000000000002
-0.009994608,0.025400000000000002
-0.009994606,0.025400000000000002
-0.009994604,0.025400000000000002
-0.009994602,0.025400000000000002
-0.009994600000000001,0.025400000000000002
-0.009994598,0.025400000000000002
-0.009994596,0.025400000000000002
-0.009994594,0.025400000000000002
-0.009994592,0.025400000000000002
-0.00999459,0.025400000000000002
-0.009994588,0.025400000000000002
-0.009994586,0.025400000000000002
-0.009994584,0.025400000000000002
-0.009994582,0.025400000000000002
-0.00999458,0.025400000000000002
-0.009994578,0.025400000000000002
-0.009994576,0.025400000000000002
-0.009994574,0.025400000000000002
-0.009994572,0.025400000000000002
-0.00999457,0.025400000000000002
-0.009994568,0.025400000000000002
-0.009994566,0.025400000000000002
-0.009994564000000001,0.025400000000000002
-0.009994562,0.025400000000000002
-0.00999456,0.025400000000000002
-0.009994558,0.025400000000000002
-0.009994556,0.025400000000000002
-0.009994554000000001,0.025400000000000002
-0.009994552,0.025400000000000002
-0.00999455,0.025400000000000002
-0.009994548,0.025400000000000002
-0.009994546,0.025400000000000002
-0.009994544000000001,0.025400000000000002
-0.009994542,0.025400000000000002
-0.00999454,0.025400000000000002
-0.009994538,0.025400000000000002
-0.009994536,0.025400000000000002
-0.009994534,0.025400000000000002
-0.009994532,0.025400000000000002
-0.00999453,0.025400000000000002
-0.009994528,0.025400000000000002
-0.009994526,0.025400000000000002
-0.009994524,0.025400000000000002
-0.009994522,0.025400000000000002
-0.00999452,0.025400000000000002
-0.009994518,0.025400000000000002
-0.009994516,0.025400000000000002
-0.009994514,0.025400000000000002
-0.009994512,0.025400000000000002
-0.00999451,0.025400000000000002
-0.009994508000000001,0.025400000000000002
-0.009994506,0.025400000000000002
-0.009994504,0.025400000000000002
-0.009994502,0.025400000000000002
-0.0099945,0.025400000000000002
-0.009994498000000001,0.025400000000000002
-0.009994496,0.025400000000000002
-0.009994494,0.025400000000000002
-0.009994492,0.025400000000000002
-0.00999449,0.025400000000000002
-0.009994488000000001,0.025400000000000002
-0.009994486,0.025400000000000002
-0.009994484,0.025400000000000002
-0.009994482,0.025400000000000002
-0.00999448,0.025400000000000002
-0.009994478,0.025400000000000002
-0.009994476,0.025400000000000002
-0.009994474,0.025400000000000002
-0.009994472,0.025400000000000002
-0.00999447,0.025400000000000002
-0.009994468,0.025400000000000002
-0.009994466,0.025400000000000002
-0.009994464,0.025400000000000002
-0.009994462,0.025400000000000002
-0.00999446,0.025400000000000002
-0.009994458,0.025400000000000002
-0.009994456,0.025400000000000002
-0.009994454,0.025400000000000002
-0.009994452000000001,0.025400000000000002
-0.00999445,0.025400000000000002
-0.009994448,0.025400000000000002
-0.009994446,0.025400000000000002
-0.009994444,0.025400000000000002
-0.009994442000000001,0.025400000000000002
-0.00999444,0.025400000000000002
-0.009994438,0.025400000000000002
-0.009994436,0.025400000000000002
-0.009994434,0.025400000000000002
-0.009994432000000001,0.025400000000000002
-0.00999443,0.025400000000000002
-0.009994428,0.025400000000000002
-0.009994426,0.025400000000000002
-0.009994424,0.025400000000000002
-0.009994422000000001,0.025400000000000002
-0.00999442,0.025400000000000002
-0.009994418,0.025400000000000002
-0.009994416,0.025400000000000002
-0.009994414,0.025400000000000002
-0.009994412,0.025400000000000002
-0.00999441,0.025400000000000002
-0.009994408,0.025400000000000002
-0.009994406,0.025400000000000002
-0.009994404,0.025400000000000002
-0.009994402,0.025400000000000002
-0.0099944,0.025400000000000002
-0.009994398,0.025400000000000002
-0.009994396000000001,0.025400000000000002
-0.009994394,0.025400000000000002
-0.009994392,0.025400000000000002
-0.00999439,0.025400000000000002
-0.009994388,0.025400000000000002
-0.009994386000000001,0.025400000000000002
-0.009994384,0.025400000000000002
-0.009994382,0.025400000000000002
-0.00999438,0.025400000000000002
-0.009994378,0.025400000000000002
-0.009994376000000001,0.025400000000000002
-0.009994374,0.025400000000000002
-0.009994372,0.025400000000000002
-0.00999437,0.025400000000000002
-0.009994368,0.025400000000000002
-0.009994366000000001,0.025400000000000002
-0.009994364,0.025400000000000002
-0.009994362,0.025400000000000002
-0.00999436,0.025400000000000002
-0.009994358,0.025400000000000002
-0.009994356,0.025400000000000002
-0.009994354,0.025400000000000002
-0.009994352,0.025400000000000002
-0.00999435,0.025400000000000002
-0.009994348,0.025400000000000002
-0.009994346,0.025400000000000002
-0.009994344,0.025400000000000002
-0.009994342,0.025400000000000002
-0.00999434,0.025400000000000002
-0.009994338,0.025400000000000002
-0.009994336,0.025400000000000002
-0.009994334,0.025400000000000002
-0.009994332,0.025400000000000002
-0.009994330000000001,0.025400000000000002
-0.009994328,0.025400000000000002
-0.009994326,0.025400000000000002
-0.009994324,0.025400000000000002
-0.009994322,0.025400000000000002
-0.009994320000000001,0.025400000000000002
-0.009994318,0.025400000000000002
-0.009994316,0.025400000000000002
-0.009994314,0.025400000000000002
-0.009994312,0.025400000000000002
-0.009994310000000001,0.025400000000000002
-0.009994308,0.025400000000000002
-0.009994306,0.025400000000000002
-0.009994304,0.025400000000000002
-0.009994302,0.025400000000000002
-0.0099943,0.025400000000000002
-0.009994298,0.025400000000000002
-0.009994296,0.025400000000000002
-0.009994294,0.025400000000000002
-0.009994292,0.025400000000000002
-0.00999429,0.025400000000000002
-0.009994288,0.025400000000000002
-0.009994286,0.025400000000000002
-0.009994284,0.025400000000000002
-0.009994282,0.025400000000000002
-0.00999428,0.025400000000000002
-0.009994278,0.025400000000000002
-0.009994276,0.025400000000000002
-0.009994274000000001,0.025400000000000002
-0.009994272,0.025400000000000002
-0.00999427,0.025400000000000002
-0.009994268,0.025400000000000002
-0.009994266,0.025400000000000002
-0.009994264000000001,0.025400000000000002
-0.009994262,0.025400000000000002
-0.00999426,0.025400000000000002
-0.009994258,0.025400000000000002
-0.009994256,0.025400000000000002
-0.009994254000000001,0.025400000000000002
-0.009994252,0.025400000000000002
-0.00999425,0.025400000000000002
-0.009994248,0.025400000000000002
-0.009994246,0.025400000000000002
-0.009994244,0.025400000000000002
-0.009994242,0.025400000000000002
-0.00999424,0.025400000000000002
-0.009994238,0.025400000000000002
-0.009994236,0.025400000000000002
-0.009994234,0.025400000000000002
-0.009994232,0.025400000000000002
-0.00999423,0.025400000000000002
-0.009994228,0.025400000000000002
-0.009994226,0.025400000000000002
-0.009994224,0.025400000000000002
-0.009994222,0.025400000000000002
-0.00999422,0.025400000000000002
-0.009994218000000001,0.025400000000000002
-0.009994216,0.025400000000000002
-0.009994214,0.025400000000000002
-0.009994212,0.025400000000000002
-0.00999421,0.025400000000000002
-0.009994208000000001,0.025400000000000002
-0.009994206,0.025400000000000002
-0.009994204,0.025400000000000002
-0.009994202,0.025400000000000002
-0.0099942,0.025400000000000002
-0.009994198000000001,0.025400000000000002
-0.009994196,0.025400000000000002
-0.009994194,0.025400000000000002
-0.009994192,0.025400000000000002
-0.00999419,0.025400000000000002
-0.009994188000000001,0.025400000000000002
-0.009994186,0.025400000000000002
-0.009994184,0.025400000000000002
-0.009994182,0.025400000000000002
-0.00999418,0.025400000000000002
-0.009994178,0.025400000000000002
-0.009994176,0.025400000000000002
-0.009994174,0.025400000000000002
-0.009994172,0.025400000000000002
-0.00999417,0.025400000000000002
-0.009994168,0.025400000000000002
-0.009994166,0.025400000000000002
-0.009994164,0.025400000000000002
-0.009994162000000001,0.025400000000000002
-0.00999416,0.025400000000000002
-0.009994158,0.025400000000000002
-0.009994156,0.025400000000000002
-0.009994154,0.025400000000000002
-0.009994152000000001,0.025400000000000002
-0.00999415,0.025400000000000002
-0.009994148,0.025400000000000002
-0.009994146,0.025400000000000002
-0.009994144,0.025400000000000002
-0.009994142000000001,0.025400000000000002
-0.00999414,0.025400000000000002
-0.009994138,0.025400000000000002
-0.009994136,0.025400000000000002
-0.009994134,0.025400000000000002
-0.009994132000000001,0.025400000000000002
-0.00999413,0.025400000000000002
-0.009994128,0.025400000000000002
-0.009994126,0.025400000000000002
-0.009994124,0.025400000000000002
-0.009994122,0.025400000000000002
-0.00999412,0.025400000000000002
-0.009994118,0.025400000000000002
-0.009994116,0.025400000000000002
-0.009994114,0.025400000000000002
-0.009994112,0.025400000000000002
-0.00999411,0.025400000000000002
-0.009994108,0.025400000000000002
-0.009994106,0.025400000000000002
-0.009994104,0.025400000000000002
-0.009994102,0.025400000000000002
-0.0099941,0.025400000000000002
-0.009994098,0.025400000000000002
-0.009994096000000001,0.025400000000000002
-0.009994094,0.025400000000000002
-0.009994092,0.025400000000000002
-0.00999409,0.025400000000000002
-0.009994088,0.025400000000000002
-0.009994086000000001,0.025400000000000002
-0.009994084,0.025400000000000002
-0.009994082,0.025400000000000002
-0.00999408,0.025400000000000002
-0.009994078,0.025400000000000002
-0.009994076000000001,0.025400000000000002
-0.009994074,0.025400000000000002
-0.009994072,0.025400000000000002
-0.00999407,0.025400000000000002
-0.009994068,0.025400000000000002
-0.009994066,0.025400000000000002
-0.009994064,0.025400000000000002
-0.009994062,0.025400000000000002
-0.00999406,0.025400000000000002
-0.009994058,0.025400000000000002
-0.009994056,0.025400000000000002
-0.009994054,0.025400000000000002
-0.009994052,0.025400000000000002
-0.00999405,0.025400000000000002
-0.009994048,0.025400000000000002
-0.009994046,0.025400000000000002
-0.009994044,0.025400000000000002
-0.009994042,0.025400000000000002
-0.009994040000000001,0.025400000000000002
-0.009994038,0.025400000000000002
-0.009994036,0.025400000000000002
-0.009994034,0.025400000000000002
-0.009994032,0.025400000000000002
-0.009994030000000001,0.025400000000000002
-0.009994028,0.025400000000000002
-0.009994026,0.025400000000000002
-0.009994024,0.025400000000000002
-0.009994022,0.025400000000000002
-0.009994020000000001,0.025400000000000002
-0.009994018,0.025400000000000002
-0.009994016,0.025400000000000002
-0.009994014,0.025400000000000002
-0.009994012,0.025400000000000002
-0.00999401,0.025400000000000002
-0.009994008,0.025400000000000002
-0.009994006,0.025400000000000002
-0.009994004,0.025400000000000002
-0.009994002,0.025400000000000002
-0.009994,0.025400000000000002
-0.009993998,0.025400000000000002
-0.009993996,0.025400000000000002
-0.009993994,0.025400000000000002
-0.009993992,0.025400000000000002
-0.00999399,0.025400000000000002
-0.009993988,0.025400000000000002
-0.009993986,0.025400000000000002
-0.009993984000000001,0.025400000000000002
-0.009993982,0.025400000000000002
-0.00999398,0.025400000000000002
-0.009993978,0.025400000000000002
-0.009993976,0.025400000000000002
-0.009993974000000001,0.025400000000000002
-0.009993972,0.025400000000000002
-0.00999397,0.025400000000000002
-0.009993968,0.025400000000000002
-0.009993966,0.025400000000000002
-0.009993964000000001,0.025400000000000002
-0.009993962,0.025400000000000002
-0.00999396,0.025400000000000002
-0.009993958,0.025400000000000002
-0.009993956,0.025400000000000002
-0.009993954000000001,0.025400000000000002
-0.009993952,0.025400000000000002
-0.00999395,0.025400000000000002
-0.009993948,0.025400000000000002
-0.009993946,0.025400000000000002
-0.009993944,0.025400000000000002
-0.009993942,0.025400000000000002
-0.00999394,0.025400000000000002
-0.009993938,0.025400000000000002
-0.009993936,0.025400000000000002
-0.009993934,0.025400000000000002
-0.009993932,0.025400000000000002
-0.00999393,0.025400000000000002
-0.009993928000000001,0.025400000000000002
-0.009993926,0.025400000000000002
-0.009993924,0.025400000000000002
-0.009993922,0.025400000000000002
-0.00999392,0.025400000000000002
-0.009993918000000001,0.025400000000000002
-0.009993916,0.025400000000000002
-0.009993914,0.025400000000000002
-0.009993912,0.025400000000000002
-0.00999391,0.025400000000000002
-0.009993908000000001,0.025400000000000002
-0.009993906,0.025400000000000002
-0.009993904,0.025400000000000002
-0.009993902,0.025400000000000002
-0.0099939,0.025400000000000002
-0.009993898000000001,0.025400000000000002
-0.009993896,0.025400000000000002
-0.009993894,0.025400000000000002
-0.009993892,0.025400000000000002
-0.00999389,0.025400000000000002
-0.009993888,0.025400000000000002
-0.009993886,0.025400000000000002
-0.009993884,0.025400000000000002
-0.009993882,0.025400000000000002
-0.00999388,0.025400000000000002
-0.009993878,0.025400000000000002
-0.009993876,0.025400000000000002
-0.009993874,0.025400000000000002
-0.009993872,0.025400000000000002
-0.00999387,0.025400000000000002
-0.009993868,0.025400000000000002
-0.009993866,0.025400000000000002
-0.009993864,0.025400000000000002
-0.009993862000000001,0.025400000000000002
-0.00999386,0.025400000000000002
-0.009993858,0.025400000000000002
-0.009993856,0.025400000000000002
-0.009993854,0.025400000000000002
-0.009993852000000001,0.025400000000000002
-0.00999385,0.025400000000000002
-0.009993848,0.025400000000000002
-0.009993846,0.025400000000000002
-0.009993844,0.025400000000000002
-0.009993842000000001,0.025400000000000002
-0.00999384,0.025400000000000002
-0.009993838,0.025400000000000002
-0.009993836,0.025400000000000002
-0.009993834,0.025400000000000002
-0.009993832,0.025400000000000002
-0.00999383,0.025400000000000002
-0.009993828,0.025400000000000002
-0.009993826,0.025400000000000002
-0.009993824,0.025400000000000002
-0.009993822,0.025400000000000002
-0.00999382,0.025400000000000002
-0.009993818,0.025400000000000002
-0.009993816,0.025400000000000002
-0.009993814,0.025400000000000002
-0.009993812,0.025400000000000002
-0.00999381,0.025400000000000002
-0.009993808,0.025400000000000002
-0.009993806000000001,0.025400000000000002
-0.009993804,0.025400000000000002
-0.009993802,0.025400000000000002
-0.0099938,0.025400000000000002
-0.009993798,0.025400000000000002
-0.009993796000000001,0.025400000000000002
-0.009993794,0.025400000000000002
-0.009993792,0.025400000000000002
-0.00999379,0.025400000000000002
-0.009993788,0.025400000000000002
-0.009993786000000001,0.025400000000000002
-0.009993784,0.025400000000000002
-0.009993782,0.025400000000000002
-0.00999378,0.025400000000000002
-0.009993778,0.025400000000000002
-0.009993776,0.025400000000000002
-0.009993774,0.025400000000000002
-0.009993772,0.025400000000000002
-0.00999377,0.025400000000000002
-0.009993768,0.025400000000000002
-0.009993766,0.025400000000000002
-0.009993764,0.025400000000000002
-0.009993762,0.025400000000000002
-0.00999376,0.025400000000000002
-0.009993758,0.025400000000000002
-0.009993756,0.025400000000000002
-0.009993754,0.025400000000000002
-0.009993752,0.025400000000000002
-0.009993750000000001,0.025400000000000002
-0.009993748,0.025400000000000002
-0.009993746,0.025400000000000002
-0.009993744,0.025400000000000002
-0.009993742,0.025400000000000002
-0.009993740000000001,0.025400000000000002
-0.009993738,0.025400000000000002
-0.009993736,0.025400000000000002
-0.009993734,0.025400000000000002
-0.009993732,0.025400000000000002
-0.009993730000000001,0.025400000000000002
-0.009993728,0.025400000000000002
-0.009993726,0.025400000000000002
-0.009993724,0.025400000000000002
-0.009993722,0.025400000000000002
-0.009993720000000001,0.025400000000000002
-0.009993718,0.025400000000000002
-0.009993716,0.025400000000000002
-0.009993714,0.025400000000000002
-0.009993712,0.025400000000000002
-0.00999371,0.025400000000000002
-0.009993708,0.025400000000000002
-0.009993706,0.025400000000000002
-0.009993704,0.025400000000000002
-0.009993702,0.025400000000000002
-0.0099937,0.025400000000000002
-0.009993698,0.025400000000000002
-0.009993696,0.025400000000000002
-0.009993694000000001,0.025400000000000002
-0.009993692,0.025400000000000002
-0.00999369,0.025400000000000002
-0.009993688,0.025400000000000002
-0.009993686,0.025400000000000002
-0.009993684000000001,0.025400000000000002
-0.009993682,0.025400000000000002
-0.00999368,0.025400000000000002
-0.009993678,0.025400000000000002
-0.009993676,0.025400000000000002
-0.009993674000000001,0.025400000000000002
-0.009993672,0.025400000000000002
-0.00999367,0.025400000000000002
-0.009993668,0.025400000000000002
-0.009993666,0.025400000000000002
-0.009993664000000001,0.025400000000000002
-0.009993662,0.025400000000000002
-0.00999366,0.025400000000000002
-0.009993658,0.025400000000000002
-0.009993656,0.025400000000000002
-0.009993654,0.025400000000000002
-0.009993652,0.025400000000000002
-0.00999365,0.025400000000000002
-0.009993648,0.025400000000000002
-0.009993646,0.025400000000000002
-0.009993644,0.025400000000000002
-0.009993642,0.025400000000000002
-0.00999364,0.025400000000000002
-0.009993638000000001,0.025400000000000002
-0.009993636,0.025400000000000002
-0.009993634,0.025400000000000002
-0.009993632,0.025400000000000002
-0.00999363,0.025400000000000002
-0.009993628000000001,0.025400000000000002
-0.009993626,0.025400000000000002
-0.009993624,0.025400000000000002
-0.009993622,0.025400000000000002
-0.00999362,0.025400000000000002
-0.009993618000000001,0.025400000000000002
-0.009993616,0.025400000000000002
-0.009993614,0.025400000000000002
-0.009993612,0.025400000000000002
-0.00999361,0.025400000000000002
-0.009993608000000001,0.025400000000000002
-0.009993606,0.025400000000000002
-0.009993604,0.025400000000000002
-0.009993602,0.025400000000000002
-0.0099936,0.025400000000000002
-0.009993598,0.025400000000000002
-0.009993596,0.025400000000000002
-0.009993594,0.025400000000000002
-0.009993592,0.025400000000000002
-0.00999359,0.025400000000000002
-0.009993588,0.025400000000000002
-0.009993586,0.025400000000000002
-0.009993584,0.025400000000000002
-0.009993582,0.025400000000000002
-0.00999358,0.025400000000000002
-0.009993578,0.025400000000000002
-0.009993576,0.025400000000000002
-0.009993574,0.025400000000000002
-0.009993572000000001,0.025400000000000002
-0.00999357,0.025400000000000002
-0.009993568,0.025400000000000002
-0.009993566,0.025400000000000002
-0.009993564,0.025400000000000002
-0.009993562000000001,0.025400000000000002
-0.00999356,0.025400000000000002
-0.009993558,0.025400000000000002
-0.009993556,0.025400000000000002
-0.009993554,0.025400000000000002
-0.009993552000000001,0.025400000000000002
-0.00999355,0.025400000000000002
-0.009993548,0.025400000000000002
-0.009993546,0.025400000000000002
-0.009993544,0.025400000000000002
-0.009993542,0.025400000000000002
-0.00999354,0.025400000000000002
-0.009993538,0.025400000000000002
-0.009993536,0.025400000000000002
-0.009993534,0.025400000000000002
-0.009993532,0.025400000000000002
-0.00999353,0.025400000000000002
-0.009993528,0.025400000000000002
-0.009993526,0.025400000000000002
-0.009993524,0.025400000000000002
-0.009993522,0.025400000000000002
-0.00999352,0.025400000000000002
-0.009993518,0.025400000000000002
-0.009993516000000001,0.025400000000000002
-0.009993514,0.025400000000000002
-0.009993512,0.025400000000000002
-0.00999351,0.025400000000000002
-0.009993508,0.025400000000000002
-0.009993506000000001,0.025400000000000002
-0.009993504,0.025400000000000002
-0.009993502,0.025400000000000002
-0.0099935,0.025400000000000002
-0.009993498,0.025400000000000002
-0.009993496000000001,0.025400000000000002
-0.009993494,0.025400000000000002
-0.009993492,0.025400000000000002
-0.00999349,0.025400000000000002
-0.009993488,0.025400000000000002
-0.009993486,0.025400000000000002
-0.009993484,0.025400000000000002
-0.009993482,0.025400000000000002
-0.00999348,0.025400000000000002
-0.009993478,0.025400000000000002
-0.009993476,0.025400000000000002
-0.009993474,0.025400000000000002
-0.009993472,0.025400000000000002
-0.00999347,0.025400000000000002
-0.009993468,0.025400000000000002
-0.009993466,0.025400000000000002
-0.009993464,0.025400000000000002
-0.009993462,0.025400000000000002
-0.009993460000000001,0.025400000000000002
-0.009993458,0.025400000000000002
-0.009993456,0.025400000000000002
-0.009993454,0.025400000000000002
-0.009993452,0.025400000000000002
-0.009993450000000001,0.025400000000000002
-0.009993448,0.025400000000000002
-0.009993446,0.025400000000000002
-0.009993444,0.025400000000000002
-0.009993442,0.025400000000000002
-0.009993440000000001,0.025400000000000002
-0.009993438,0.025400000000000002
-0.009993436,0.025400000000000002
-0.009993434,0.025400000000000002
-0.009993432,0.025400000000000002
-0.009993430000000001,0.025400000000000002
-0.009993428,0.025400000000000002
-0.009993426,0.025400000000000002
-0.009993424,0.025400000000000002
-0.009993422,0.025400000000000002
-0.00999342,0.025400000000000002
-0.009993418,0.025400000000000002
-0.009993416,0.025400000000000002
-0.009993414,0.025400000000000002
-0.009993412,0.025400000000000002
-0.00999341,0.025400000000000002
-0.009993408,0.025400000000000002
-0.009993406,0.025400000000000002
-0.009993404000000001,0.025400000000000002
-0.009993402,0.025400000000000002
-0.0099934,0.025400000000000002
-0.009993398,0.025400000000000002
-0.009993396,0.025400000000000002
-0.009993394000000001,0.025400000000000002
-0.009993392,0.025400000000000002
-0.00999339,0.025400000000000002
-0.009993388,0.025400000000000002
-0.009993386,0.025400000000000002
-0.009993384000000001,0.025400000000000002
-0.009993382,0.025400000000000002
-0.00999338,0.025400000000000002
-0.009993378,0.025400000000000002
-0.009993376,0.025400000000000002
-0.009993374000000001,0.025400000000000002
-0.009993372,0.025400000000000002
-0.00999337,0.025400000000000002
-0.009993368,0.025400000000000002
-0.009993366,0.025400000000000002
-0.009993364,0.025400000000000002
-0.009993362,0.025400000000000002
-0.00999336,0.025400000000000002
-0.009993358,0.025400000000000002
-0.009993356,0.025400000000000002
-0.009993354,0.025400000000000002
-0.009993352,0.025400000000000002
-0.00999335,0.025400000000000002
-0.009993348,0.025400000000000002
-0.009993346,0.025400000000000002
-0.009993344,0.025400000000000002
-0.009993342,0.025400000000000002
-0.00999334,0.025400000000000002
-0.009993338000000001,0.025400000000000002
-0.009993336,0.025400000000000002
-0.009993334,0.025400000000000002
-0.009993332,0.025400000000000002
-0.00999333,0.025400000000000002
-0.009993328000000001,0.025400000000000002
-0.009993326,0.025400000000000002
-0.009993324,0.025400000000000002
-0.009993322,0.025400000000000002
-0.00999332,0.025400000000000002
-0.009993318000000001,0.025400000000000002
-0.009993316,0.025400000000000002
-0.009993314,0.025400000000000002
-0.009993312,0.025400000000000002
-0.00999331,0.025400000000000002
-0.009993308,0.025400000000000002
-0.009993306,0.025400000000000002
-0.009993304,0.025400000000000002
-0.009993302,0.025400000000000002
-0.0099933,0.025400000000000002
-0.009993298,0.025400000000000002
-0.009993296,0.025400000000000002
-0.009993294,0.025400000000000002
-0.009993292,0.025400000000000002
-0.00999329,0.025400000000000002
-0.009993288,0.025400000000000002
-0.009993286,0.025400000000000002
-0.009993284,0.025400000000000002
-0.009993282000000001,0.025400000000000002
-0.00999328,0.025400000000000002
-0.009993278,0.025400000000000002
-0.009993276,0.025400000000000002
-0.009993274,0.025400000000000002
-0.009993272000000001,0.025400000000000002
-0.00999327,0.025400000000000002
-0.009993268,0.025400000000000002
-0.009993266,0.025400000000000002
-0.009993264,0.025400000000000002
-0.009993262000000001,0.025400000000000002
-0.00999326,0.025400000000000002
-0.009993258,0.025400000000000002
-0.009993256,0.025400000000000002
-0.009993254,0.025400000000000002
-0.009993252,0.025400000000000002
-0.00999325,0.025400000000000002
-0.009993248,0.025400000000000002
-0.009993246,0.025400000000000002
-0.009993244,0.025400000000000002
-0.009993242,0.025400000000000002
-0.00999324,0.025400000000000002
-0.009993238,0.025400000000000002
-0.009993236,0.025400000000000002
-0.009993234,0.025400000000000002
-0.009993232,0.025400000000000002
-0.00999323,0.025400000000000002
-0.009993228,0.025400000000000002
-0.009993226000000001,0.025400000000000002
-0.009993224,0.025400000000000002
-0.009993222,0.025400000000000002
-0.00999322,0.025400000000000002
-0.009993218,0.025400000000000002
-0.009993216000000001,0.025400000000000002
-0.009993214,0.025400000000000002
-0.009993212,0.025400000000000002
-0.00999321,0.025400000000000002
-0.009993208,0.025400000000000002
-0.009993206000000001,0.025400000000000002
-0.009993204,0.025400000000000002
-0.009993202,0.025400000000000002
-0.0099932,0.025400000000000002
-0.009993198,0.025400000000000002
-0.009993196000000001,0.025400000000000002
-0.009993194,0.025400000000000002
-0.009993192,0.025400000000000002
-0.00999319,0.025400000000000002
-0.009993188,0.025400000000000002
-0.009993186,0.025400000000000002
-0.009993184,0.025400000000000002
-0.009993182,0.025400000000000002
-0.00999318,0.025400000000000002
-0.009993178,0.025400000000000002
-0.009993176,0.025400000000000002
-0.009993174,0.025400000000000002
-0.009993172,0.025400000000000002
-0.009993170000000001,0.025400000000000002
-0.009993168,0.025400000000000002
-0.009993166,0.025400000000000002
-0.009993164,0.025400000000000002
-0.009993162,0.025400000000000002
-0.009993160000000001,0.025400000000000002
-0.009993158,0.025400000000000002
-0.009993156,0.025400000000000002
-0.009993154,0.025400000000000002
-0.009993152,0.025400000000000002
-0.009993150000000001,0.025400000000000002
-0.009993148,0.025400000000000002
-0.009993146,0.025400000000000002
-0.009993144,0.025400000000000002
-0.009993142,0.025400000000000002
-0.009993140000000001,0.025400000000000002
-0.009993138,0.025400000000000002
-0.009993136,0.025400000000000002
-0.009993134,0.025400000000000002
-0.009993132,0.025400000000000002
-0.00999313,0.025400000000000002
-0.009993128,0.025400000000000002
-0.009993126,0.025400000000000002
-0.009993124,0.025400000000000002
-0.009993122,0.025400000000000002
-0.00999312,0.025400000000000002
-0.009993118,0.025400000000000002
-0.009993116,0.025400000000000002
-0.009993114,0.025400000000000002
-0.009993112,0.025400000000000002
-0.00999311,0.025400000000000002
-0.009993108,0.025400000000000002
-0.009993106,0.025400000000000002
-0.009993104000000001,0.025400000000000002
-0.009993102,0.025400000000000002
-0.0099931,0.025400000000000002
-0.009993098,0.025400000000000002
-0.009993096,0.025400000000000002
-0.009993094000000001,0.025400000000000002
-0.009993092,0.025400000000000002
-0.00999309,0.025400000000000002
-0.009993088,0.025400000000000002
-0.009993086,0.025400000000000002
-0.009993084000000001,0.025400000000000002
-0.009993082,0.025400000000000002
-0.00999308,0.025400000000000002
-0.009993078,0.025400000000000002
-0.009993076,0.025400000000000002
-0.009993074,0.025400000000000002
-0.009993072,0.025400000000000002
-0.00999307,0.025400000000000002
-0.009993068,0.025400000000000002
-0.009993066,0.025400000000000002
-0.009993064,0.025400000000000002
-0.009993062,0.025400000000000002
-0.00999306,0.025400000000000002
-0.009993058,0.025400000000000002
-0.009993056,0.025400000000000002
-0.009993054,0.025400000000000002
-0.009993052,0.025400000000000002
-0.00999305,0.025400000000000002
-0.009993048000000001,0.025400000000000002
-0.009993046,0.025400000000000002
-0.009993044,0.025400000000000002
-0.009993042,0.025400000000000002
-0.00999304,0.025400000000000002
-0.009993038000000001,0.025400000000000002
-0.009993036,0.025400000000000002
-0.009993034,0.025400000000000002
-0.009993032,0.025400000000000002
-0.00999303,0.025400000000000002
-0.009993028000000001,0.025400000000000002
-0.009993026,0.025400000000000002
-0.009993024,0.025400000000000002
-0.009993022,0.025400000000000002
-0.00999302,0.025400000000000002
-0.009993018,0.025400000000000002
-0.009993016,0.025400000000000002
-0.009993014,0.025400000000000002
-0.009993012,0.025400000000000002
-0.00999301,0.025400000000000002
-0.009993008,0.025400000000000002
-0.009993006,0.025400000000000002
-0.009993004,0.025400000000000002
-0.009993002,0.025400000000000002
-0.009993,0.025400000000000002
-0.009992998,0.025400000000000002
-0.009992996,0.025400000000000002
-0.009992994,0.025400000000000002
-0.009992992000000001,0.025400000000000002
-0.00999299,0.025400000000000002
-0.009992988,0.025400000000000002
-0.009992986,0.025400000000000002
-0.009992984,0.025400000000000002
-0.009992982000000001,0.025400000000000002
-0.00999298,0.025400000000000002
-0.009992978,0.025400000000000002
-0.009992976,0.025400000000000002
-0.009992974,0.025400000000000002
-0.009992972000000001,0.025400000000000002
-0.00999297,0.025400000000000002
-0.009992968,0.025400000000000002
-0.009992966,0.025400000000000002
-0.009992964,0.025400000000000002
-0.009992962000000001,0.025400000000000002
-0.00999296,0.025400000000000002
-0.009992958,0.025400000000000002
-0.009992956,0.025400000000000002
-0.009992954,0.025400000000000002
-0.009992952,0.025400000000000002
-0.00999295,0.025400000000000002
-0.009992948,0.025400000000000002
-0.009992946,0.025400000000000002
-0.009992944,0.025400000000000002
-0.009992942,0.025400000000000002
-0.00999294,0.025400000000000002
-0.009992938,0.025400000000000002
-0.009992936000000001,0.025400000000000002
-0.009992934,0.025400000000000002
-0.009992932,0.025400000000000002
-0.00999293,0.025400000000000002
-0.009992928,0.025400000000000002
-0.009992926000000001,0.025400000000000002
-0.009992924,0.025400000000000002
-0.009992922,0.025400000000000002
-0.00999292,0.025400000000000002
-0.009992918,0.025400000000000002
-0.009992916000000001,0.025400000000000002
-0.009992914,0.025400000000000002
-0.009992912,0.025400000000000002
-0.00999291,0.025400000000000002
-0.009992908,0.025400000000000002
-0.009992906000000001,0.025400000000000002
-0.009992904,0.025400000000000002
-0.009992902,0.025400000000000002
-0.0099929,0.025400000000000002
-0.009992898,0.025400000000000002
-0.009992896,0.025400000000000002
-0.009992894,0.025400000000000002
-0.009992892,0.025400000000000002
-0.00999289,0.025400000000000002
-0.009992888,0.025400000000000002
-0.009992886,0.025400000000000002
-0.009992884,0.025400000000000002
-0.009992882,0.025400000000000002
-0.00999288,0.025400000000000002
-0.009992878,0.025400000000000002
-0.009992876,0.025400000000000002
-0.009992874,0.025400000000000002
-0.009992872,0.025400000000000002
-0.009992870000000001,0.025400000000000002
-0.009992868,0.025400000000000002
-0.009992866,0.025400000000000002
-0.009992864,0.025400000000000002
-0.009992862,0.025400000000000002
-0.009992860000000001,0.025400000000000002
-0.009992858,0.025400000000000002
-0.009992856,0.025400000000000002
-0.009992854,0.025400000000000002
-0.009992852,0.025400000000000002
-0.009992850000000001,0.025400000000000002
-0.009992848,0.025400000000000002
-0.009992846,0.025400000000000002
-0.009992844,0.025400000000000002
-0.009992842,0.025400000000000002
-0.00999284,0.025400000000000002
-0.009992838,0.025400000000000002
-0.009992836,0.025400000000000002
-0.009992834,0.025400000000000002
-0.009992832,0.025400000000000002
-0.00999283,0.025400000000000002
-0.009992828,0.025400000000000002
-0.009992826,0.025400000000000002
-0.009992824,0.025400000000000002
-0.009992822,0.025400000000000002
-0.00999282,0.025400000000000002
-0.009992818,0.025400000000000002
-0.009992816,0.025400000000000002
-0.009992814000000001,0.025400000000000002
-0.009992812,0.025400000000000002
-0.00999281,0.025400000000000002
-0.009992808,0.025400000000000002
-0.009992806,0.025400000000000002
-0.009992804000000001,0.025400000000000002
-0.009992802,0.025400000000000002
-0.0099928,0.025400000000000002
-0.009992798,0.025400000000000002
-0.009992796,0.025400000000000002
-0.009992794000000001,0.025400000000000002
-0.009992792,0.025400000000000002
-0.00999279,0.025400000000000002
-0.009992788,0.025400000000000002
-0.009992786,0.025400000000000002
-0.009992784,0.025400000000000002
-0.009992782,0.025400000000000002
-0.00999278,0.025400000000000002
-0.009992778,0.025400000000000002
-0.009992776,0.025400000000000002
-0.009992774,0.025400000000000002
-0.009992772,0.025400000000000002
-0.00999277,0.025400000000000002
-0.009992768,0.025400000000000002
-0.009992766,0.025400000000000002
-0.009992764,0.025400000000000002
-0.009992762,0.025400000000000002
-0.00999276,0.025400000000000002
-0.009992758000000001,0.025400000000000002
-0.009992756,0.025400000000000002
-0.009992754,0.025400000000000002
-0.009992752,0.025400000000000002
-0.00999275,0.025400000000000002
-0.009992748000000001,0.025400000000000002
-0.009992746,0.025400000000000002
-0.009992744,0.025400000000000002
-0.009992742,0.025400000000000002
-0.00999274,0.025400000000000002
-0.009992738000000001,0.025400000000000002
-0.009992736,0.025400000000000002
-0.009992734,0.025400000000000002
-0.009992732,0.025400000000000002
-0.00999273,0.025400000000000002
-0.009992728000000001,0.025400000000000002
-0.009992726,0.025400000000000002
-0.009992724,0.025400000000000002
-0.009992722,0.025400000000000002
-0.00999272,0.025400000000000002
-0.009992718,0.025400000000000002
-0.009992716,0.025400000000000002
-0.009992714,0.025400000000000002
-0.009992712,0.025400000000000002
-0.00999271,0.025400000000000002
-0.009992708,0.025400000000000002
-0.009992706,0.025400000000000002
-0.009992704,0.025400000000000002
-0.009992702000000001,0.025400000000000002
-0.0099927,0.025400000000000002
-0.009992698,0.025400000000000002
-0.009992696,0.025400000000000002
-0.009992694,0.025400000000000002
-0.009992692000000001,0.025400000000000002
-0.00999269,0.025400000000000002
-0.009992688,0.025400000000000002
-0.009992686,0.025400000000000002
-0.009992684,0.025400000000000002
-0.009992682000000001,0.025400000000000002
-0.00999268,0.025400000000000002
-0.009992678,0.025400000000000002
-0.009992676,0.025400000000000002
-0.009992674,0.025400000000000002
-0.009992672000000001,0.025400000000000002
-0.00999267,0.025400000000000002
-0.009992668,0.025400000000000002
-0.009992666,0.025400000000000002
-0.009992664,0.025400000000000002
-0.009992662,0.025400000000000002
-0.00999266,0.025400000000000002
-0.009992658,0.025400000000000002
-0.009992656,0.025400000000000002
-0.009992654,0.025400000000000002
-0.009992652,0.025400000000000002
-0.00999265,0.025400000000000002
-0.009992648,0.025400000000000002
-0.009992646,0.025400000000000002
-0.009992644,0.025400000000000002
-0.009992642,0.025400000000000002
-0.00999264,0.025400000000000002
-0.009992638,0.025400000000000002
-0.009992636000000001,0.025400000000000002
-0.009992634,0.025400000000000002
-0.009992632,0.025400000000000002
-0.00999263,0.025400000000000002
-0.009992628,0.025400000000000002
-0.009992626000000001,0.025400000000000002
-0.009992624,0.025400000000000002
-0.009992622,0.025400000000000002
-0.00999262,0.025400000000000002
-0.009992618,0.025400000000000002
-0.009992616000000001,0.025400000000000002
-0.009992614,0.025400000000000002
-0.009992612,0.025400000000000002
-0.00999261,0.025400000000000002
-0.009992608,0.025400000000000002
-0.009992606,0.025400000000000002
-0.009992604,0.025400000000000002
-0.009992602,0.025400000000000002
-0.0099926,0.025400000000000002
-0.009992598,0.025400000000000002
-0.009992596,0.025400000000000002
-0.009992594,0.025400000000000002
-0.009992592,0.025400000000000002
-0.00999259,0.025400000000000002
-0.009992588,0.025400000000000002
-0.009992586,0.025400000000000002
-0.009992584,0.025400000000000002
-0.009992582,0.025400000000000002
-0.009992580000000001,0.025400000000000002
-0.009992578,0.025400000000000002
-0.009992576,0.025400000000000002
-0.009992574,0.025400000000000002
-0.009992572,0.025400000000000002
-0.009992570000000001,0.025400000000000002
-0.009992568,0.025400000000000002
-0.009992566,0.025400000000000002
-0.009992564,0.025400000000000002
-0.009992562,0.025400000000000002
-0.009992560000000001,0.025400000000000002
-0.009992558,0.025400000000000002
-0.009992556,0.025400000000000002
-0.009992554,0.025400000000000002
-0.009992552,0.025400000000000002
-0.00999255,0.025400000000000002
-0.009992548,0.025400000000000002
-0.009992546,0.025400000000000002
-0.009992544,0.025400000000000002
-0.009992542,0.025400000000000002
-0.00999254,0.025400000000000002
-0.009992538,0.025400000000000002
-0.009992536,0.025400000000000002
-0.009992534,0.025400000000000002
-0.009992532,0.025400000000000002
-0.00999253,0.025400000000000002
-0.009992528,0.025400000000000002
-0.009992526,0.025400000000000002
-0.009992524000000001,0.025400000000000002
-0.009992522,0.025400000000000002
-0.00999252,0.025400000000000002
-0.009992518,0.025400000000000002
-0.009992516,0.025400000000000002
-0.009992514000000001,0.025400000000000002
-0.009992512,0.025400000000000002
-0.00999251,0.025400000000000002
-0.009992508,0.025400000000000002
-0.009992506,0.025400000000000002
-0.009992504000000001,0.025400000000000002
-0.009992502,0.025400000000000002
-0.0099925,0.025400000000000002
-0.009992498,0.025400000000000002
-0.009992496,0.025400000000000002
-0.009992494000000001,0.025400000000000002
-0.009992492,0.025400000000000002
-0.00999249,0.025400000000000002
-0.009992488,0.025400000000000002
-0.009992486,0.025400000000000002
-0.009992484,0.025400000000000002
-0.009992482,0.025400000000000002
-0.00999248,0.025400000000000002
-0.009992478,0.025400000000000002
-0.009992476,0.025400000000000002
-0.009992474,0.025400000000000002
-0.009992472,0.025400000000000002
-0.00999247,0.025400000000000002
-0.009992468000000001,0.025400000000000002
-0.009992466,0.025400000000000002
-0.009992464,0.025400000000000002
-0.009992462,0.025400000000000002
-0.00999246,0.025400000000000002
-0.009992458000000001,0.025400000000000002
-0.009992456,0.025400000000000002
-0.009992454,0.025400000000000002
-0.009992452,0.025400000000000002
-0.00999245,0.025400000000000002
-0.009992448000000001,0.025400000000000002
-0.009992446,0.025400000000000002
-0.009992444,0.025400000000000002
-0.009992442,0.025400000000000002
-0.00999244,0.025400000000000002
-0.009992438000000001,0.025400000000000002
-0.009992436,0.025400000000000002
-0.009992434,0.025400000000000002
-0.009992432,0.025400000000000002
-0.00999243,0.025400000000000002
-0.009992428,0.025400000000000002
-0.009992426,0.025400000000000002
-0.009992424,0.025400000000000002
-0.009992422,0.025400000000000002
-0.00999242,0.025400000000000002
-0.009992418,0.025400000000000002
-0.009992416,0.025400000000000002
-0.009992414,0.025400000000000002
-0.009992412,0.025400000000000002
-0.00999241,0.025400000000000002
-0.009992408,0.025400000000000002
-0.009992406,0.025400000000000002
-0.009992404,0.025400000000000002
-0.009992402000000001,0.025400000000000002
-0.0099924,0.025400000000000002
-0.009992398,0.025400000000000002
-0.009992396,0.025400000000000002
-0.009992394,0.025400000000000002
-0.009992392000000001,0.025400000000000002
-0.00999239,0.025400000000000002
-0.009992388,0.025400000000000002
-0.009992386,0.025400000000000002
-0.009992384,0.025400000000000002
-0.009992382000000001,0.025400000000000002
-0.00999238,0.025400000000000002
-0.009992378,0.025400000000000002
-0.009992376,0.025400000000000002
-0.009992374,0.025400000000000002
-0.009992372,0.025400000000000002
-0.00999237,0.025400000000000002
-0.009992368,0.025400000000000002
-0.009992366,0.025400000000000002
-0.009992364,0.025400000000000002
-0.009992362,0.025400000000000002
-0.00999236,0.025400000000000002
-0.009992358,0.025400000000000002
-0.009992356,0.025400000000000002
-0.009992354,0.025400000000000002
-0.009992352,0.025400000000000002
-0.00999235,0.025400000000000002
-0.009992348,0.025400000000000002
-0.009992346000000001,0.025400000000000002
-0.009992344,0.025400000000000002
-0.009992342,0.025400000000000002
-0.00999234,0.025400000000000002
-0.009992338,0.025400000000000002
-0.009992336000000001,0.025400000000000002
-0.009992334,0.025400000000000002
-0.009992332,0.025400000000000002
-0.00999233,0.025400000000000002
-0.009992328,0.025400000000000002
-0.009992326000000001,0.025400000000000002
-0.009992324,0.025400000000000002
-0.009992322,0.025400000000000002
-0.00999232,0.025400000000000002
-0.009992318,0.025400000000000002
-0.009992316,0.025400000000000002
-0.009992314,0.025400000000000002
-0.009992312,0.025400000000000002
-0.00999231,0.025400000000000002
-0.009992308,0.025400000000000002
-0.009992306,0.025400000000000002
-0.009992304,0.025400000000000002
-0.009992302,0.025400000000000002
-0.0099923,0.025400000000000002
-0.009992298,0.025400000000000002
-0.009992296,0.025400000000000002
-0.009992294,0.025400000000000002
-0.009992292,0.025400000000000002
-0.009992290000000001,0.025400000000000002
-0.009992288,0.025400000000000002
-0.009992286,0.025400000000000002
-0.009992284,0.025400000000000002
-0.009992282,0.025400000000000002
-0.009992280000000001,0.025400000000000002
-0.009992278,0.025400000000000002
-0.009992276,0.025400000000000002
-0.009992274,0.025400000000000002
-0.009992272,0.025400000000000002
-0.009992270000000001,0.025400000000000002
-0.009992268,0.025400000000000002
-0.009992266,0.025400000000000002
-0.009992264,0.025400000000000002
-0.009992262,0.025400000000000002
-0.009992260000000001,0.025400000000000002
-0.009992258,0.025400000000000002
-0.009992256,0.025400000000000002
-0.009992254,0.025400000000000002
-0.009992252,0.025400000000000002
-0.00999225,0.025400000000000002
-0.009992248,0.025400000000000002
-0.009992246,0.025400000000000002
-0.009992244,0.025400000000000002
-0.009992242,0.025400000000000002
-0.00999224,0.025400000000000002
-0.009992238,0.025400000000000002
-0.009992236,0.025400000000000002
-0.009992234000000001,0.025400000000000002
-0.009992232,0.025400000000000002
-0.00999223,0.025400000000000002
-0.009992228,0.025400000000000002
-0.009992226,0.025400000000000002
-0.009992224000000001,0.025400000000000002
-0.009992222,0.025400000000000002
-0.00999222,0.025400000000000002
-0.009992218,0.025400000000000002
-0.009992216,0.025400000000000002
-0.009992214000000001,0.025400000000000002
-0.009992212,0.025400000000000002
-0.00999221,0.025400000000000002
-0.009992208,0.025400000000000002
-0.009992206,0.025400000000000002
-0.009992204000000001,0.025400000000000002
-0.009992202,0.025400000000000002
-0.0099922,0.025400000000000002
-0.009992198,0.025400000000000002
-0.009992196,0.025400000000000002
-0.009992194,0.025400000000000002
-0.009992192,0.025400000000000002
-0.00999219,0.025400000000000002
-0.009992188,0.025400000000000002
-0.009992186,0.025400000000000002
-0.009992184,0.025400000000000002
-0.009992182,0.025400000000000002
-0.00999218,0.025400000000000002
-0.009992178,0.025400000000000002
-0.009992176,0.025400000000000002
-0.009992174,0.025400000000000002
-0.009992172,0.025400000000000002
-0.00999217,0.025400000000000002
-0.009992168000000001,0.025400000000000002
-0.009992166,0.025400000000000002
-0.009992164,0.025400000000000002
-0.009992162,0.025400000000000002
-0.00999216,0.025400000000000002
-0.009992158000000001,0.025400000000000002
-0.009992156,0.025400000000000002
-0.009992154,0.025400000000000002
-0.009992152,0.025400000000000002
-0.00999215,0.025400000000000002
-0.009992148000000001,0.025400000000000002
-0.009992146,0.025400000000000002
-0.009992144,0.025400000000000002
-0.009992142,0.025400000000000002
-0.00999214,0.025400000000000002
-0.009992138,0.025400000000000002
-0.009992136,0.025400000000000002
-0.009992134,0.025400000000000002
-0.009992132,0.025400000000000002
-0.00999213,0.025400000000000002
-0.009992128,0.025400000000000002
-0.009992126,0.025400000000000002
-0.009992124,0.025400000000000002
-0.009992122,0.025400000000000002
-0.00999212,0.025400000000000002
-0.009992118,0.025400000000000002
-0.009992116,0.025400000000000002
-0.009992114,0.025400000000000002
-0.009992112000000001,0.025400000000000002
-0.00999211,0.025400000000000002
-0.009992108,0.025400000000000002
-0.009992106,0.025400000000000002
-0.009992104,0.025400000000000002
-0.009992102000000001,0.025400000000000002
-0.0099921,0.025400000000000002
-0.009992098,0.025400000000000002
-0.009992096,0.025400000000000002
-0.009992094,0.025400000000000002
-0.009992092000000001,0.025400000000000002
-0.00999209,0.025400000000000002
-0.009992088,0.025400000000000002
-0.009992086,0.025400000000000002
-0.009992084,0.025400000000000002
-0.009992082,0.025400000000000002
-0.00999208,0.025400000000000002
-0.009992078,0.025400000000000002
-0.009992076,0.025400000000000002
-0.009992074,0.025400000000000002
-0.009992072,0.025400000000000002
-0.00999207,0.025400000000000002
-0.009992068,0.025400000000000002
-0.009992066,0.025400000000000002
-0.009992064,0.025400000000000002
-0.009992062,0.025400000000000002
-0.00999206,0.025400000000000002
-0.009992058,0.025400000000000002
-0.009992056000000001,0.025400000000000002
-0.009992054,0.025400000000000002
-0.009992052,0.025400000000000002
-0.00999205,0.025400000000000002
-0.009992048,0.025400000000000002
-0.009992046000000001,0.025400000000000002
-0.009992044,0.025400000000000002
-0.009992042,0.025400000000000002
-0.00999204,0.025400000000000002
-0.009992038,0.025400000000000002
-0.009992036000000001,0.025400000000000002
-0.009992034,0.025400000000000002
-0.009992032,0.025400000000000002
-0.00999203,0.025400000000000002
-0.009992028,0.025400000000000002
-0.009992026000000001,0.025400000000000002
-0.009992024,0.025400000000000002
-0.009992022,0.025400000000000002
-0.00999202,0.025400000000000002
-0.009992018,0.025400000000000002
-0.009992016,0.025400000000000002
-0.009992014,0.025400000000000002
-0.009992012,0.025400000000000002
-0.00999201,0.025400000000000002
-0.009992008,0.025400000000000002
-0.009992006,0.025400000000000002
-0.009992004,0.025400000000000002
-0.009992002,0.025400000000000002
-0.009992000000000001,0.025400000000000002
-0.009991998,0.025400000000000002
-0.009991996,0.025400000000000002
-0.009991994,0.025400000000000002
-0.009991992,0.025400000000000002
-0.009991990000000001,0.025400000000000002
-0.009991988,0.025400000000000002
-0.009991986,0.025400000000000002
-0.009991984,0.025400000000000002
-0.009991982,0.025400000000000002
-0.009991980000000001,0.025400000000000002
-0.009991978,0.025400000000000002
-0.009991976,0.025400000000000002
-0.009991974,0.025400000000000002
-0.009991972,0.025400000000000002
-0.009991970000000001,0.025400000000000002
-0.009991968,0.025400000000000002
-0.009991966,0.025400000000000002
-0.009991964,0.025400000000000002
-0.009991962,0.025400000000000002
-0.00999196,0.025400000000000002
-0.009991958,0.025400000000000002
-0.009991956,0.025400000000000002
-0.009991954,0.025400000000000002
-0.009991952,0.025400000000000002
-0.00999195,0.025400000000000002
-0.009991948,0.025400000000000002
-0.009991946,0.025400000000000002
-0.009991944,0.025400000000000002
-0.009991942,0.025400000000000002
-0.00999194,0.025400000000000002
-0.009991938,0.025400000000000002
-0.009991936,0.025400000000000002
-0.009991934000000001,0.025400000000000002
-0.009991932,0.025400000000000002
-0.00999193,0.025400000000000002
-0.009991928,0.025400000000000002
-0.009991926,0.025400000000000002
-0.009991924000000001,0.025400000000000002
-0.009991922,0.025400000000000002
-0.00999192,0.025400000000000002
-0.009991918,0.025400000000000002
-0.009991916,0.025400000000000002
-0.009991914000000001,0.025400000000000002
-0.009991912,0.025400000000000002
-0.00999191,0.025400000000000002
-0.009991908,0.025400000000000002
-0.009991906,0.025400000000000002
-0.009991904,0.025400000000000002
-0.009991902,0.025400000000000002
-0.0099919,0.025400000000000002
-0.009991898,0.025400000000000002
-0.009991896,0.025400000000000002
-0.009991894,0.025400000000000002
-0.009991892,0.025400000000000002
-0.00999189,0.025400000000000002
-0.009991888,0.025400000000000002
-0.009991886,0.025400000000000002
-0.009991884,0.025400000000000002
-0.009991882,0.025400000000000002
-0.00999188,0.025400000000000002
-0.009991878000000001,0.025400000000000002
-0.009991876,0.025400000000000002
-0.009991874,0.025400000000000002
-0.009991872,0.025400000000000002
-0.00999187,0.025400000000000002
-0.009991868000000001,0.025400000000000002
-0.009991866,0.025400000000000002
-0.009991864,0.025400000000000002
-0.009991862,0.025400000000000002
-0.00999186,0.025400000000000002
-0.009991858000000001,0.025400000000000002
-0.009991856,0.025400000000000002
-0.009991854,0.025400000000000002
-0.009991852,0.025400000000000002
-0.00999185,0.025400000000000002
-0.009991848,0.025400000000000002
-0.009991846,0.025400000000000002
-0.009991844,0.025400000000000002
-0.009991842,0.025400000000000002
-0.00999184,0.025400000000000002
-0.009991838,0.025400000000000002
-0.009991836,0.025400000000000002
-0.009991834,0.025400000000000002
-0.009991832,0.025400000000000002
-0.00999183,0.025400000000000002
-0.009991828,0.025400000000000002
-0.009991826,0.025400000000000002
-0.009991824,0.025400000000000002
-0.009991822000000001,0.025400000000000002
-0.00999182,0.025400000000000002
-0.009991818,0.025400000000000002
-0.009991816,0.025400000000000002
-0.009991814,0.025400000000000002
-0.009991812000000001,0.025400000000000002
-0.00999181,0.025400000000000002
-0.009991808,0.025400000000000002
-0.009991806,0.025400000000000002
-0.009991804,0.025400000000000002
-0.009991802000000001,0.025400000000000002
-0.0099918,0.025400000000000002
-0.009991798,0.025400000000000002
-0.009991796,0.025400000000000002
-0.009991794,0.025400000000000002
-0.009991792,0.025400000000000002
-0.00999179,0.025400000000000002
-0.009991788,0.025400000000000002
-0.009991786,0.025400000000000002
-0.009991784,0.025400000000000002
-0.009991782,0.025400000000000002
-0.00999178,0.025400000000000002
-0.009991778,0.025400000000000002
-0.009991776,0.025400000000000002
-0.009991774,0.025400000000000002
-0.009991772,0.025400000000000002
-0.00999177,0.025400000000000002
-0.009991768,0.025400000000000002
-0.009991766000000001,0.025400000000000002
-0.009991764,0.025400000000000002
-0.009991762,0.025400000000000002
-0.00999176,0.025400000000000002
-0.009991758,0.025400000000000002
-0.009991756000000001,0.025400000000000002
-0.009991754,0.025400000000000002
-0.009991752,0.025400000000000002
-0.00999175,0.025400000000000002
-0.009991748,0.025400000000000002
-0.009991746000000001,0.025400000000000002
-0.009991744,0.025400000000000002
-0.009991742,0.025400000000000002
-0.00999174,0.025400000000000002
-0.009991738,0.025400000000000002
-0.009991736000000001,0.025400000000000002
-0.009991734,0.025400000000000002
-0.009991732,0.025400000000000002
-0.00999173,0.025400000000000002
-0.009991728,0.025400000000000002
-0.009991726,0.025400000000000002
-0.009991724,0.025400000000000002
-0.009991722,0.025400000000000002
-0.00999172,0.025400000000000002
-0.009991718,0.025400000000000002
-0.009991716,0.025400000000000002
-0.009991714,0.025400000000000002
-0.009991712,0.025400000000000002
-0.009991710000000001,0.025400000000000002
-0.009991708,0.025400000000000002
-0.009991706,0.025400000000000002
-0.009991704,0.025400000000000002
-0.009991702,0.025400000000000002
-0.009991700000000001,0.025400000000000002
-0.009991698,0.025400000000000002
-0.009991696,0.025400000000000002
-0.009991694,0.025400000000000002
-0.009991692,0.025400000000000002
-0.009991690000000001,0.025400000000000002
-0.009991688,0.025400000000000002
-0.009991686,0.025400000000000002
-0.009991684,0.025400000000000002
-0.009991682,0.025400000000000002
-0.009991680000000001,0.025400000000000002
-0.009991678,0.025400000000000002
-0.009991676,0.025400000000000002
-0.009991674,0.025400000000000002
-0.009991672,0.025400000000000002
-0.00999167,0.025400000000000002
-0.009991668,0.025400000000000002
-0.009991666,0.025400000000000002
-0.009991664,0.025400000000000002
-0.009991662,0.025400000000000002
-0.00999166,0.025400000000000002
-0.009991658,0.025400000000000002
-0.009991656,0.025400000000000002
-0.009991654,0.025400000000000002
-0.009991652,0.025400000000000002
-0.00999165,0.025400000000000002
-0.009991648,0.025400000000000002
-0.009991646,0.025400000000000002
-0.009991644000000001,0.025400000000000002
-0.009991642,0.025400000000000002
-0.00999164,0.025400000000000002
-0.009991638,0.025400000000000002
-0.009991636,0.025400000000000002
-0.009991634000000001,0.025400000000000002
-0.009991632,0.025400000000000002
-0.00999163,0.025400000000000002
-0.009991628,0.025400000000000002
-0.009991626,0.025400000000000002
-0.009991624000000001,0.025400000000000002
-0.009991622,0.025400000000000002
-0.00999162,0.025400000000000002
-0.009991618,0.025400000000000002
-0.009991616,0.025400000000000002
-0.009991614,0.025400000000000002
-0.009991612,0.025400000000000002
-0.00999161,0.025400000000000002
-0.009991608,0.025400000000000002
-0.009991606,0.025400000000000002
-0.009991604,0.025400000000000002
-0.009991602,0.025400000000000002
-0.0099916,0.025400000000000002
-0.009991598,0.025400000000000002
-0.009991596,0.025400000000000002
-0.009991594,0.025400000000000002
-0.009991592,0.025400000000000002
-0.00999159,0.025400000000000002
-0.009991588000000001,0.025400000000000002
-0.009991586,0.025400000000000002
-0.009991584,0.025400000000000002
-0.009991582,0.025400000000000002
-0.00999158,0.025400000000000002
-0.009991578000000001,0.025400000000000002
-0.009991576,0.025400000000000002
-0.009991574,0.025400000000000002
-0.009991572,0.025400000000000002
-0.00999157,0.025400000000000002
-0.009991568000000001,0.025400000000000002
-0.009991566,0.025400000000000002
-0.009991564,0.025400000000000002
-0.009991562,0.025400000000000002
-0.00999156,0.025400000000000002
-0.009991558,0.025400000000000002
-0.009991556,0.025400000000000002
-0.009991554,0.025400000000000002
-0.009991552,0.025400000000000002
-0.00999155,0.025400000000000002
-0.009991548,0.025400000000000002
-0.009991546,0.025400000000000002
-0.009991544,0.025400000000000002
-0.009991542,0.025400000000000002
-0.00999154,0.025400000000000002
-0.009991538,0.025400000000000002
-0.009991536,0.025400000000000002
-0.009991534,0.025400000000000002
-0.009991532000000001,0.025400000000000002
-0.00999153,0.025400000000000002
-0.009991528,0.025400000000000002
-0.009991526,0.025400000000000002
-0.009991524,0.025400000000000002
-0.009991522000000001,0.025400000000000002
-0.00999152,0.025400000000000002
-0.009991518,0.025400000000000002
-0.009991516,0.025400000000000002
-0.009991514,0.025400000000000002
-0.009991512000000001,0.025400000000000002
-0.00999151,0.025400000000000002
-0.009991508,0.025400000000000002
-0.009991506,0.025400000000000002
-0.009991504,0.025400000000000002
-0.009991502000000001,0.025400000000000002
-0.0099915,0.025400000000000002
-0.009991498,0.025400000000000002
-0.009991496,0.025400000000000002
-0.009991494,0.025400000000000002
-0.009991492,0.025400000000000002
-0.00999149,0.025400000000000002
-0.009991488,0.025400000000000002
-0.009991486,0.025400000000000002
-0.009991484,0.025400000000000002
-0.009991482,0.025400000000000002
-0.00999148,0.025400000000000002
-0.009991478,0.025400000000000002
-0.009991476000000001,0.025400000000000002
-0.009991474,0.025400000000000002
-0.009991472,0.025400000000000002
-0.00999147,0.025400000000000002
-0.009991468,0.025400000000000002
-0.009991466000000001,0.025400000000000002
-0.009991464,0.025400000000000002
-0.009991462,0.025400000000000002
-0.00999146,0.025400000000000002
-0.009991458,0.025400000000000002
-0.009991456000000001,0.025400000000000002
-0.009991454,0.025400000000000002
-0.009991452,0.025400000000000002
-0.00999145,0.025400000000000002
-0.009991448,0.025400000000000002
-0.009991446000000001,0.025400000000000002
-0.009991444,0.025400000000000002
-0.009991442,0.025400000000000002
-0.00999144,0.025400000000000002
-0.009991438,0.025400000000000002
-0.009991436,0.025400000000000002
-0.009991434,0.025400000000000002
-0.009991432,0.025400000000000002
-0.00999143,0.025400000000000002
-0.009991428,0.025400000000000002
-0.009991426,0.025400000000000002
-0.009991424,0.025400000000000002
-0.009991422,0.025400000000000002
-0.00999142,0.025400000000000002
-0.009991418,0.025400000000000002
-0.009991416,0.025400000000000002
-0.009991414,0.025400000000000002
-0.009991412,0.025400000000000002
-0.009991410000000001,0.025400000000000002
-0.009991408,0.025400000000000002
-0.009991406,0.025400000000000002
-0.009991404,0.025400000000000002
-0.009991402,0.025400000000000002
-0.009991400000000001,0.025400000000000002
-0.009991398,0.025400000000000002
-0.009991396,0.025400000000000002
-0.009991394,0.025400000000000002
-0.009991392,0.025400000000000002
-0.009991390000000001,0.025400000000000002
-0.009991388,0.025400000000000002
-0.009991386,0.025400000000000002
-0.009991384,0.025400000000000002
-0.009991382,0.025400000000000002
-0.00999138,0.025400000000000002
-0.009991378,0.025400000000000002
-0.009991376,0.025400000000000002
-0.009991374,0.025400000000000002
-0.009991372,0.025400000000000002
-0.00999137,0.025400000000000002
-0.009991368,0.025400000000000002
-0.009991366,0.025400000000000002
-0.009991364,0.025400000000000002
-0.009991362,0.025400000000000002
-0.00999136,0.025400000000000002
-0.009991358,0.025400000000000002
-0.009991356,0.025400000000000002
-0.009991354000000001,0.025400000000000002
-0.009991352,0.025400000000000002
-0.00999135,0.025400000000000002
-0.009991348,0.025400000000000002
-0.009991346,0.025400000000000002
-0.009991344000000001,0.025400000000000002
-0.009991342,0.025400000000000002
-0.00999134,0.025400000000000002
-0.009991338,0.025400000000000002
-0.009991336,0.025400000000000002
-0.009991334000000001,0.025400000000000002
-0.009991332,0.025400000000000002
-0.00999133,0.025400000000000002
-0.009991328,0.025400000000000002
-0.009991326,0.025400000000000002
-0.009991324,0.025400000000000002
-0.009991322,0.025400000000000002
-0.00999132,0.025400000000000002
-0.009991318,0.025400000000000002
-0.009991316,0.025400000000000002
-0.009991314,0.025400000000000002
-0.009991312,0.025400000000000002
-0.00999131,0.025400000000000002
-0.009991308,0.025400000000000002
-0.009991306,0.025400000000000002
-0.009991304,0.025400000000000002
-0.009991302,0.025400000000000002
-0.0099913,0.025400000000000002
-0.009991298000000001,0.025400000000000002
-0.009991296,0.025400000000000002
-0.009991294,0.025400000000000002
-0.009991292,0.025400000000000002
-0.00999129,0.025400000000000002
-0.009991288000000001,0.025400000000000002
-0.009991286,0.025400000000000002
-0.009991284,0.025400000000000002
-0.009991282,0.025400000000000002
-0.00999128,0.025400000000000002
-0.009991278000000001,0.025400000000000002
-0.009991276,0.025400000000000002
-0.009991274,0.025400000000000002
-0.009991272,0.025400000000000002
-0.00999127,0.025400000000000002
-0.009991268000000001,0.025400000000000002
-0.009991266,0.025400000000000002
-0.009991264,0.025400000000000002
-0.009991262,0.025400000000000002
-0.00999126,0.025400000000000002
-0.009991258,0.025400000000000002
-0.009991256,0.025400000000000002
-0.009991254,0.025400000000000002
-0.009991252,0.025400000000000002
-0.00999125,0.025400000000000002
-0.009991248,0.025400000000000002
-0.009991246,0.025400000000000002
-0.009991244,0.025400000000000002
-0.009991242000000001,0.025400000000000002
-0.00999124,0.025400000000000002
-0.009991238,0.025400000000000002
-0.009991236,0.025400000000000002
-0.009991234,0.025400000000000002
-0.009991232000000001,0.025400000000000002
-0.00999123,0.025400000000000002
-0.009991228,0.025400000000000002
-0.009991226,0.025400000000000002
-0.009991224,0.025400000000000002
-0.009991222000000001,0.025400000000000002
-0.00999122,0.025400000000000002
-0.009991218,0.025400000000000002
-0.009991216,0.025400000000000002
-0.009991214,0.025400000000000002
-0.009991212000000001,0.025400000000000002
-0.00999121,0.025400000000000002
-0.009991208,0.025400000000000002
-0.009991206,0.025400000000000002
-0.009991204,0.025400000000000002
-0.009991202,0.025400000000000002
-0.0099912,0.025400000000000002
-0.009991198,0.025400000000000002
-0.009991196,0.025400000000000002
-0.009991194,0.025400000000000002
-0.009991192,0.025400000000000002
-0.00999119,0.025400000000000002
-0.009991188,0.025400000000000002
-0.009991186,0.025400000000000002
-0.009991184,0.025400000000000002
-0.009991182,0.025400000000000002
-0.00999118,0.025400000000000002
-0.009991178,0.025400000000000002
-0.009991176000000001,0.025400000000000002
-0.009991174,0.025400000000000002
-0.009991172,0.025400000000000002
-0.00999117,0.025400000000000002
-0.009991168,0.025400000000000002
-0.009991166000000001,0.025400000000000002
-0.009991164,0.025400000000000002
-0.009991162,0.025400000000000002
-0.00999116,0.025400000000000002
-0.009991158,0.025400000000000002
-0.009991156000000001,0.025400000000000002
-0.009991154,0.025400000000000002
-0.009991152,0.025400000000000002
-0.00999115,0.025400000000000002
-0.009991148,0.025400000000000002
-0.009991146,0.025400000000000002
-0.009991144,0.025400000000000002
-0.009991142,0.025400000000000002
-0.00999114,0.025400000000000002
-0.009991138,0.025400000000000002
-0.009991136,0.025400000000000002
-0.009991134,0.025400000000000002
-0.009991132,0.025400000000000002
-0.00999113,0.025400000000000002
-0.009991128,0.025400000000000002
-0.009991126,0.025400000000000002
-0.009991124,0.025400000000000002
-0.009991122,0.025400000000000002
-0.009991120000000001,0.025400000000000002
-0.009991118,0.025400000000000002
-0.009991116,0.025400000000000002
-0.009991114,0.025400000000000002
-0.009991112,0.025400000000000002
-0.009991110000000001,0.025400000000000002
-0.009991108,0.025400000000000002
-0.009991106,0.025400000000000002
-0.009991104,0.025400000000000002
-0.009991102,0.025400000000000002
-0.009991100000000001,0.025400000000000002
-0.009991098,0.025400000000000002
-0.009991096,0.025400000000000002
-0.009991094,0.025400000000000002
-0.009991092,0.025400000000000002
-0.00999109,0.025400000000000002
-0.009991088,0.025400000000000002
-0.009991086,0.025400000000000002
-0.009991084,0.025400000000000002
-0.009991082,0.025400000000000002
-0.00999108,0.025400000000000002
-0.009991078,0.025400000000000002
-0.009991076,0.025400000000000002
-0.009991074,0.025400000000000002
-0.009991072,0.025400000000000002
-0.00999107,0.025400000000000002
-0.009991068,0.025400000000000002
-0.009991066,0.025400000000000002
-0.009991064000000001,0.025400000000000002
-0.009991062,0.025400000000000002
-0.00999106,0.025400000000000002
-0.009991058,0.025400000000000002
-0.009991056,0.025400000000000002
-0.009991054000000001,0.025400000000000002
-0.009991052,0.025400000000000002
-0.00999105,0.025400000000000002
-0.009991048,0.025400000000000002
-0.009991046,0.025400000000000002
-0.009991044000000001,0.025400000000000002
-0.009991042,0.025400000000000002
-0.00999104,0.025400000000000002
-0.009991038,0.025400000000000002
-0.009991036,0.025400000000000002
-0.009991034000000001,0.025400000000000002
-0.009991032,0.025400000000000002
-0.00999103,0.025400000000000002
-0.009991028,0.025400000000000002
-0.009991026,0.025400000000000002
-0.009991024,0.025400000000000002
-0.009991022,0.025400000000000002
-0.00999102,0.025400000000000002
-0.009991018,0.025400000000000002
-0.009991016,0.025400000000000002
-0.009991014,0.025400000000000002
-0.009991012,0.025400000000000002
-0.00999101,0.025400000000000002
-0.009991008000000001,0.025400000000000002
-0.009991006,0.025400000000000002
-0.009991004,0.025400000000000002
-0.009991002,0.025400000000000002
-0.009991,0.025400000000000002
-0.009990998000000001,0.025400000000000002
-0.009990996,0.025400000000000002
-0.009990994,0.025400000000000002
-0.009990992,0.025400000000000002
-0.00999099,0.025400000000000002
-0.009990988000000001,0.025400000000000002
-0.009990986,0.025400000000000002
-0.009990984,0.025400000000000002
-0.009990982,0.025400000000000002
-0.00999098,0.025400000000000002
-0.009990978000000001,0.025400000000000002
-0.009990976,0.025400000000000002
-0.009990974,0.025400000000000002
-0.009990972,0.025400000000000002
-0.00999097,0.025400000000000002
-0.009990968,0.025400000000000002
-0.009990966,0.025400000000000002
-0.009990964,0.025400000000000002
-0.009990962,0.025400000000000002
-0.00999096,0.025400000000000002
-0.009990958,0.025400000000000002
-0.009990956,0.025400000000000002
-0.009990954,0.025400000000000002
-0.009990952,0.025400000000000002
-0.00999095,0.025400000000000002
-0.009990948,0.025400000000000002
-0.009990946,0.025400000000000002
-0.009990944,0.025400000000000002
-0.009990942000000001,0.025400000000000002
-0.00999094,0.025400000000000002
-0.009990938,0.025400000000000002
-0.009990936,0.025400000000000002
-0.009990934,0.025400000000000002
-0.009990932000000001,0.025400000000000002
-0.00999093,0.025400000000000002
-0.009990928,0.025400000000000002
-0.009990926,0.025400000000000002
-0.009990924,0.025400000000000002
-0.009990922000000001,0.025400000000000002
-0.00999092,0.025400000000000002
-0.009990918,0.025400000000000002
-0.009990916,0.025400000000000002
-0.009990914,0.025400000000000002
-0.009990912,0.025400000000000002
-0.00999091,0.025400000000000002
-0.009990908,0.025400000000000002
-0.009990906,0.025400000000000002
-0.009990904,0.025400000000000002
-0.009990902,0.025400000000000002
-0.0099909,0.025400000000000002
-0.009990898,0.025400000000000002
-0.009990896,0.025400000000000002
-0.009990894,0.025400000000000002
-0.009990892,0.025400000000000002
-0.00999089,0.025400000000000002
-0.009990888,0.025400000000000002
-0.009990886000000001,0.025400000000000002
-0.009990884,0.025400000000000002
-0.009990882,0.025400000000000002
-0.00999088,0.025400000000000002
-0.009990878,0.025400000000000002
-0.009990876000000001,0.025400000000000002
-0.009990874,0.025400000000000002
-0.009990872,0.025400000000000002
-0.00999087,0.025400000000000002
-0.009990868,0.025400000000000002
-0.009990866000000001,0.025400000000000002
-0.009990864,0.025400000000000002
-0.009990862,0.025400000000000002
-0.00999086,0.025400000000000002
-0.009990858,0.025400000000000002
-0.009990856,0.025400000000000002
-0.009990854,0.025400000000000002
-0.009990852,0.025400000000000002
-0.00999085,0.025400000000000002
-0.009990848,0.025400000000000002
-0.009990846,0.025400000000000002
-0.009990844,0.025400000000000002
-0.009990842,0.025400000000000002
-0.00999084,0.025400000000000002
-0.009990838,0.025400000000000002
-0.009990836,0.025400000000000002
-0.009990834,0.025400000000000002
-0.009990832,0.025400000000000002
-0.009990830000000001,0.025400000000000002
-0.009990828,0.025400000000000002
-0.009990826,0.025400000000000002
-0.009990824,0.025400000000000002
-0.009990822,0.025400000000000002
-0.009990820000000001,0.025400000000000002
-0.009990818,0.025400000000000002
-0.009990816,0.025400000000000002
-0.009990814,0.025400000000000002
-0.009990812,0.025400000000000002
-0.009990810000000001,0.025400000000000002
-0.009990808,0.025400000000000002
-0.009990806,0.025400000000000002
-0.009990804,0.025400000000000002
-0.009990802,0.025400000000000002
-0.009990800000000001,0.025400000000000002
-0.009990798,0.025400000000000002
-0.009990796,0.025400000000000002
-0.009990794,0.025400000000000002
-0.009990792,0.025400000000000002
-0.00999079,0.025400000000000002
-0.009990788,0.025400000000000002
-0.009990786,0.025400000000000002
-0.009990784,0.025400000000000002
-0.009990782,0.025400000000000002
-0.00999078,0.025400000000000002
-0.009990778,0.025400000000000002
-0.009990776,0.025400000000000002
-0.009990774000000001,0.025400000000000002
-0.009990772,0.025400000000000002
-0.00999077,0.025400000000000002
-0.009990768,0.025400000000000002
-0.009990766,0.025400000000000002
-0.009990764000000001,0.025400000000000002
-0.009990762,0.025400000000000002
-0.00999076,0.025400000000000002
-0.009990758,0.025400000000000002
-0.009990756,0.025400000000000002
-0.009990754000000001,0.025400000000000002
-0.009990752,0.025400000000000002
-0.00999075,0.025400000000000002
-0.009990748,0.025400000000000002
-0.009990746,0.025400000000000002
-0.009990744000000001,0.025400000000000002
-0.009990742,0.025400000000000002
-0.00999074,0.025400000000000002
-0.009990738,0.025400000000000002
-0.009990736,0.025400000000000002
-0.009990734,0.025400000000000002
-0.009990732,0.025400000000000002
-0.00999073,0.025400000000000002
-0.009990728,0.025400000000000002
-0.009990726,0.025400000000000002
-0.009990724,0.025400000000000002
-0.009990722,0.025400000000000002
-0.00999072,0.025400000000000002
-0.009990718,0.025400000000000002
-0.009990716,0.025400000000000002
-0.009990714,0.025400000000000002
-0.009990712,0.025400000000000002
-0.00999071,0.025400000000000002
-0.009990708000000001,0.025400000000000002
-0.009990706,0.025400000000000002
-0.009990704,0.025400000000000002
-0.009990702,0.025400000000000002
-0.0099907,0.025400000000000002
-0.009990698000000001,0.025400000000000002
-0.009990696,0.025400000000000002
-0.009990694,0.025400000000000002
-0.009990692,0.025400000000000002
-0.00999069,0.025400000000000002
-0.009990688000000001,0.025400000000000002
-0.009990686,0.025400000000000002
-0.009990684,0.025400000000000002
-0.009990682,0.025400000000000002
-0.00999068,0.025400000000000002
-0.009990678,0.025400000000000002
-0.009990676,0.025400000000000002
-0.009990674,0.025400000000000002
-0.009990672,0.025400000000000002
-0.00999067,0.025400000000000002
-0.009990668,0.025400000000000002
-0.009990666,0.025400000000000002
-0.009990664,0.025400000000000002
-0.009990662,0.025400000000000002
-0.00999066,0.025400000000000002
-0.009990658,0.025400000000000002
-0.009990656,0.025400000000000002
-0.009990654,0.025400000000000002
-0.009990652000000001,0.025400000000000002
-0.00999065,0.025400000000000002
-0.009990648,0.025400000000000002
-0.009990646,0.025400000000000002
-0.009990644,0.025400000000000002
-0.009990642000000001,0.025400000000000002
-0.00999064,0.025400000000000002
-0.009990638,0.025400000000000002
-0.009990636,0.025400000000000002
-0.009990634,0.025400000000000002
-0.009990632000000001,0.025400000000000002
-0.00999063,0.025400000000000002
-0.009990628,0.025400000000000002
-0.009990626,0.025400000000000002
-0.009990624,0.025400000000000002
-0.009990622,0.025400000000000002
-0.00999062,0.025400000000000002
-0.009990618,0.025400000000000002
-0.009990616,0.025400000000000002
-0.009990614,0.025400000000000002
-0.009990612,0.025400000000000002
-0.00999061,0.025400000000000002
-0.009990608,0.025400000000000002
-0.009990606,0.025400000000000002
-0.009990604,0.025400000000000002
-0.009990602,0.025400000000000002
-0.0099906,0.025400000000000002
-0.009990598,0.025400000000000002
-0.009990596000000001,0.025400000000000002
-0.009990594,0.025400000000000002
-0.009990592,0.025400000000000002
-0.00999059,0.025400000000000002
-0.009990588,0.025400000000000002
-0.009990586000000001,0.025400000000000002
-0.009990584,0.025400000000000002
-0.009990582,0.025400000000000002
-0.00999058,0.025400000000000002
-0.009990578,0.025400000000000002
-0.009990576000000001,0.025400000000000002
-0.009990574,0.025400000000000002
-0.009990572,0.025400000000000002
-0.00999057,0.025400000000000002
-0.009990568,0.025400000000000002
-0.009990566000000001,0.025400000000000002
-0.009990564,0.025400000000000002
-0.009990562,0.025400000000000002
-0.00999056,0.025400000000000002
-0.009990558,0.025400000000000002
-0.009990556,0.025400000000000002
-0.009990554,0.025400000000000002
-0.009990552,0.025400000000000002
-0.00999055,0.025400000000000002
-0.009990548,0.025400000000000002
-0.009990546,0.025400000000000002
-0.009990544,0.025400000000000002
-0.009990542,0.025400000000000002
-0.009990540000000001,0.025400000000000002
-0.009990538,0.025400000000000002
-0.009990536,0.025400000000000002
-0.009990534,0.025400000000000002
-0.009990532,0.025400000000000002
-0.009990530000000001,0.025400000000000002
-0.009990528,0.025400000000000002
-0.009990526,0.025400000000000002
-0.009990524,0.025400000000000002
-0.009990522,0.025400000000000002
-0.009990520000000001,0.025400000000000002
-0.009990518,0.025400000000000002
-0.009990516,0.025400000000000002
-0.009990514,0.025400000000000002
-0.009990512,0.025400000000000002
-0.009990510000000001,0.025400000000000002
-0.009990508,0.025400000000000002
-0.009990506,0.025400000000000002
-0.009990504,0.025400000000000002
-0.009990502,0.025400000000000002
-0.0099905,0.025400000000000002
-0.009990498,0.025400000000000002
-0.009990496,0.025400000000000002
-0.009990494,0.025400000000000002
-0.009990492,0.025400000000000002
-0.00999049,0.025400000000000002
-0.009990488,0.025400000000000002
-0.009990486,0.025400000000000002
-0.009990484,0.025400000000000002
-0.009990482,0.025400000000000002
-0.00999048,0.025400000000000002
-0.009990478,0.025400000000000002
-0.009990476,0.025400000000000002
-0.009990474000000001,0.025400000000000002
-0.009990472,0.025400000000000002
-0.00999047,0.025400000000000002
-0.009990468,0.025400000000000002
-0.009990466,0.025400000000000002
-0.009990464000000001,0.025400000000000002
-0.009990462,0.025400000000000002
-0.00999046,0.025400000000000002
-0.009990458,0.025400000000000002
-0.009990456,0.025400000000000002
-0.009990454000000001,0.025400000000000002
-0.009990452,0.025400000000000002
-0.00999045,0.025400000000000002
-0.009990448,0.025400000000000002
-0.009990446,0.025400000000000002
-0.009990444,0.025400000000000002
-0.009990442,0.025400000000000002
-0.00999044,0.025400000000000002
-0.009990438,0.025400000000000002
-0.009990436,0.025400000000000002
-0.009990434,0.025400000000000002
-0.009990432,0.025400000000000002
-0.00999043,0.025400000000000002
-0.009990428,0.025400000000000002
-0.009990426,0.025400000000000002
-0.009990424,0.025400000000000002
-0.009990422,0.025400000000000002
-0.00999042,0.025400000000000002
-0.009990418000000001,0.025400000000000002
-0.009990416,0.025400000000000002
-0.009990414,0.025400000000000002
-0.009990412,0.025400000000000002
-0.00999041,0.025400000000000002
-0.009990408000000001,0.025400000000000002
-0.009990406,0.025400000000000002
-0.009990404,0.025400000000000002
-0.009990402,0.025400000000000002
-0.0099904,0.025400000000000002
-0.009990398000000001,0.025400000000000002
-0.009990396,0.025400000000000002
-0.009990394,0.025400000000000002
-0.009990392,0.025400000000000002
-0.00999039,0.025400000000000002
-0.009990388,0.025400000000000002
-0.009990386,0.025400000000000002
-0.009990384,0.025400000000000002
-0.009990382,0.025400000000000002
-0.00999038,0.025400000000000002
-0.009990378,0.025400000000000002
-0.009990376,0.025400000000000002
-0.009990374,0.025400000000000002
-0.009990372,0.025400000000000002
-0.00999037,0.025400000000000002
-0.009990368,0.025400000000000002
-0.009990366,0.025400000000000002
-0.009990364,0.025400000000000002
-0.009990362000000001,0.025400000000000002
-0.00999036,0.025400000000000002
-0.009990358,0.025400000000000002
-0.009990356,0.025400000000000002
-0.009990354,0.025400000000000002
-0.009990352000000001,0.025400000000000002
-0.00999035,0.025400000000000002
-0.009990348,0.025400000000000002
-0.009990346,0.025400000000000002
-0.009990344,0.025400000000000002
-0.009990342000000001,0.025400000000000002
-0.00999034,0.025400000000000002
-0.009990338,0.025400000000000002
-0.009990336,0.025400000000000002
-0.009990334,0.025400000000000002
-0.009990332000000001,0.025400000000000002
-0.00999033,0.025400000000000002
-0.009990328,0.025400000000000002
-0.009990326,0.025400000000000002
-0.009990324,0.025400000000000002
-0.009990322,0.025400000000000002
-0.00999032,0.025400000000000002
-0.009990318,0.025400000000000002
-0.009990316,0.025400000000000002
-0.009990314,0.025400000000000002
-0.009990312,0.025400000000000002
-0.00999031,0.025400000000000002
-0.009990308,0.025400000000000002
-0.009990306000000001,0.025400000000000002
-0.009990304,0.025400000000000002
-0.009990302,0.025400000000000002
-0.0099903,0.025400000000000002
-0.009990298,0.025400000000000002
-0.009990296000000001,0.025400000000000002
-0.009990294,0.025400000000000002
-0.009990292,0.025400000000000002
-0.00999029,0.025400000000000002
-0.009990288,0.025400000000000002
-0.009990286000000001,0.025400000000000002
-0.009990284,0.025400000000000002
-0.009990282,0.025400000000000002
-0.00999028,0.025400000000000002
-0.009990278,0.025400000000000002
-0.009990276000000001,0.025400000000000002
-0.009990274,0.025400000000000002
-0.009990272,0.025400000000000002
-0.00999027,0.025400000000000002
-0.009990268,0.025400000000000002
-0.009990266,0.025400000000000002
-0.009990264,0.025400000000000002
-0.009990262,0.025400000000000002
-0.00999026,0.025400000000000002
-0.009990258,0.025400000000000002
-0.009990256,0.025400000000000002
-0.009990254,0.025400000000000002
-0.009990252,0.025400000000000002
-0.00999025,0.025400000000000002
-0.009990248,0.025400000000000002
-0.009990246,0.025400000000000002
-0.009990244,0.025400000000000002
-0.009990242,0.025400000000000002
-0.009990240000000001,0.025400000000000002
-0.009990238,0.025400000000000002
-0.009990236,0.025400000000000002
-0.009990234,0.025400000000000002
-0.009990232,0.025400000000000002
-0.009990230000000001,0.025400000000000002
-0.009990228,0.025400000000000002
-0.009990226,0.025400000000000002
-0.009990224,0.025400000000000002
-0.009990222,0.025400000000000002
-0.009990220000000001,0.025400000000000002
-0.009990218,0.025400000000000002
-0.009990216,0.025400000000000002
-0.009990214,0.025400000000000002
-0.009990212,0.025400000000000002
-0.00999021,0.025400000000000002
-0.009990208,0.025400000000000002
-0.009990206,0.025400000000000002
-0.009990204,0.025400000000000002
-0.009990202,0.025400000000000002
-0.0099902,0.025400000000000002
-0.009990198,0.025400000000000002
-0.009990196,0.025400000000000002
-0.009990194,0.025400000000000002
-0.009990192,0.025400000000000002
-0.00999019,0.025400000000000002
-0.009990188,0.025400000000000002
-0.009990186,0.025400000000000002
-0.009990184000000001,0.025400000000000002
-0.009990182,0.025400000000000002
-0.00999018,0.025400000000000002
-0.009990178,0.025400000000000002
-0.009990176,0.025400000000000002
-0.009990174000000001,0.025400000000000002
-0.009990172,0.025400000000000002
-0.00999017,0.025400000000000002
-0.009990168,0.025400000000000002
-0.009990166,0.025400000000000002
-0.009990164000000001,0.025400000000000002
-0.009990162,0.025400000000000002
-0.00999016,0.025400000000000002
-0.009990158,0.025400000000000002
-0.009990156,0.025400000000000002
-0.009990154,0.025400000000000002
-0.009990152,0.025400000000000002
-0.00999015,0.025400000000000002
-0.009990148,0.025400000000000002
-0.009990146,0.025400000000000002
-0.009990144,0.025400000000000002
-0.009990142,0.025400000000000002
-0.00999014,0.025400000000000002
-0.009990138,0.025400000000000002
-0.009990136,0.025400000000000002
-0.009990134,0.025400000000000002
-0.009990132,0.025400000000000002
-0.00999013,0.025400000000000002
-0.009990128000000001,0.025400000000000002
-0.009990126,0.025400000000000002
-0.009990124,0.025400000000000002
-0.009990122,0.025400000000000002
-0.00999012,0.025400000000000002
-0.009990118000000001,0.025400000000000002
-0.009990116,0.025400000000000002
-0.009990114,0.025400000000000002
-0.009990112,0.025400000000000002
-0.00999011,0.025400000000000002
-0.009990108000000001,0.025400000000000002
-0.009990106,0.025400000000000002
-0.009990104,0.025400000000000002
-0.009990102,0.025400000000000002
-0.0099901,0.025400000000000002
-0.009990098,0.025400000000000002
-0.009990096,0.025400000000000002
-0.009990094,0.025400000000000002
-0.009990092,0.025400000000000002
-0.00999009,0.025400000000000002
-0.009990088,0.025400000000000002
-0.009990086,0.025400000000000002
-0.009990084,0.025400000000000002
-0.009990082,0.025400000000000002
-0.00999008,0.025400000000000002
-0.009990078,0.025400000000000002
-0.009990076,0.025400000000000002
-0.009990074,0.025400000000000002
-0.009990072000000001,0.025400000000000002
-0.00999007,0.025400000000000002
-0.009990068,0.025400000000000002
-0.009990066,0.025400000000000002
-0.009990064,0.025400000000000002
-0.009990062000000001,0.025400000000000002
-0.00999006,0.025400000000000002
-0.009990058,0.025400000000000002
-0.009990056,0.025400000000000002
-0.009990054,0.025400000000000002
-0.009990052000000001,0.025400000000000002
-0.00999005,0.025400000000000002
-0.009990048,0.025400000000000002
-0.009990046,0.025400000000000002
-0.009990044,0.025400000000000002
-0.009990042000000001,0.025400000000000002
-0.00999004,0.025400000000000002
-0.009990038,0.025400000000000002
-0.009990036,0.025400000000000002
-0.009990034,0.025400000000000002
-0.009990032,0.025400000000000002
-0.00999003,0.025400000000000002
-0.009990028,0.025400000000000002
-0.009990026,0.025400000000000002
-0.009990024,0.025400000000000002
-0.009990022,0.025400000000000002
-0.00999002,0.025400000000000002
-0.009990018,0.025400000000000002
-0.009990016000000001,0.025400000000000002
-0.009990014,0.025400000000000002
-0.009990012,0.025400000000000002
-0.00999001,0.025400000000000002
-0.009990008,0.025400000000000002
-0.009990006000000001,0.025400000000000002
-0.009990004,0.025400000000000002
-0.009990002,0.025400000000000002
-0.00999,0.025400000000000002
-0.009989998,0.025400000000000002
-0.009989996000000001,0.025400000000000002
-0.009989994,0.025400000000000002
-0.009989992,0.025400000000000002
-0.00998999,0.025400000000000002
-0.009989988,0.025400000000000002
-0.009989986000000001,0.025400000000000002
-0.009989984,0.025400000000000002
-0.009989982,0.025400000000000002
-0.00998998,0.025400000000000002
-0.009989978,0.025400000000000002
-0.009989976,0.025400000000000002
-0.009989974,0.025400000000000002
-0.009989972,0.025400000000000002
-0.00998997,0.025400000000000002
-0.009989968,0.025400000000000002
-0.009989966,0.025400000000000002
-0.009989964,0.025400000000000002
-0.009989962,0.025400000000000002
-0.00998996,0.025400000000000002
-0.009989958,0.025400000000000002
-0.009989956,0.025400000000000002
-0.009989954,0.025400000000000002
-0.009989952,0.025400000000000002
-0.009989950000000001,0.025400000000000002
-0.009989948,0.025400000000000002
-0.009989946,0.025400000000000002
-0.009989944,0.025400000000000002
-0.009989942,0.025400000000000002
-0.009989940000000001,0.025400000000000002
-0.009989938,0.025400000000000002
-0.009989936,0.025400000000000002
-0.009989934,0.025400000000000002
-0.009989932,0.025400000000000002
-0.009989930000000001,0.025400000000000002
-0.009989928,0.025400000000000002
-0.009989926,0.025400000000000002
-0.009989924,0.025400000000000002
-0.009989922,0.025400000000000002
-0.00998992,0.025400000000000002
-0.009989918,0.025400000000000002
-0.009989916,0.025400000000000002
-0.009989914,0.025400000000000002
-0.009989912,0.025400000000000002
-0.00998991,0.025400000000000002
-0.009989908,0.025400000000000002
-0.009989906,0.025400000000000002
-0.009989904,0.025400000000000002
-0.009989902,0.025400000000000002
-0.0099899,0.025400000000000002
-0.009989898,0.025400000000000002
-0.009989896,0.025400000000000002
-0.009989894000000001,0.025400000000000002
-0.009989892,0.025400000000000002
-0.00998989,0.025400000000000002
-0.009989888,0.025400000000000002
-0.009989886,0.025400000000000002
-0.009989884000000001,0.025400000000000002
-0.009989882,0.025400000000000002
-0.00998988,0.025400000000000002
-0.009989878,0.025400000000000002
-0.009989876,0.025400000000000002
-0.009989874000000001,0.025400000000000002
-0.009989872,0.025400000000000002
-0.00998987,0.025400000000000002
-0.009989868,0.025400000000000002
-0.009989866,0.025400000000000002
-0.009989864,0.025400000000000002
-0.009989862,0.025400000000000002
-0.00998986,0.025400000000000002
-0.009989858,0.025400000000000002
-0.009989856,0.025400000000000002
-0.009989854,0.025400000000000002
-0.009989852,0.025400000000000002
-0.00998985,0.025400000000000002
-0.009989848,0.025400000000000002
-0.009989846,0.025400000000000002
-0.009989844,0.025400000000000002
-0.009989842,0.025400000000000002
-0.00998984,0.025400000000000002
-0.009989838000000001,0.025400000000000002
-0.009989836,0.025400000000000002
-0.009989834,0.025400000000000002
-0.009989832,0.025400000000000002
-0.00998983,0.025400000000000002
-0.009989828000000001,0.025400000000000002
-0.009989826,0.025400000000000002
-0.009989824,0.025400000000000002
-0.009989822,0.025400000000000002
-0.00998982,0.025400000000000002
-0.009989818000000001,0.025400000000000002
-0.009989816,0.025400000000000002
-0.009989814,0.025400000000000002
-0.009989812,0.025400000000000002
-0.00998981,0.025400000000000002
-0.009989808000000001,0.025400000000000002
-0.009989806,0.025400000000000002
-0.009989804,0.025400000000000002
-0.009989802,0.025400000000000002
-0.0099898,0.025400000000000002
-0.009989798,0.025400000000000002
-0.009989796,0.025400000000000002
-0.009989794,0.025400000000000002
-0.009989792,0.025400000000000002
-0.00998979,0.025400000000000002
-0.009989788,0.025400000000000002
-0.009989786,0.025400000000000002
-0.009989784,0.025400000000000002
-0.009989782000000001,0.025400000000000002
-0.00998978,0.025400000000000002
-0.009989778,0.025400000000000002
-0.009989776,0.025400000000000002
-0.009989774,0.025400000000000002
-0.009989772000000001,0.025400000000000002
-0.00998977,0.025400000000000002
-0.009989768,0.025400000000000002
-0.009989766,0.025400000000000002
-0.009989764,0.025400000000000002
-0.009989762000000001,0.025400000000000002
-0.00998976,0.025400000000000002
-0.009989758,0.025400000000000002
-0.009989756,0.025400000000000002
-0.009989754,0.025400000000000002
-0.009989752000000001,0.025400000000000002
-0.00998975,0.025400000000000002
-0.009989748,0.025400000000000002
-0.009989746,0.025400000000000002
-0.009989744,0.025400000000000002
-0.009989742,0.025400000000000002
-0.00998974,0.025400000000000002
-0.009989738,0.025400000000000002
-0.009989736,0.025400000000000002
-0.009989734,0.025400000000000002
-0.009989732,0.025400000000000002
-0.00998973,0.025400000000000002
-0.009989728,0.025400000000000002
-0.009989726,0.025400000000000002
-0.009989724,0.025400000000000002
-0.009989722,0.025400000000000002
-0.00998972,0.025400000000000002
-0.009989718,0.025400000000000002
-0.009989716000000001,0.025400000000000002
-0.009989714,0.025400000000000002
-0.009989712,0.025400000000000002
-0.00998971,0.025400000000000002
-0.009989708,0.025400000000000002
-0.009989706000000001,0.025400000000000002
-0.009989704,0.025400000000000002
-0.009989702,0.025400000000000002
-0.0099897,0.025400000000000002
-0.009989698,0.025400000000000002
-0.009989696000000001,0.025400000000000002
-0.009989694,0.025400000000000002
-0.009989692,0.025400000000000002
-0.00998969,0.025400000000000002
-0.009989688,0.025400000000000002
-0.009989686,0.025400000000000002
-0.009989684,0.025400000000000002
-0.009989682,0.025400000000000002
-0.00998968,0.025400000000000002
-0.009989678,0.025400000000000002
-0.009989676,0.025400000000000002
-0.009989674,0.025400000000000002
-0.009989672,0.025400000000000002
-0.00998967,0.025400000000000002
-0.009989668,0.025400000000000002
-0.009989666,0.025400000000000002
-0.009989664,0.025400000000000002
-0.009989662,0.025400000000000002
-0.009989660000000001,0.025400000000000002
-0.009989658,0.025400000000000002
-0.009989656,0.025400000000000002
-0.009989654,0.025400000000000002
-0.009989652,0.025400000000000002
-0.009989650000000001,0.025400000000000002
-0.009989648,0.025400000000000002
-0.009989646,0.025400000000000002
-0.009989644,0.025400000000000002
-0.009989642,0.025400000000000002
-0.009989640000000001,0.025400000000000002
-0.009989638,0.025400000000000002
-0.009989636,0.025400000000000002
-0.009989634,0.025400000000000002
-0.009989632,0.025400000000000002
-0.00998963,0.025400000000000002
-0.009989628,0.025400000000000002
-0.009989626,0.025400000000000002
-0.009989624,0.025400000000000002
-0.009989622,0.025400000000000002
-0.00998962,0.025400000000000002
-0.009989618,0.025400000000000002
-0.009989616,0.025400000000000002
-0.009989614,0.025400000000000002
-0.009989612,0.025400000000000002
-0.00998961,0.025400000000000002
-0.009989608,0.025400000000000002
-0.009989606,0.025400000000000002
-0.009989604000000001,0.025400000000000002
-0.009989602,0.025400000000000002
-0.0099896,0.025400000000000002
-0.009989598,0.025400000000000002
-0.009989596,0.025400000000000002
-0.009989594000000001,0.025400000000000002
-0.009989592,0.025400000000000002
-0.00998959,0.025400000000000002
-0.009989588,0.025400000000000002
-0.009989586,0.025400000000000002
-0.009989584000000001,0.025400000000000002
-0.009989582,0.025400000000000002
-0.00998958,0.025400000000000002
-0.009989578,0.025400000000000002
-0.009989576,0.025400000000000002
-0.009989574000000001,0.025400000000000002
-0.009989572,0.025400000000000002
-0.00998957,0.025400000000000002
-0.009989568,0.025400000000000002
-0.009989566,0.025400000000000002
-0.009989564,0.025400000000000002
-0.009989562,0.025400000000000002
-0.00998956,0.025400000000000002
-0.009989558,0.025400000000000002
-0.009989556,0.025400000000000002
-0.009989554,0.025400000000000002
-0.009989552,0.025400000000000002
-0.00998955,0.025400000000000002
-0.009989548000000001,0.025400000000000002
-0.009989546,0.025400000000000002
-0.009989544,0.025400000000000002
-0.009989542,0.025400000000000002
-0.00998954,0.025400000000000002
-0.009989538000000001,0.025400000000000002
-0.009989536,0.025400000000000002
-0.009989534,0.025400000000000002
-0.009989532,0.025400000000000002
-0.00998953,0.025400000000000002
-0.009989528000000001,0.025400000000000002
-0.009989526,0.025400000000000002
-0.009989524,0.025400000000000002
-0.009989522,0.025400000000000002
-0.00998952,0.025400000000000002
-0.009989518000000001,0.025400000000000002
-0.009989516,0.025400000000000002
-0.009989514,0.025400000000000002
-0.009989512,0.025400000000000002
-0.00998951,0.025400000000000002
-0.009989508,0.025400000000000002
-0.009989506,0.025400000000000002
-0.009989504,0.025400000000000002
-0.009989502,0.025400000000000002
-0.0099895,0.025400000000000002
-0.009989498,0.025400000000000002
-0.009989496,0.025400000000000002
-0.009989494,0.025400000000000002
-0.009989492,0.025400000000000002
-0.00998949,0.025400000000000002
-0.009989488,0.025400000000000002
-0.009989486,0.025400000000000002
-0.009989484,0.025400000000000002
-0.009989482000000001,0.025400000000000002
-0.00998948,0.025400000000000002
-0.009989478,0.025400000000000002
-0.009989476,0.025400000000000002
-0.009989474,0.025400000000000002
-0.009989472000000001,0.025400000000000002
-0.00998947,0.025400000000000002
-0.009989468,0.025400000000000002
-0.009989466,0.025400000000000002
-0.009989464,0.025400000000000002
-0.009989462000000001,0.025400000000000002
-0.00998946,0.025400000000000002
-0.009989458,0.025400000000000002
-0.009989456,0.025400000000000002
-0.009989454,0.025400000000000002
-0.009989452,0.025400000000000002
-0.00998945,0.025400000000000002
-0.009989448,0.025400000000000002
-0.009989446,0.025400000000000002
-0.009989444,0.025400000000000002
-0.009989442,0.025400000000000002
-0.00998944,0.025400000000000002
-0.009989438,0.025400000000000002
-0.009989436,0.025400000000000002
-0.009989434,0.025400000000000002
-0.009989432,0.025400000000000002
-0.00998943,0.025400000000000002
-0.009989428,0.025400000000000002
-0.009989426000000001,0.025400000000000002
-0.009989424,0.025400000000000002
-0.009989422,0.025400000000000002
-0.00998942,0.025400000000000002
-0.009989418,0.025400000000000002
-0.009989416000000001,0.025400000000000002
-0.009989414,0.025400000000000002
-0.009989412,0.025400000000000002
-0.00998941,0.025400000000000002
-0.009989408,0.025400000000000002
-0.009989406000000001,0.025400000000000002
-0.009989404,0.025400000000000002
-0.009989402,0.025400000000000002
-0.0099894,0.025400000000000002
-0.009989398,0.025400000000000002
-0.009989396,0.025400000000000002
-0.009989394,0.025400000000000002
-0.009989392,0.025400000000000002
-0.00998939,0.025400000000000002
-0.009989388,0.025400000000000002
-0.009989386,0.025400000000000002
-0.009989384,0.025400000000000002
-0.009989382,0.025400000000000002
-0.00998938,0.025400000000000002
-0.009989378,0.025400000000000002
-0.009989376,0.025400000000000002
-0.009989374,0.025400000000000002
-0.009989372,0.025400000000000002
-0.009989370000000001,0.025400000000000002
-0.009989368,0.025400000000000002
-0.009989366,0.025400000000000002
-0.009989364,0.025400000000000002
-0.009989362,0.025400000000000002
-0.009989360000000001,0.025400000000000002
-0.009989358,0.025400000000000002
-0.009989356,0.025400000000000002
-0.009989354,0.025400000000000002
-0.009989352,0.025400000000000002
-0.009989350000000001,0.025400000000000002
-0.009989348,0.025400000000000002
-0.009989346,0.025400000000000002
-0.009989344,0.025400000000000002
-0.009989342,0.025400000000000002
-0.009989340000000001,0.025400000000000002
-0.009989338,0.025400000000000002
-0.009989336,0.025400000000000002
-0.009989334,0.025400000000000002
-0.009989332,0.025400000000000002
-0.00998933,0.025400000000000002
-0.009989328,0.025400000000000002
-0.009989326,0.025400000000000002
-0.009989324,0.025400000000000002
-0.009989322,0.025400000000000002
-0.00998932,0.025400000000000002
-0.009989318,0.025400000000000002
-0.009989316,0.025400000000000002
-0.009989314000000001,0.025400000000000002
-0.009989312,0.025400000000000002
-0.00998931,0.025400000000000002
-0.009989308,0.025400000000000002
-0.009989306,0.025400000000000002
-0.009989304000000001,0.025400000000000002
-0.009989302,0.025400000000000002
-0.0099893,0.025400000000000002
-0.009989298,0.025400000000000002
-0.009989296,0.025400000000000002
-0.009989294000000001,0.025400000000000002
-0.009989292,0.025400000000000002
-0.00998929,0.025400000000000002
-0.009989288,0.025400000000000002
-0.009989286,0.025400000000000002
-0.009989284000000001,0.025400000000000002
-0.009989282,0.025400000000000002
-0.00998928,0.025400000000000002
-0.009989278,0.025400000000000002
-0.009989276,0.025400000000000002
-0.009989274,0.025400000000000002
-0.009989272,0.025400000000000002
-0.00998927,0.025400000000000002
-0.009989268,0.025400000000000002
-0.009989266,0.025400000000000002
-0.009989264,0.025400000000000002
-0.009989262,0.025400000000000002
-0.00998926,0.025400000000000002
-0.009989258,0.025400000000000002
-0.009989256,0.025400000000000002
-0.009989254,0.025400000000000002
-0.009989252,0.025400000000000002
-0.00998925,0.025400000000000002
-0.009989248000000001,0.025400000000000002
-0.009989246,0.025400000000000002
-0.009989244,0.025400000000000002
-0.009989242,0.025400000000000002
-0.00998924,0.025400000000000002
-0.009989238000000001,0.025400000000000002
-0.009989236,0.025400000000000002
-0.009989234,0.025400000000000002
-0.009989232,0.025400000000000002
-0.00998923,0.025400000000000002
-0.009989228000000001,0.025400000000000002
-0.009989226,0.025400000000000002
-0.009989224,0.025400000000000002
-0.009989222,0.025400000000000002
-0.00998922,0.025400000000000002
-0.009989218,0.025400000000000002
-0.009989216,0.025400000000000002
-0.009989214,0.025400000000000002
-0.009989212,0.025400000000000002
-0.00998921,0.025400000000000002
-0.009989208,0.025400000000000002
-0.009989206,0.025400000000000002
-0.009989204,0.025400000000000002
-0.009989202,0.025400000000000002
-0.0099892,0.025400000000000002
-0.009989198,0.025400000000000002
-0.009989196,0.025400000000000002
-0.009989194,0.025400000000000002
-0.009989192000000001,0.025400000000000002
-0.00998919,0.025400000000000002
-0.009989188,0.025400000000000002
-0.009989186,0.025400000000000002
-0.009989184,0.025400000000000002
-0.009989182000000001,0.025400000000000002
-0.00998918,0.025400000000000002
-0.009989178,0.025400000000000002
-0.009989176,0.025400000000000002
-0.009989174,0.025400000000000002
-0.009989172000000001,0.025400000000000002
-0.00998917,0.025400000000000002
-0.009989168,0.025400000000000002
-0.009989166,0.025400000000000002
-0.009989164,0.025400000000000002
-0.009989162,0.025400000000000002
-0.00998916,0.025400000000000002
-0.009989158,0.025400000000000002
-0.009989156,0.025400000000000002
-0.009989154,0.025400000000000002
-0.009989152,0.025400000000000002
-0.00998915,0.025400000000000002
-0.009989148,0.025400000000000002
-0.009989146,0.025400000000000002
-0.009989144,0.025400000000000002
-0.009989142,0.025400000000000002
-0.00998914,0.025400000000000002
-0.009989138,0.025400000000000002
-0.009989136000000001,0.025400000000000002
-0.009989134,0.025400000000000002
-0.009989132,0.025400000000000002
-0.00998913,0.025400000000000002
-0.009989128,0.025400000000000002
-0.009989126000000001,0.025400000000000002
-0.009989124,0.025400000000000002
-0.009989122,0.025400000000000002
-0.00998912,0.025400000000000002
-0.009989118,0.025400000000000002
-0.009989116000000001,0.025400000000000002
-0.009989114,0.025400000000000002
-0.009989112,0.025400000000000002
-0.00998911,0.025400000000000002
-0.009989108,0.025400000000000002
-0.009989106000000001,0.025400000000000002
-0.009989104,0.025400000000000002
-0.009989102,0.025400000000000002
-0.0099891,0.025400000000000002
-0.009989098,0.025400000000000002
-0.009989096,0.025400000000000002
-0.009989094,0.025400000000000002
-0.009989092,0.025400000000000002
-0.00998909,0.025400000000000002
-0.009989088,0.025400000000000002
-0.009989086,0.025400000000000002
-0.009989084,0.025400000000000002
-0.009989082,0.025400000000000002
-0.009989080000000001,0.025400000000000002
-0.009989078,0.025400000000000002
-0.009989076,0.025400000000000002
-0.009989074,0.025400000000000002
-0.009989072,0.025400000000000002
-0.009989070000000001,0.025400000000000002
-0.009989068,0.025400000000000002
-0.009989066,0.025400000000000002
-0.009989064,0.025400000000000002
-0.009989062,0.025400000000000002
-0.009989060000000001,0.025400000000000002
-0.009989058,0.025400000000000002
-0.009989056,0.025400000000000002
-0.009989054,0.025400000000000002
-0.009989052,0.025400000000000002
-0.009989050000000001,0.025400000000000002
-0.009989048,0.025400000000000002
-0.009989046,0.025400000000000002
-0.009989044,0.025400000000000002
-0.009989042,0.025400000000000002
-0.00998904,0.025400000000000002
-0.009989038,0.025400000000000002
-0.009989036,0.025400000000000002
-0.009989034,0.025400000000000002
-0.009989032,0.025400000000000002
-0.00998903,0.025400000000000002
-0.009989028,0.025400000000000002
-0.009989026,0.025400000000000002
-0.009989024,0.025400000000000002
-0.009989022,0.025400000000000002
-0.00998902,0.025400000000000002
-0.009989018,0.025400000000000002
-0.009989016,0.025400000000000002
-0.009989014000000001,0.025400000000000002
-0.009989012,0.025400000000000002
-0.00998901,0.025400000000000002
-0.009989008,0.025400000000000002
-0.009989006,0.025400000000000002
-0.009989004000000001,0.025400000000000002
-0.009989002,0.025400000000000002
-0.009989,0.025400000000000002
-0.009988998,0.025400000000000002
-0.009988996,0.025400000000000002
-0.009988994000000001,0.025400000000000002
-0.009988992,0.025400000000000002
-0.00998899,0.025400000000000002
-0.009988988,0.025400000000000002
-0.009988986,0.025400000000000002
-0.009988984,0.025400000000000002
-0.009988982,0.025400000000000002
-0.00998898,0.025400000000000002
-0.009988978,0.025400000000000002
-0.009988976,0.025400000000000002
-0.009988974,0.025400000000000002
-0.009988972,0.025400000000000002
-0.00998897,0.025400000000000002
-0.009988968,0.025400000000000002
-0.009988966,0.025400000000000002
-0.009988964,0.025400000000000002
-0.009988962,0.025400000000000002
-0.00998896,0.025400000000000002
-0.009988958000000001,0.025400000000000002
-0.009988956,0.025400000000000002
-0.009988954,0.025400000000000002
-0.009988952,0.025400000000000002
-0.00998895,0.025400000000000002
-0.009988948000000001,0.025400000000000002
-0.009988946,0.025400000000000002
-0.009988944,0.025400000000000002
-0.009988942,0.025400000000000002
-0.00998894,0.025400000000000002
-0.009988938000000001,0.025400000000000002
-0.009988936,0.025400000000000002
-0.009988934,0.025400000000000002
-0.009988932,0.025400000000000002
-0.00998893,0.025400000000000002
-0.009988928,0.025400000000000002
-0.009988926,0.025400000000000002
-0.009988924,0.025400000000000002
-0.009988922,0.025400000000000002
-0.00998892,0.025400000000000002
-0.009988918,0.025400000000000002
-0.009988916,0.025400000000000002
-0.009988914,0.025400000000000002
-0.009988912,0.025400000000000002
-0.00998891,0.025400000000000002
-0.009988908,0.025400000000000002
-0.009988906,0.025400000000000002
-0.009988904,0.025400000000000002
-0.009988902000000001,0.025400000000000002
-0.0099889,0.025400000000000002
-0.009988898,0.025400000000000002
-0.009988896,0.025400000000000002
-0.009988894,0.025400000000000002
-0.009988892000000001,0.025400000000000002
-0.00998889,0.025400000000000002
-0.009988888,0.025400000000000002
-0.009988886,0.025400000000000002
-0.009988884,0.025400000000000002
-0.009988882000000001,0.025400000000000002
-0.00998888,0.025400000000000002
-0.009988878,0.025400000000000002
-0.009988876,0.025400000000000002
-0.009988874,0.025400000000000002
-0.009988872000000001,0.025400000000000002
-0.00998887,0.025400000000000002
-0.009988868,0.025400000000000002
-0.009988866,0.025400000000000002
-0.009988864,0.025400000000000002
-0.009988862,0.025400000000000002
-0.00998886,0.025400000000000002
-0.009988858,0.025400000000000002
-0.009988856,0.025400000000000002
-0.009988854,0.025400000000000002
-0.009988852,0.025400000000000002
-0.00998885,0.025400000000000002
-0.009988848,0.025400000000000002
-0.009988846000000001,0.025400000000000002
-0.009988844,0.025400000000000002
-0.009988842,0.025400000000000002
-0.00998884,0.025400000000000002
-0.009988838,0.025400000000000002
-0.009988836000000001,0.025400000000000002
-0.009988834,0.025400000000000002
-0.009988832,0.025400000000000002
-0.00998883,0.025400000000000002
-0.009988828,0.025400000000000002
-0.009988826000000001,0.025400000000000002
-0.009988824,0.025400000000000002
-0.009988822,0.025400000000000002
-0.00998882,0.025400000000000002
-0.009988818,0.025400000000000002
-0.009988816000000001,0.025400000000000002
-0.009988814,0.025400000000000002
-0.009988812,0.025400000000000002
-0.00998881,0.025400000000000002
-0.009988808,0.025400000000000002
-0.009988806,0.025400000000000002
-0.009988804,0.025400000000000002
-0.009988802,0.025400000000000002
-0.0099888,0.025400000000000002
-0.009988798,0.025400000000000002
-0.009988796,0.025400000000000002
-0.009988794,0.025400000000000002
-0.009988792,0.025400000000000002
-0.00998879,0.025400000000000002
-0.009988788,0.025400000000000002
-0.009988786,0.025400000000000002
-0.009988784,0.025400000000000002
-0.009988782,0.025400000000000002
-0.009988780000000001,0.025400000000000002
-0.009988778,0.025400000000000002
-0.009988776,0.025400000000000002
-0.009988774,0.025400000000000002
-0.009988772,0.025400000000000002
-0.009988770000000001,0.025400000000000002
-0.009988768,0.025400000000000002
-0.009988766,0.025400000000000002
-0.009988764,0.025400000000000002
-0.009988762,0.025400000000000002
-0.009988760000000001,0.025400000000000002
-0.009988758,0.025400000000000002
-0.009988756,0.025400000000000002
-0.009988754,0.025400000000000002
-0.009988752,0.025400000000000002
-0.00998875,0.025400000000000002
-0.009988748,0.025400000000000002
-0.009988746,0.025400000000000002
-0.009988744,0.025400000000000002
-0.009988742,0.025400000000000002
-0.00998874,0.025400000000000002
-0.009988738,0.025400000000000002
-0.009988736,0.025400000000000002
-0.009988734,0.025400000000000002
-0.009988732,0.025400000000000002
-0.00998873,0.025400000000000002
-0.009988728,0.025400000000000002
-0.009988726,0.025400000000000002
-0.009988724000000001,0.025400000000000002
-0.009988722,0.025400000000000002
-0.00998872,0.025400000000000002
-0.009988718,0.025400000000000002
-0.009988716,0.025400000000000002
-0.009988714000000001,0.025400000000000002
-0.009988712,0.025400000000000002
-0.00998871,0.025400000000000002
-0.009988708,0.025400000000000002
-0.009988706,0.025400000000000002
-0.009988704000000001,0.025400000000000002
-0.009988702,0.025400000000000002
-0.0099887,0.025400000000000002
-0.009988698,0.025400000000000002
-0.009988696,0.025400000000000002
-0.009988694,0.025400000000000002
-0.009988692,0.025400000000000002
-0.00998869,0.025400000000000002
-0.009988688,0.025400000000000002
-0.009988686,0.025400000000000002
-0.009988684,0.025400000000000002
-0.009988682,0.025400000000000002
-0.00998868,0.025400000000000002
-0.009988678,0.025400000000000002
-0.009988676,0.025400000000000002
-0.009988674,0.025400000000000002
-0.009988672,0.025400000000000002
-0.00998867,0.025400000000000002
-0.009988668000000001,0.025400000000000002
-0.009988666,0.025400000000000002
-0.009988664,0.025400000000000002
-0.009988662,0.025400000000000002
-0.00998866,0.025400000000000002
-0.009988658000000001,0.025400000000000002
-0.009988656,0.025400000000000002
-0.009988654,0.025400000000000002
-0.009988652,0.025400000000000002
-0.00998865,0.025400000000000002
-0.009988648000000001,0.025400000000000002
-0.009988646,0.025400000000000002
-0.009988644,0.025400000000000002
-0.009988642,0.025400000000000002
-0.00998864,0.025400000000000002
-0.009988638000000001,0.025400000000000002
-0.009988636,0.025400000000000002
-0.009988634,0.025400000000000002
-0.009988632,0.025400000000000002
-0.00998863,0.025400000000000002
-0.009988628,0.025400000000000002
-0.009988626,0.025400000000000002
-0.009988624,0.025400000000000002
-0.009988622,0.025400000000000002
-0.00998862,0.025400000000000002
-0.009988618,0.025400000000000002
-0.009988616,0.025400000000000002
-0.009988614,0.025400000000000002
-0.009988612000000001,0.025400000000000002
-0.00998861,0.025400000000000002
-0.009988608,0.025400000000000002
-0.009988606,0.025400000000000002
-0.009988604,0.025400000000000002
-0.009988602000000001,0.025400000000000002
-0.0099886,0.025400000000000002
-0.009988598,0.025400000000000002
-0.009988596,0.025400000000000002
-0.009988594,0.025400000000000002
-0.009988592000000001,0.025400000000000002
-0.00998859,0.025400000000000002
-0.009988588,0.025400000000000002
-0.009988586,0.025400000000000002
-0.009988584,0.025400000000000002
-0.009988582000000001,0.025400000000000002
-0.00998858,0.025400000000000002
-0.009988578,0.025400000000000002
-0.009988576,0.025400000000000002
-0.009988574,0.025400000000000002
-0.009988572,0.025400000000000002
-0.00998857,0.025400000000000002
-0.009988568,0.025400000000000002
-0.009988566,0.025400000000000002
-0.009988564,0.025400000000000002
-0.009988562,0.025400000000000002
-0.00998856,0.025400000000000002
-0.009988558,0.025400000000000002
-0.009988556,0.025400000000000002
-0.009988554,0.025400000000000002
-0.009988552,0.025400000000000002
-0.00998855,0.025400000000000002
-0.009988548,0.025400000000000002
-0.009988546000000001,0.025400000000000002
-0.009988544,0.025400000000000002
-0.009988542,0.025400000000000002
-0.00998854,0.025400000000000002
-0.009988538,0.025400000000000002
-0.009988536000000001,0.025400000000000002
-0.009988534,0.025400000000000002
-0.009988532,0.025400000000000002
-0.00998853,0.025400000000000002
-0.009988528,0.025400000000000002
-0.009988526000000001,0.025400000000000002
-0.009988524,0.025400000000000002
-0.009988522,0.025400000000000002
-0.00998852,0.025400000000000002
-0.009988518,0.025400000000000002
-0.009988516,0.025400000000000002
-0.009988514,0.025400000000000002
-0.009988512,0.025400000000000002
-0.00998851,0.025400000000000002
-0.009988508,0.025400000000000002
-0.009988506,0.025400000000000002
-0.009988504,0.025400000000000002
-0.009988502,0.025400000000000002
-0.0099885,0.025400000000000002
-0.009988498,0.025400000000000002
-0.009988496,0.025400000000000002
-0.009988494,0.025400000000000002
-0.009988492,0.025400000000000002
-0.009988490000000001,0.025400000000000002
-0.009988488,0.025400000000000002
-0.009988486,0.025400000000000002
-0.009988484,0.025400000000000002
-0.009988482,0.025400000000000002
-0.009988480000000001,0.025400000000000002
-0.009988478,0.025400000000000002
-0.009988476,0.025400000000000002
-0.009988474,0.025400000000000002
-0.009988472,0.025400000000000002
-0.009988470000000001,0.025400000000000002
-0.009988468,0.025400000000000002
-0.009988466,0.025400000000000002
-0.009988464,0.025400000000000002
-0.009988462,0.025400000000000002
-0.00998846,0.025400000000000002
-0.009988458,0.025400000000000002
-0.009988456,0.025400000000000002
-0.009988454,0.025400000000000002
-0.009988452,0.025400000000000002
-0.00998845,0.025400000000000002
-0.009988448,0.025400000000000002
-0.009988446,0.025400000000000002
-0.009988444,0.025400000000000002
-0.009988442,0.025400000000000002
-0.00998844,0.025400000000000002
-0.009988438,0.025400000000000002
-0.009988436,0.025400000000000002
-0.009988434000000001,0.025400000000000002
-0.009988432,0.025400000000000002
-0.00998843,0.025400000000000002
-0.009988428,0.025400000000000002
-0.009988426,0.025400000000000002
-0.009988424000000001,0.025400000000000002
-0.009988422,0.025400000000000002
-0.00998842,0.025400000000000002
-0.009988418,0.025400000000000002
-0.009988416,0.025400000000000002
-0.009988414000000001,0.025400000000000002
-0.009988412,0.025400000000000002
-0.00998841,0.025400000000000002
-0.009988408,0.025400000000000002
-0.009988406,0.025400000000000002
-0.009988404000000001,0.025400000000000002
-0.009988402,0.025400000000000002
-0.0099884,0.025400000000000002
-0.009988398,0.025400000000000002
-0.009988396,0.025400000000000002
-0.009988394,0.025400000000000002
-0.009988392,0.025400000000000002
-0.00998839,0.025400000000000002
-0.009988388,0.025400000000000002
-0.009988386,0.025400000000000002
-0.009988384,0.025400000000000002
-0.009988382,0.025400000000000002
-0.00998838,0.025400000000000002
-0.009988378000000001,0.025400000000000002
-0.009988376,0.025400000000000002
-0.009988374,0.025400000000000002
-0.009988372,0.025400000000000002
-0.00998837,0.025400000000000002
-0.009988368000000001,0.025400000000000002
-0.009988366,0.025400000000000002
-0.009988364,0.025400000000000002
-0.009988362,0.025400000000000002
-0.00998836,0.025400000000000002
-0.009988358000000001,0.025400000000000002
-0.009988356,0.025400000000000002
-0.009988354,0.025400000000000002
-0.009988352,0.025400000000000002
-0.00998835,0.025400000000000002
-0.009988348000000001,0.025400000000000002
-0.009988346,0.025400000000000002
-0.009988344,0.025400000000000002
-0.009988342,0.025400000000000002
-0.00998834,0.025400000000000002
-0.009988338,0.025400000000000002
-0.009988336,0.025400000000000002
-0.009988334,0.025400000000000002
-0.009988332,0.025400000000000002
-0.00998833,0.025400000000000002
-0.009988328,0.025400000000000002
-0.009988326,0.025400000000000002
-0.009988324,0.025400000000000002
-0.009988322,0.025400000000000002
-0.00998832,0.025400000000000002
-0.009988318,0.025400000000000002
-0.009988316,0.025400000000000002
-0.009988314,0.025400000000000002
-0.009988312000000001,0.025400000000000002
-0.00998831,0.025400000000000002
-0.009988308,0.025400000000000002
-0.009988306,0.025400000000000002
-0.009988304,0.025400000000000002
-0.009988302000000001,0.025400000000000002
-0.0099883,0.025400000000000002
-0.009988298,0.025400000000000002
-0.009988296,0.025400000000000002
-0.009988294,0.025400000000000002
-0.009988292000000001,0.025400000000000002
-0.00998829,0.025400000000000002
-0.009988288,0.025400000000000002
-0.009988286,0.025400000000000002
-0.009988284,0.025400000000000002
-0.009988282,0.025400000000000002
-0.00998828,0.025400000000000002
-0.009988278,0.025400000000000002
-0.009988276,0.025400000000000002
-0.009988274,0.025400000000000002
-0.009988272,0.025400000000000002
-0.00998827,0.025400000000000002
-0.009988268,0.025400000000000002
-0.009988266,0.025400000000000002
-0.009988264,0.025400000000000002
-0.009988262,0.025400000000000002
-0.00998826,0.025400000000000002
-0.009988258,0.025400000000000002
-0.009988256000000001,0.025400000000000002
-0.009988254,0.025400000000000002
-0.009988252,0.025400000000000002
-0.00998825,0.025400000000000002
-0.009988248,0.025400000000000002
-0.009988246000000001,0.025400000000000002
-0.009988244,0.025400000000000002
-0.009988242,0.025400000000000002
-0.00998824,0.025400000000000002
-0.009988238,0.025400000000000002
-0.009988236000000001,0.025400000000000002
-0.009988234,0.025400000000000002
-0.009988232,0.025400000000000002
-0.00998823,0.025400000000000002
-0.009988228,0.025400000000000002
-0.009988226,0.025400000000000002
-0.009988224,0.025400000000000002
-0.009988222,0.025400000000000002
-0.00998822,0.025400000000000002
-0.009988218,0.025400000000000002
-0.009988216,0.025400000000000002
-0.009988214,0.025400000000000002
-0.009988212,0.025400000000000002
-0.00998821,0.025400000000000002
-0.009988208,0.025400000000000002
-0.009988206,0.025400000000000002
-0.009988204,0.025400000000000002
-0.009988202,0.025400000000000002
-0.009988200000000001,0.025400000000000002
-0.009988198,0.025400000000000002
-0.009988196,0.025400000000000002
-0.009988194,0.025400000000000002
-0.009988192,0.025400000000000002
-0.009988190000000001,0.025400000000000002
-0.009988188,0.025400000000000002
-0.009988186,0.025400000000000002
-0.009988184,0.025400000000000002
-0.009988182,0.025400000000000002
-0.009988180000000001,0.025400000000000002
-0.009988178,0.025400000000000002
-0.009988176,0.025400000000000002
-0.009988174,0.025400000000000002
-0.009988172,0.025400000000000002
-0.009988170000000001,0.025400000000000002
-0.009988168,0.025400000000000002
-0.009988166,0.025400000000000002
-0.009988164,0.025400000000000002
-0.009988162,0.025400000000000002
-0.00998816,0.025400000000000002
-0.009988158,0.025400000000000002
-0.009988156,0.025400000000000002
-0.009988154,0.025400000000000002
-0.009988152,0.025400000000000002
-0.00998815,0.025400000000000002
-0.009988148,0.025400000000000002
-0.009988146,0.025400000000000002
-0.009988144000000001,0.025400000000000002
-0.009988142,0.025400000000000002
-0.00998814,0.025400000000000002
-0.009988138,0.025400000000000002
-0.009988136,0.025400000000000002
-0.009988134000000001,0.025400000000000002
-0.009988132,0.025400000000000002
-0.00998813,0.025400000000000002
-0.009988128,0.025400000000000002
-0.009988126,0.025400000000000002
-0.009988124000000001,0.025400000000000002
-0.009988122,0.025400000000000002
-0.00998812,0.025400000000000002
-0.009988118,0.025400000000000002
-0.009988116,0.025400000000000002
-0.009988114000000001,0.025400000000000002
-0.009988112,0.025400000000000002
-0.00998811,0.025400000000000002
-0.009988108,0.025400000000000002
-0.009988106,0.025400000000000002
-0.009988104,0.025400000000000002
-0.009988102,0.025400000000000002
-0.0099881,0.025400000000000002
-0.009988098,0.025400000000000002
-0.009988096,0.025400000000000002
-0.009988094,0.025400000000000002
-0.009988092,0.025400000000000002
-0.00998809,0.025400000000000002
-0.009988088000000001,0.025400000000000002
-0.009988086,0.025400000000000002
-0.009988084,0.025400000000000002
-0.009988082,0.025400000000000002
-0.00998808,0.025400000000000002
-0.009988078000000001,0.025400000000000002
-0.009988076,0.025400000000000002
-0.009988074,0.025400000000000002
-0.009988072,0.025400000000000002
-0.00998807,0.025400000000000002
-0.009988068000000001,0.025400000000000002
-0.009988066,0.025400000000000002
-0.009988064,0.025400000000000002
-0.009988062,0.025400000000000002
-0.00998806,0.025400000000000002
-0.009988058000000001,0.025400000000000002
-0.009988056,0.025400000000000002
-0.009988054,0.025400000000000002
-0.009988052,0.025400000000000002
-0.00998805,0.025400000000000002
-0.009988048,0.025400000000000002
-0.009988046,0.025400000000000002
-0.009988044,0.025400000000000002
-0.009988042,0.025400000000000002
-0.00998804,0.025400000000000002
-0.009988038,0.025400000000000002
-0.009988036,0.025400000000000002
-0.009988034,0.025400000000000002
-0.009988032,0.025400000000000002
-0.00998803,0.025400000000000002
-0.009988028,0.025400000000000002
-0.009988026,0.025400000000000002
-0.009988024,0.025400000000000002
-0.009988022000000001,0.025400000000000002
-0.00998802,0.025400000000000002
-0.009988018,0.025400000000000002
-0.009988016,0.025400000000000002
-0.009988014,0.025400000000000002
-0.009988012000000001,0.025400000000000002
-0.00998801,0.025400000000000002
-0.009988008,0.025400000000000002
-0.009988006,0.025400000000000002
-0.009988004,0.025400000000000002
-0.009988002000000001,0.025400000000000002
-0.009988,0.025400000000000002
-0.009987998,0.025400000000000002
-0.009987996,0.025400000000000002
-0.009987994,0.025400000000000002
-0.009987992,0.025400000000000002
-0.00998799,0.025400000000000002
-0.009987988,0.025400000000000002
-0.009987986,0.025400000000000002
-0.009987984,0.025400000000000002
-0.009987982,0.025400000000000002
-0.00998798,0.025400000000000002
-0.009987978,0.025400000000000002
-0.009987976,0.025400000000000002
-0.009987974,0.025400000000000002
-0.009987972,0.025400000000000002
-0.00998797,0.025400000000000002
-0.009987968,0.025400000000000002
-0.009987966000000001,0.025400000000000002
-0.009987964,0.025400000000000002
-0.009987962,0.025400000000000002
-0.00998796,0.025400000000000002
-0.009987958,0.025400000000000002
-0.009987956000000001,0.025400000000000002
-0.009987954,0.025400000000000002
-0.009987952,0.025400000000000002
-0.00998795,0.025400000000000002
-0.009987948,0.025400000000000002
-0.009987946000000001,0.025400000000000002
-0.009987944,0.025400000000000002
-0.009987942,0.025400000000000002
-0.00998794,0.025400000000000002
-0.009987938,0.025400000000000002
-0.009987936,0.025400000000000002
-0.009987934,0.025400000000000002
-0.009987932,0.025400000000000002
-0.00998793,0.025400000000000002
-0.009987928,0.025400000000000002
-0.009987926,0.025400000000000002
-0.009987924,0.025400000000000002
-0.009987922,0.025400000000000002
-0.00998792,0.025400000000000002
-0.009987918,0.025400000000000002
-0.009987916,0.025400000000000002
-0.009987914,0.025400000000000002
-0.009987912,0.025400000000000002
-0.009987910000000001,0.025400000000000002
-0.009987908,0.025400000000000002
-0.009987906,0.025400000000000002
-0.009987904,0.025400000000000002
-0.009987902,0.025400000000000002
-0.009987900000000001,0.025400000000000002
-0.009987898,0.025400000000000002
-0.009987896,0.025400000000000002
-0.009987894,0.025400000000000002
-0.009987892,0.025400000000000002
-0.009987890000000001,0.025400000000000002
-0.009987888,0.025400000000000002
-0.009987886,0.025400000000000002
-0.009987884,0.025400000000000002
-0.009987882,0.025400000000000002
-0.009987880000000001,0.025400000000000002
-0.009987878,0.025400000000000002
-0.009987876,0.025400000000000002
-0.009987874,0.025400000000000002
-0.009987872,0.025400000000000002
-0.00998787,0.025400000000000002
-0.009987868,0.025400000000000002
-0.009987866,0.025400000000000002
-0.009987864,0.025400000000000002
-0.009987862,0.025400000000000002
-0.00998786,0.025400000000000002
-0.009987858,0.025400000000000002
-0.009987856,0.025400000000000002
-0.009987854000000001,0.025400000000000002
-0.009987852,0.025400000000000002
-0.00998785,0.025400000000000002
-0.009987848,0.025400000000000002
-0.009987846,0.025400000000000002
-0.009987844000000001,0.025400000000000002
-0.009987842,0.025400000000000002
-0.00998784,0.025400000000000002
-0.009987838,0.025400000000000002
-0.009987836,0.025400000000000002
-0.009987834000000001,0.025400000000000002
-0.009987832,0.025400000000000002
-0.00998783,0.025400000000000002
-0.009987828,0.025400000000000002
-0.009987826,0.025400000000000002
-0.009987824000000001,0.025400000000000002
-0.009987822,0.025400000000000002
-0.00998782,0.025400000000000002
-0.009987818,0.025400000000000002
-0.009987816,0.025400000000000002
-0.009987814,0.025400000000000002
-0.009987812,0.025400000000000002
-0.00998781,0.025400000000000002
-0.009987808,0.025400000000000002
-0.009987806,0.025400000000000002
-0.009987804,0.025400000000000002
-0.009987802,0.025400000000000002
-0.0099878,0.025400000000000002
-0.009987798,0.025400000000000002
-0.009987796,0.025400000000000002
-0.009987794,0.025400000000000002
-0.009987792,0.025400000000000002
-0.00998779,0.025400000000000002
-0.009987788000000001,0.025400000000000002
-0.009987786,0.025400000000000002
-0.009987784,0.025400000000000002
-0.009987782,0.025400000000000002
-0.00998778,0.025400000000000002
-0.009987778000000001,0.025400000000000002
-0.009987776,0.025400000000000002
-0.009987774,0.025400000000000002
-0.009987772,0.025400000000000002
-0.00998777,0.025400000000000002
-0.009987768000000001,0.025400000000000002
-0.009987766,0.025400000000000002
-0.009987764,0.025400000000000002
-0.009987762,0.025400000000000002
-0.00998776,0.025400000000000002
-0.009987758,0.025400000000000002
-0.009987756,0.025400000000000002
-0.009987754,0.025400000000000002
-0.009987752,0.025400000000000002
-0.00998775,0.025400000000000002
-0.009987748,0.025400000000000002
-0.009987746,0.025400000000000002
-0.009987744,0.025400000000000002
-0.009987742,0.025400000000000002
-0.00998774,0.025400000000000002
-0.009987738,0.025400000000000002
-0.009987736,0.025400000000000002
-0.009987734,0.025400000000000002
-0.009987732000000001,0.025400000000000002
-0.00998773,0.025400000000000002
-0.009987728,0.025400000000000002
-0.009987726,0.025400000000000002
-0.009987724,0.025400000000000002
-0.009987722000000001,0.025400000000000002
-0.00998772,0.025400000000000002
-0.009987718,0.025400000000000002
-0.009987716,0.025400000000000002
-0.009987714,0.025400000000000002
-0.009987712000000001,0.025400000000000002
-0.00998771,0.025400000000000002
-0.009987708,0.025400000000000002
-0.009987706,0.025400000000000002
-0.009987704,0.025400000000000002
-0.009987702,0.025400000000000002
-0.0099877,0.025400000000000002
-0.009987698,0.025400000000000002
-0.009987696,0.025400000000000002
-0.009987694,0.025400000000000002
-0.009987692,0.025400000000000002
-0.00998769,0.025400000000000002
-0.009987688,0.025400000000000002
-0.009987686,0.025400000000000002
-0.009987684,0.025400000000000002
-0.009987682,0.025400000000000002
-0.00998768,0.025400000000000002
-0.009987678,0.025400000000000002
-0.009987676000000001,0.025400000000000002
-0.009987674,0.025400000000000002
-0.009987672,0.025400000000000002
-0.00998767,0.025400000000000002
-0.009987668,0.025400000000000002
-0.009987666000000001,0.025400000000000002
-0.009987664,0.025400000000000002
-0.009987662,0.025400000000000002
-0.00998766,0.025400000000000002
-0.009987658,0.025400000000000002
-0.009987656000000001,0.025400000000000002
-0.009987654,0.025400000000000002
-0.009987652,0.025400000000000002
-0.00998765,0.025400000000000002
-0.009987648,0.025400000000000002
-0.009987646000000001,0.025400000000000002
-0.009987644,0.025400000000000002
-0.009987642,0.025400000000000002
-0.00998764,0.025400000000000002
-0.009987638,0.025400000000000002
-0.009987636,0.025400000000000002
-0.009987634,0.025400000000000002
-0.009987632,0.025400000000000002
-0.00998763,0.025400000000000002
-0.009987628,0.025400000000000002
-0.009987626,0.025400000000000002
-0.009987624,0.025400000000000002
-0.009987622,0.025400000000000002
-0.009987620000000001,0.025400000000000002
-0.009987618,0.025400000000000002
-0.009987616,0.025400000000000002
-0.009987614,0.025400000000000002
-0.009987612,0.025400000000000002
-0.009987610000000001,0.025400000000000002
-0.009987608,0.025400000000000002
-0.009987606,0.025400000000000002
-0.009987604,0.025400000000000002
-0.009987602,0.025400000000000002
-0.009987600000000001,0.025400000000000002
-0.009987598,0.025400000000000002
-0.009987596,0.025400000000000002
-0.009987594,0.025400000000000002
-0.009987592,0.025400000000000002
-0.009987590000000001,0.025400000000000002
-0.009987588,0.025400000000000002
-0.009987586,0.025400000000000002
-0.009987584,0.025400000000000002
-0.009987582,0.025400000000000002
-0.00998758,0.025400000000000002
-0.009987578,0.025400000000000002
-0.009987576,0.025400000000000002
-0.009987574,0.025400000000000002
-0.009987572,0.025400000000000002
-0.00998757,0.025400000000000002
-0.009987568,0.025400000000000002
-0.009987566,0.025400000000000002
-0.009987564,0.025400000000000002
-0.009987562,0.025400000000000002
-0.00998756,0.025400000000000002
-0.009987558,0.025400000000000002
-0.009987556,0.025400000000000002
-0.009987554000000001,0.025400000000000002
-0.009987552,0.025400000000000002
-0.00998755,0.025400000000000002
-0.009987548,0.025400000000000002
-0.009987546,0.025400000000000002
-0.009987544000000001,0.025400000000000002
-0.009987542,0.025400000000000002
-0.00998754,0.025400000000000002
-0.009987538,0.025400000000000002
-0.009987536,0.025400000000000002
-0.009987534000000001,0.025400000000000002
-0.009987532,0.025400000000000002
-0.00998753,0.025400000000000002
-0.009987528,0.025400000000000002
-0.009987526,0.025400000000000002
-0.009987524,0.025400000000000002
-0.009987522,0.025400000000000002
-0.00998752,0.025400000000000002
-0.009987518,0.025400000000000002
-0.009987516,0.025400000000000002
-0.009987514,0.025400000000000002
-0.009987512,0.025400000000000002
-0.00998751,0.025400000000000002
-0.009987508,0.025400000000000002
-0.009987506,0.025400000000000002
-0.009987504,0.025400000000000002
-0.009987502,0.025400000000000002
-0.0099875,0.025400000000000002
-0.009987498000000001,0.025400000000000002
-0.009987496,0.025400000000000002
-0.009987494,0.025400000000000002
-0.009987492,0.025400000000000002
-0.00998749,0.025400000000000002
-0.009987488000000001,0.025400000000000002
-0.009987486,0.025400000000000002
-0.009987484,0.025400000000000002
-0.009987482,0.025400000000000002
-0.00998748,0.025400000000000002
-0.009987478000000001,0.025400000000000002
-0.009987476,0.025400000000000002
-0.009987474,0.025400000000000002
-0.009987472,0.025400000000000002
-0.00998747,0.025400000000000002
-0.009987468,0.025400000000000002
-0.009987466,0.025400000000000002
-0.009987464,0.025400000000000002
-0.009987462,0.025400000000000002
-0.00998746,0.025400000000000002
-0.009987458,0.025400000000000002
-0.009987456,0.025400000000000002
-0.009987454,0.025400000000000002
-0.009987452,0.025400000000000002
-0.00998745,0.025400000000000002
-0.009987448,0.025400000000000002
-0.009987446,0.025400000000000002
-0.009987444,0.025400000000000002
-0.009987442000000001,0.025400000000000002
-0.00998744,0.025400000000000002
-0.009987438,0.025400000000000002
-0.009987436,0.025400000000000002
-0.009987434,0.025400000000000002
-0.009987432000000001,0.025400000000000002
-0.00998743,0.025400000000000002
-0.009987428,0.025400000000000002
-0.009987426,0.025400000000000002
-0.009987424,0.025400000000000002
-0.009987422000000001,0.025400000000000002
-0.00998742,0.025400000000000002
-0.009987418,0.025400000000000002
-0.009987416,0.025400000000000002
-0.009987414,0.025400000000000002
-0.009987412000000001,0.025400000000000002
-0.00998741,0.025400000000000002
-0.009987408,0.025400000000000002
-0.009987406,0.025400000000000002
-0.009987404,0.025400000000000002
-0.009987402,0.025400000000000002
-0.0099874,0.025400000000000002
-0.009987398,0.025400000000000002
-0.009987396,0.025400000000000002
-0.009987394,0.025400000000000002
-0.009987392,0.025400000000000002
-0.00998739,0.025400000000000002
-0.009987388,0.025400000000000002
-0.009987386000000001,0.025400000000000002
-0.009987384,0.025400000000000002
-0.009987382,0.025400000000000002
-0.00998738,0.025400000000000002
-0.009987378,0.025400000000000002
-0.009987376000000001,0.025400000000000002
-0.009987374,0.025400000000000002
-0.009987372,0.025400000000000002
-0.00998737,0.025400000000000002
-0.009987368,0.025400000000000002
-0.009987366000000001,0.025400000000000002
-0.009987364,0.025400000000000002
-0.009987362,0.025400000000000002
-0.00998736,0.025400000000000002
-0.009987358,0.025400000000000002
-0.009987356000000001,0.025400000000000002
-0.009987354,0.025400000000000002
-0.009987352,0.025400000000000002
-0.00998735,0.025400000000000002
-0.009987348,0.025400000000000002
-0.009987346,0.025400000000000002
-0.009987344,0.025400000000000002
-0.009987342,0.025400000000000002
-0.00998734,0.025400000000000002
-0.009987338,0.025400000000000002
-0.009987336,0.025400000000000002
-0.009987334,0.025400000000000002
-0.009987332,0.025400000000000002
-0.00998733,0.025400000000000002
-0.009987328,0.025400000000000002
-0.009987326,0.025400000000000002
-0.009987324,0.025400000000000002
-0.009987322,0.025400000000000002
-0.009987320000000001,0.025400000000000002
-0.009987318,0.025400000000000002
-0.009987316,0.025400000000000002
-0.009987314,0.025400000000000002
-0.009987312,0.025400000000000002
-0.009987310000000001,0.025400000000000002
-0.009987308,0.025400000000000002
-0.009987306,0.025400000000000002
-0.009987304,0.025400000000000002
-0.009987302,0.025400000000000002
-0.009987300000000001,0.025400000000000002
-0.009987298,0.025400000000000002
-0.009987296,0.025400000000000002
-0.009987294,0.025400000000000002
-0.009987292,0.025400000000000002
-0.00998729,0.025400000000000002
-0.009987288,0.025400000000000002
-0.009987286,0.025400000000000002
-0.009987284,0.025400000000000002
-0.009987282,0.025400000000000002
-0.00998728,0.025400000000000002
-0.009987278,0.025400000000000002
-0.009987276,0.025400000000000002
-0.009987274,0.025400000000000002
-0.009987272,0.025400000000000002
-0.00998727,0.025400000000000002
-0.009987268,0.025400000000000002
-0.009987266,0.025400000000000002
-0.009987264000000001,0.025400000000000002
-0.009987262,0.025400000000000002
-0.00998726,0.025400000000000002
-0.009987258,0.025400000000000002
-0.009987256,0.025400000000000002
-0.009987254000000001,0.025400000000000002
-0.009987252,0.025400000000000002
-0.00998725,0.025400000000000002
-0.009987248,0.025400000000000002
-0.009987246,0.025400000000000002
-0.009987244000000001,0.025400000000000002
-0.009987242,0.025400000000000002
-0.00998724,0.025400000000000002
-0.009987238,0.025400000000000002
-0.009987236,0.025400000000000002
-0.009987234,0.025400000000000002
-0.009987232,0.025400000000000002
-0.00998723,0.025400000000000002
-0.009987228,0.025400000000000002
-0.009987226,0.025400000000000002
-0.009987224,0.025400000000000002
-0.009987222,0.025400000000000002
-0.00998722,0.025400000000000002
-0.009987218,0.025400000000000002
-0.009987216,0.025400000000000002
-0.009987214,0.025400000000000002
-0.009987212,0.025400000000000002
-0.00998721,0.025400000000000002
-0.009987208000000001,0.025400000000000002
-0.009987206,0.025400000000000002
-0.009987204,0.025400000000000002
-0.009987202,0.025400000000000002
-0.0099872,0.025400000000000002
-0.009987198000000001,0.025400000000000002
-0.009987196,0.025400000000000002
-0.009987194,0.025400000000000002
-0.009987192,0.025400000000000002
-0.00998719,0.025400000000000002
-0.009987188000000001,0.025400000000000002
-0.009987186,0.025400000000000002
-0.009987184,0.025400000000000002
-0.009987182,0.025400000000000002
-0.00998718,0.025400000000000002
-0.009987178000000001,0.025400000000000002
-0.009987176,0.025400000000000002
-0.009987174,0.025400000000000002
-0.009987172,0.025400000000000002
-0.00998717,0.025400000000000002
-0.009987168,0.025400000000000002
-0.009987166,0.025400000000000002
-0.009987164,0.025400000000000002
-0.009987162,0.025400000000000002
-0.00998716,0.025400000000000002
-0.009987158,0.025400000000000002
-0.009987156,0.025400000000000002
-0.009987154,0.025400000000000002
-0.009987152000000001,0.025400000000000002
-0.00998715,0.025400000000000002
-0.009987148,0.025400000000000002
-0.009987146,0.025400000000000002
-0.009987144,0.025400000000000002
-0.009987142000000001,0.025400000000000002
-0.00998714,0.025400000000000002
-0.009987138,0.025400000000000002
-0.009987136,0.025400000000000002
-0.009987134,0.025400000000000002
-0.009987132000000001,0.025400000000000002
-0.00998713,0.025400000000000002
-0.009987128,0.025400000000000002
-0.009987126,0.025400000000000002
-0.009987124,0.025400000000000002
-0.009987122000000001,0.025400000000000002
-0.00998712,0.025400000000000002
-0.009987118,0.025400000000000002
-0.009987116,0.025400000000000002
-0.009987114,0.025400000000000002
-0.009987112,0.025400000000000002
-0.00998711,0.025400000000000002
-0.009987108,0.025400000000000002
-0.009987106,0.025400000000000002
-0.009987104,0.025400000000000002
-0.009987102,0.025400000000000002
-0.0099871,0.025400000000000002
-0.009987098,0.025400000000000002
-0.009987096,0.025400000000000002
-0.009987094,0.025400000000000002
-0.009987092,0.025400000000000002
-0.00998709,0.025400000000000002
-0.009987088,0.025400000000000002
-0.009987086000000001,0.025400000000000002
-0.009987084,0.025400000000000002
-0.009987082,0.025400000000000002
-0.00998708,0.025400000000000002
-0.009987078,0.025400000000000002
-0.009987076000000001,0.025400000000000002
-0.009987074,0.025400000000000002
-0.009987072,0.025400000000000002
-0.00998707,0.025400000000000002
-0.009987068,0.025400000000000002
-0.009987066000000001,0.025400000000000002
-0.009987064,0.025400000000000002
-0.009987062,0.025400000000000002
-0.00998706,0.025400000000000002
-0.009987058,0.025400000000000002
-0.009987056,0.025400000000000002
-0.009987054,0.025400000000000002
-0.009987052,0.025400000000000002
-0.00998705,0.025400000000000002
-0.009987048,0.025400000000000002
-0.009987046,0.025400000000000002
-0.009987044,0.025400000000000002
-0.009987042,0.025400000000000002
-0.00998704,0.025400000000000002
-0.009987038,0.025400000000000002
-0.009987036,0.025400000000000002
-0.009987034,0.025400000000000002
-0.009987032,0.025400000000000002
-0.009987030000000001,0.025400000000000002
-0.009987028,0.025400000000000002
-0.009987026,0.025400000000000002
-0.009987024,0.025400000000000002
-0.009987022,0.025400000000000002
-0.009987020000000001,0.025400000000000002
-0.009987018,0.025400000000000002
-0.009987016,0.025400000000000002
-0.009987014,0.025400000000000002
-0.009987012,0.025400000000000002
-0.009987010000000001,0.025400000000000002
-0.009987008,0.025400000000000002
-0.009987006,0.025400000000000002
-0.009987004,0.025400000000000002
-0.009987002,0.025400000000000002
-0.009987,0.025400000000000002
-0.009986998,0.025400000000000002
-0.009986996,0.025400000000000002
-0.009986994,0.025400000000000002
-0.009986992,0.025400000000000002
-0.00998699,0.025400000000000002
-0.009986988,0.025400000000000002
-0.009986986,0.025400000000000002
-0.009986984,0.025400000000000002
-0.009986982,0.025400000000000002
-0.00998698,0.025400000000000002
-0.009986978,0.025400000000000002
-0.009986976,0.025400000000000002
-0.009986974000000001,0.025400000000000002
-0.009986972,0.025400000000000002
-0.00998697,0.025400000000000002
-0.009986968,0.025400000000000002
-0.009986966,0.025400000000000002
-0.009986964000000001,0.025400000000000002
-0.009986962,0.025400000000000002
-0.00998696,0.025400000000000002
-0.009986958,0.025400000000000002
-0.009986956,0.025400000000000002
-0.009986954000000001,0.025400000000000002
-0.009986952,0.025400000000000002
-0.00998695,0.025400000000000002
-0.009986948,0.025400000000000002
-0.009986946,0.025400000000000002
-0.009986944000000001,0.025400000000000002
-0.009986942,0.025400000000000002
-0.00998694,0.025400000000000002
-0.009986938,0.025400000000000002
-0.009986936,0.025400000000000002
-0.009986934,0.025400000000000002
-0.009986932,0.025400000000000002
-0.00998693,0.025400000000000002
-0.009986928,0.025400000000000002
-0.009986926,0.025400000000000002
-0.009986924,0.025400000000000002
-0.009986922,0.025400000000000002
-0.00998692,0.025400000000000002
-0.009986918000000001,0.025400000000000002
-0.009986916,0.025400000000000002
-0.009986914,0.025400000000000002
-0.009986912,0.025400000000000002
-0.00998691,0.025400000000000002
-0.009986908000000001,0.025400000000000002
-0.009986906,0.025400000000000002
-0.009986904,0.025400000000000002
-0.009986902,0.025400000000000002
-0.0099869,0.025400000000000002
-0.009986898000000001,0.025400000000000002
-0.009986896,0.025400000000000002
-0.009986894,0.025400000000000002
-0.009986892,0.025400000000000002
-0.00998689,0.025400000000000002
-0.009986888000000001,0.025400000000000002
-0.009986886,0.025400000000000002
-0.009986884,0.025400000000000002
-0.009986882,0.025400000000000002
-0.00998688,0.025400000000000002
-0.009986878,0.025400000000000002
-0.009986876,0.025400000000000002
-0.009986874,0.025400000000000002
-0.009986872,0.025400000000000002
-0.00998687,0.025400000000000002
-0.009986868,0.025400000000000002
-0.009986866,0.025400000000000002
-0.009986864,0.025400000000000002
-0.009986862,0.025400000000000002
-0.00998686,0.025400000000000002
-0.009986858,0.025400000000000002
-0.009986856,0.025400000000000002
-0.009986854,0.025400000000000002
-0.009986852000000001,0.025400000000000002
-0.00998685,0.025400000000000002
-0.009986848,0.025400000000000002
-0.009986846,0.025400000000000002
-0.009986844,0.025400000000000002
-0.009986842000000001,0.025400000000000002
-0.00998684,0.025400000000000002
-0.009986838,0.025400000000000002
-0.009986836,0.025400000000000002
-0.009986834,0.025400000000000002
-0.009986832000000001,0.025400000000000002
-0.00998683,0.025400000000000002
-0.009986828,0.025400000000000002
-0.009986826,0.025400000000000002
-0.009986824,0.025400000000000002
-0.009986822,0.025400000000000002
-0.00998682,0.025400000000000002
-0.009986818,0.025400000000000002
-0.009986816,0.025400000000000002
-0.009986814,0.025400000000000002
-0.009986812,0.025400000000000002
-0.00998681,0.025400000000000002
-0.009986808,0.025400000000000002
-0.009986806,0.025400000000000002
-0.009986804,0.025400000000000002
-0.009986802,0.025400000000000002
-0.0099868,0.025400000000000002
-0.009986798,0.025400000000000002
-0.009986796000000001,0.025400000000000002
-0.009986794,0.025400000000000002
-0.009986792,0.025400000000000002
-0.00998679,0.025400000000000002
-0.009986788,0.025400000000000002
-0.009986786000000001,0.025400000000000002
-0.009986784,0.025400000000000002
-0.009986782,0.025400000000000002
-0.00998678,0.025400000000000002
-0.009986778,0.025400000000000002
-0.009986776000000001,0.025400000000000002
-0.009986774,0.025400000000000002
-0.009986772,0.025400000000000002
-0.00998677,0.025400000000000002
-0.009986768,0.025400000000000002
-0.009986766,0.025400000000000002
-0.009986764,0.025400000000000002
-0.009986762,0.025400000000000002
-0.00998676,0.025400000000000002
-0.009986758,0.025400000000000002
-0.009986756,0.025400000000000002
-0.009986754,0.025400000000000002
-0.009986752,0.025400000000000002
-0.00998675,0.025400000000000002
-0.009986748,0.025400000000000002
-0.009986746,0.025400000000000002
-0.009986744,0.025400000000000002
-0.009986742,0.025400000000000002
-0.009986740000000001,0.025400000000000002
-0.009986738,0.025400000000000002
-0.009986736,0.025400000000000002
-0.009986734,0.025400000000000002
-0.009986732,0.025400000000000002
-0.009986730000000001,0.025400000000000002
-0.009986728,0.025400000000000002
-0.009986726,0.025400000000000002
-0.009986724,0.025400000000000002
-0.009986722,0.025400000000000002
-0.009986720000000001,0.025400000000000002
-0.009986718,0.025400000000000002
-0.009986716,0.025400000000000002
-0.009986714,0.025400000000000002
-0.009986712,0.025400000000000002
-0.009986710000000001,0.025400000000000002
-0.009986708,0.025400000000000002
-0.009986706,0.025400000000000002
-0.009986704,0.025400000000000002
-0.009986702,0.025400000000000002
-0.0099867,0.025400000000000002
-0.009986698,0.025400000000000002
-0.009986696,0.025400000000000002
-0.009986694,0.025400000000000002
-0.009986692,0.025400000000000002
-0.00998669,0.025400000000000002
-0.009986688,0.025400000000000002
-0.009986686,0.025400000000000002
-0.009986684000000001,0.025400000000000002
-0.009986682,0.025400000000000002
-0.00998668,0.025400000000000002
-0.009986678,0.025400000000000002
-0.009986676,0.025400000000000002
-0.009986674000000001,0.025400000000000002
-0.009986672,0.025400000000000002
-0.00998667,0.025400000000000002
-0.009986668,0.025400000000000002
-0.009986666,0.025400000000000002
-0.009986664000000001,0.025400000000000002
-0.009986662,0.025400000000000002
-0.00998666,0.025400000000000002
-0.009986658,0.025400000000000002
-0.009986656,0.025400000000000002
-0.009986654000000001,0.025400000000000002
-0.009986652,0.025400000000000002
-0.00998665,0.025400000000000002
-0.009986648,0.025400000000000002
-0.009986646,0.025400000000000002
-0.009986644,0.025400000000000002
-0.009986642,0.025400000000000002
-0.00998664,0.025400000000000002
-0.009986638,0.025400000000000002
-0.009986636,0.025400000000000002
-0.009986634,0.025400000000000002
-0.009986632,0.025400000000000002
-0.00998663,0.025400000000000002
-0.009986628,0.025400000000000002
-0.009986626,0.025400000000000002
-0.009986624,0.025400000000000002
-0.009986622,0.025400000000000002
-0.00998662,0.025400000000000002
-0.009986618000000001,0.025400000000000002
-0.009986616,0.025400000000000002
-0.009986614,0.025400000000000002
-0.009986612,0.025400000000000002
-0.00998661,0.025400000000000002
-0.009986608000000001,0.025400000000000002
-0.009986606,0.025400000000000002
-0.009986604,0.025400000000000002
-0.009986602,0.025400000000000002
-0.0099866,0.025400000000000002
-0.009986598000000001,0.025400000000000002
-0.009986596,0.025400000000000002
-0.009986594,0.025400000000000002
-0.009986592,0.025400000000000002
-0.00998659,0.025400000000000002
-0.009986588,0.025400000000000002
-0.009986586,0.025400000000000002
-0.009986584,0.025400000000000002
-0.009986582,0.025400000000000002
-0.00998658,0.025400000000000002
-0.009986578,0.025400000000000002
-0.009986576,0.025400000000000002
-0.009986574,0.025400000000000002
-0.009986572,0.025400000000000002
-0.00998657,0.025400000000000002
-0.009986568,0.025400000000000002
-0.009986566,0.025400000000000002
-0.009986564,0.025400000000000002
-0.009986562000000001,0.025400000000000002
-0.00998656,0.025400000000000002
-0.009986558,0.025400000000000002
-0.009986556,0.025400000000000002
-0.009986554,0.025400000000000002
-0.009986552000000001,0.025400000000000002
-0.00998655,0.025400000000000002
-0.009986548,0.025400000000000002
-0.009986546,0.025400000000000002
-0.009986544,0.025400000000000002
-0.009986542000000001,0.025400000000000002
-0.00998654,0.025400000000000002
-0.009986538,0.025400000000000002
-0.009986536,0.025400000000000002
-0.009986534,0.025400000000000002
-0.009986532,0.025400000000000002
-0.00998653,0.025400000000000002
-0.009986528,0.025400000000000002
-0.009986526,0.025400000000000002
-0.009986524,0.025400000000000002
-0.009986522,0.025400000000000002
-0.00998652,0.025400000000000002
-0.009986518,0.025400000000000002
-0.009986516,0.025400000000000002
-0.009986514,0.025400000000000002
-0.009986512,0.025400000000000002
-0.00998651,0.025400000000000002
-0.009986508,0.025400000000000002
-0.009986506000000001,0.025400000000000002
-0.009986504,0.025400000000000002
-0.009986502,0.025400000000000002
-0.0099865,0.025400000000000002
-0.009986498,0.025400000000000002
-0.009986496000000001,0.025400000000000002
-0.009986494,0.025400000000000002
-0.009986492,0.025400000000000002
-0.00998649,0.025400000000000002
-0.009986488,0.025400000000000002
-0.009986486000000001,0.025400000000000002
-0.009986484,0.025400000000000002
-0.009986482,0.025400000000000002
-0.00998648,0.025400000000000002
-0.009986478,0.025400000000000002
-0.009986476000000001,0.025400000000000002
-0.009986474,0.025400000000000002
-0.009986472,0.025400000000000002
-0.00998647,0.025400000000000002
-0.009986468,0.025400000000000002
-0.009986466,0.025400000000000002
-0.009986464,0.025400000000000002
-0.009986462,0.025400000000000002
-0.00998646,0.025400000000000002
-0.009986458,0.025400000000000002
-0.009986456,0.025400000000000002
-0.009986454,0.025400000000000002
-0.009986452,0.025400000000000002
-0.009986450000000001,0.025400000000000002
-0.009986448,0.025400000000000002
-0.009986446,0.025400000000000002
-0.009986444,0.025400000000000002
-0.009986442,0.025400000000000002
-0.009986440000000001,0.025400000000000002
-0.009986438,0.025400000000000002
-0.009986436,0.025400000000000002
-0.009986434,0.025400000000000002
-0.009986432,0.025400000000000002
-0.009986430000000001,0.025400000000000002
-0.009986428,0.025400000000000002
-0.009986426,0.025400000000000002
-0.009986424,0.025400000000000002
-0.009986422,0.025400000000000002
-0.009986420000000001,0.025400000000000002
-0.009986418,0.025400000000000002
-0.009986416,0.025400000000000002
-0.009986414,0.025400000000000002
-0.009986412,0.025400000000000002
-0.00998641,0.025400000000000002
-0.009986408,0.025400000000000002
-0.009986406,0.025400000000000002
-0.009986404,0.025400000000000002
-0.009986402,0.025400000000000002
-0.0099864,0.025400000000000002
-0.009986398,0.025400000000000002
-0.009986396,0.025400000000000002
-0.009986394,0.025400000000000002
-0.009986392,0.025400000000000002
-0.00998639,0.025400000000000002
-0.009986388,0.025400000000000002
-0.009986386,0.025400000000000002
-0.009986384000000001,0.025400000000000002
-0.009986382,0.025400000000000002
-0.00998638,0.025400000000000002
-0.009986378,0.025400000000000002
-0.009986376,0.025400000000000002
-0.009986374000000001,0.025400000000000002
-0.009986372,0.025400000000000002
-0.00998637,0.025400000000000002
-0.009986368,0.025400000000000002
-0.009986366,0.025400000000000002
-0.009986364000000001,0.025400000000000002
-0.009986362,0.025400000000000002
-0.00998636,0.025400000000000002
-0.009986358,0.025400000000000002
-0.009986356,0.025400000000000002
-0.009986354,0.025400000000000002
-0.009986352,0.025400000000000002
-0.00998635,0.025400000000000002
-0.009986348,0.025400000000000002
-0.009986346,0.025400000000000002
-0.009986344,0.025400000000000002
-0.009986342,0.025400000000000002
-0.00998634,0.025400000000000002
-0.009986338,0.025400000000000002
-0.009986336,0.025400000000000002
-0.009986334,0.025400000000000002
-0.009986332,0.025400000000000002
-0.00998633,0.025400000000000002
-0.009986328000000001,0.025400000000000002
-0.009986326,0.025400000000000002
-0.009986324,0.025400000000000002
-0.009986322,0.025400000000000002
-0.00998632,0.025400000000000002
-0.009986318000000001,0.025400000000000002
-0.009986316,0.025400000000000002
-0.009986314,0.025400000000000002
-0.009986312,0.025400000000000002
-0.00998631,0.025400000000000002
-0.009986308000000001,0.025400000000000002
-0.009986306,0.025400000000000002
-0.009986304,0.025400000000000002
-0.009986302,0.025400000000000002
-0.0099863,0.025400000000000002
-0.009986298,0.025400000000000002
-0.009986296,0.025400000000000002
-0.009986294,0.025400000000000002
-0.009986292,0.025400000000000002
-0.00998629,0.025400000000000002
-0.009986288,0.025400000000000002
-0.009986286,0.025400000000000002
-0.009986284,0.025400000000000002
-0.009986282,0.025400000000000002
-0.00998628,0.025400000000000002
-0.009986278,0.025400000000000002
-0.009986276,0.025400000000000002
-0.009986274,0.025400000000000002
-0.009986272000000001,0.025400000000000002
-0.00998627,0.025400000000000002
-0.009986268,0.025400000000000002
-0.009986266,0.025400000000000002
-0.009986264,0.025400000000000002
-0.009986262000000001,0.025400000000000002
-0.00998626,0.025400000000000002
-0.009986258,0.025400000000000002
-0.009986256,0.025400000000000002
-0.009986254,0.025400000000000002
-0.009986252000000001,0.025400000000000002
-0.00998625,0.025400000000000002
-0.009986248,0.025400000000000002
-0.009986246,0.025400000000000002
-0.009986244,0.025400000000000002
-0.009986242,0.025400000000000002
-0.00998624,0.025400000000000002
-0.009986238,0.025400000000000002
-0.009986236,0.025400000000000002
-0.009986234,0.025400000000000002
-0.009986232,0.025400000000000002
-0.00998623,0.025400000000000002
-0.009986228,0.025400000000000002
-0.009986226,0.025400000000000002
-0.009986224,0.025400000000000002
-0.009986222,0.025400000000000002
-0.00998622,0.025400000000000002
-0.009986218,0.025400000000000002
-0.009986216000000001,0.025400000000000002
-0.009986214,0.025400000000000002
-0.009986212,0.025400000000000002
-0.00998621,0.025400000000000002
-0.009986208,0.025400000000000002
-0.009986206000000001,0.025400000000000002
-0.009986204,0.025400000000000002
-0.009986202,0.025400000000000002
-0.0099862,0.025400000000000002
-0.009986198,0.025400000000000002
-0.009986196000000001,0.025400000000000002
-0.009986194,0.025400000000000002
-0.009986192,0.025400000000000002
-0.00998619,0.025400000000000002
-0.009986188,0.025400000000000002
-0.009986186000000001,0.025400000000000002
-0.009986184,0.025400000000000002
-0.009986182,0.025400000000000002
-0.00998618,0.025400000000000002
-0.009986178,0.025400000000000002
-0.009986176,0.025400000000000002
-0.009986174,0.025400000000000002
-0.009986172,0.025400000000000002
-0.00998617,0.025400000000000002
-0.009986168,0.025400000000000002
-0.009986166,0.025400000000000002
-0.009986164,0.025400000000000002
-0.009986162,0.025400000000000002
-0.009986160000000001,0.025400000000000002
-0.009986158,0.025400000000000002
-0.009986156,0.025400000000000002
-0.009986154,0.025400000000000002
-0.009986152,0.025400000000000002
-0.009986150000000001,0.025400000000000002
-0.009986148,0.025400000000000002
-0.009986146,0.025400000000000002
-0.009986144,0.025400000000000002
-0.009986142,0.025400000000000002
-0.009986140000000001,0.025400000000000002
-0.009986138,0.025400000000000002
-0.009986136,0.025400000000000002
-0.009986134,0.025400000000000002
-0.009986132,0.025400000000000002
-0.009986130000000001,0.025400000000000002
-0.009986128,0.025400000000000002
-0.009986126,0.025400000000000002
-0.009986124,0.025400000000000002
-0.009986122,0.025400000000000002
-0.00998612,0.025400000000000002
-0.009986118,0.025400000000000002
-0.009986116,0.025400000000000002
-0.009986114,0.025400000000000002
-0.009986112,0.025400000000000002
-0.00998611,0.025400000000000002
-0.009986108,0.025400000000000002
-0.009986106,0.025400000000000002
-0.009986104,0.025400000000000002
-0.009986102,0.025400000000000002
-0.0099861,0.025400000000000002
-0.009986098,0.025400000000000002
-0.009986096,0.025400000000000002
-0.009986094000000001,0.025400000000000002
-0.009986092,0.025400000000000002
-0.00998609,0.025400000000000002
-0.009986088,0.025400000000000002
-0.009986086,0.025400000000000002
-0.009986084000000001,0.025400000000000002
-0.009986082,0.025400000000000002
-0.00998608,0.025400000000000002
-0.009986078,0.025400000000000002
-0.009986076,0.025400000000000002
-0.009986074000000001,0.025400000000000002
-0.009986072,0.025400000000000002
-0.00998607,0.025400000000000002
-0.009986068,0.025400000000000002
-0.009986066,0.025400000000000002
-0.009986064,0.025400000000000002
-0.009986062,0.025400000000000002
-0.00998606,0.025400000000000002
-0.009986058,0.025400000000000002
-0.009986056,0.025400000000000002
-0.009986054,0.025400000000000002
-0.009986052,0.025400000000000002
-0.00998605,0.025400000000000002
-0.009986048,0.025400000000000002
-0.009986046,0.025400000000000002
-0.009986044,0.025400000000000002
-0.009986042,0.025400000000000002
-0.00998604,0.025400000000000002
-0.009986038000000001,0.025400000000000002
-0.009986036,0.025400000000000002
-0.009986034,0.025400000000000002
-0.009986032,0.025400000000000002
-0.00998603,0.025400000000000002
-0.009986028000000001,0.025400000000000002
-0.009986026,0.025400000000000002
-0.009986024,0.025400000000000002
-0.009986022,0.025400000000000002
-0.00998602,0.025400000000000002
-0.009986018000000001,0.025400000000000002
-0.009986016,0.025400000000000002
-0.009986014,0.025400000000000002
-0.009986012,0.025400000000000002
-0.00998601,0.025400000000000002
-0.009986008,0.025400000000000002
-0.009986006,0.025400000000000002
-0.009986004,0.025400000000000002
-0.009986002,0.025400000000000002
-0.009986,0.025400000000000002
-0.009985998,0.025400000000000002
-0.009985996,0.025400000000000002
-0.009985994,0.025400000000000002
-0.009985992,0.025400000000000002
-0.00998599,0.025400000000000002
-0.009985988,0.025400000000000002
-0.009985986,0.025400000000000002
-0.009985984,0.025400000000000002
-0.009985982000000001,0.025400000000000002
-0.00998598,0.025400000000000002
-0.009985978,0.025400000000000002
-0.009985976,0.025400000000000002
-0.009985974,0.025400000000000002
-0.009985972000000001,0.025400000000000002
-0.00998597,0.025400000000000002
-0.009985968,0.025400000000000002
-0.009985966,0.025400000000000002
-0.009985964,0.025400000000000002
-0.009985962000000001,0.025400000000000002
-0.00998596,0.025400000000000002
-0.009985958,0.025400000000000002
-0.009985956,0.025400000000000002
-0.009985954,0.025400000000000002
-0.009985952000000001,0.025400000000000002
-0.00998595,0.025400000000000002
-0.009985948,0.025400000000000002
-0.009985946,0.025400000000000002
-0.009985944,0.025400000000000002
-0.009985942,0.025400000000000002
-0.00998594,0.025400000000000002
-0.009985938,0.025400000000000002
-0.009985936,0.025400000000000002
-0.009985934,0.025400000000000002
-0.009985932,0.025400000000000002
-0.00998593,0.025400000000000002
-0.009985928,0.025400000000000002
-0.009985926000000001,0.025400000000000002
-0.009985924,0.025400000000000002
-0.009985922,0.025400000000000002
-0.00998592,0.025400000000000002
-0.009985918,0.025400000000000002
-0.009985916000000001,0.025400000000000002
-0.009985914,0.025400000000000002
-0.009985912,0.025400000000000002
-0.00998591,0.025400000000000002
-0.009985908,0.025400000000000002
-0.009985906000000001,0.025400000000000002
-0.009985904,0.025400000000000002
-0.009985902,0.025400000000000002
-0.0099859,0.025400000000000002
-0.009985898,0.025400000000000002
-0.009985896000000001,0.025400000000000002
-0.009985894,0.025400000000000002
-0.009985892,0.025400000000000002
-0.00998589,0.025400000000000002
-0.009985888,0.025400000000000002
-0.009985886,0.025400000000000002
-0.009985884,0.025400000000000002
-0.009985882,0.025400000000000002
-0.00998588,0.025400000000000002
-0.009985878,0.025400000000000002
-0.009985876,0.025400000000000002
-0.009985874,0.025400000000000002
-0.009985872,0.025400000000000002
-0.00998587,0.025400000000000002
-0.009985868,0.025400000000000002
-0.009985866,0.025400000000000002
-0.009985864,0.025400000000000002
-0.009985862,0.025400000000000002
-0.009985860000000001,0.025400000000000002
-0.009985858,0.025400000000000002
-0.009985856,0.025400000000000002
-0.009985854,0.025400000000000002
-0.009985852,0.025400000000000002
-0.009985850000000001,0.025400000000000002
-0.009985848,0.025400000000000002
-0.009985846,0.025400000000000002
-0.009985844,0.025400000000000002
-0.009985842,0.025400000000000002
-0.009985840000000001,0.025400000000000002
-0.009985838,0.025400000000000002
-0.009985836,0.025400000000000002
-0.009985834,0.025400000000000002
-0.009985832,0.025400000000000002
-0.00998583,0.025400000000000002
-0.009985828,0.025400000000000002
-0.009985826,0.025400000000000002
-0.009985824,0.025400000000000002
-0.009985822,0.025400000000000002
-0.00998582,0.025400000000000002
-0.009985818,0.025400000000000002
-0.009985816,0.025400000000000002
-0.009985814,0.025400000000000002
-0.009985812,0.025400000000000002
-0.00998581,0.025400000000000002
-0.009985808,0.025400000000000002
-0.009985806,0.025400000000000002
-0.009985804000000001,0.025400000000000002
-0.009985802,0.025400000000000002
-0.0099858,0.025400000000000002
-0.009985798,0.025400000000000002
-0.009985796,0.025400000000000002
-0.009985794000000001,0.025400000000000002
-0.009985792,0.025400000000000002
-0.00998579,0.025400000000000002
-0.009985788,0.025400000000000002
-0.009985786,0.025400000000000002
-0.009985784000000001,0.025400000000000002
-0.009985782,0.025400000000000002
-0.00998578,0.025400000000000002
-0.009985778,0.025400000000000002
-0.009985776,0.025400000000000002
-0.009985774,0.025400000000000002
-0.009985772,0.025400000000000002
-0.00998577,0.025400000000000002
-0.009985768,0.025400000000000002
-0.009985766,0.025400000000000002
-0.009985764,0.025400000000000002
-0.009985762,0.025400000000000002
-0.00998576,0.025400000000000002
-0.009985758,0.025400000000000002
-0.009985756,0.025400000000000002
-0.009985754,0.025400000000000002
-0.009985752,0.025400000000000002
-0.00998575,0.025400000000000002
-0.009985748000000001,0.025400000000000002
-0.009985746,0.025400000000000002
-0.009985744,0.025400000000000002
-0.009985742,0.025400000000000002
-0.00998574,0.025400000000000002
-0.009985738000000001,0.025400000000000002
-0.009985736,0.025400000000000002
-0.009985734,0.025400000000000002
-0.009985732,0.025400000000000002
-0.00998573,0.025400000000000002
-0.009985728000000001,0.025400000000000002
-0.009985726,0.025400000000000002
-0.009985724,0.025400000000000002
-0.009985722,0.025400000000000002
-0.00998572,0.025400000000000002
-0.009985718000000001,0.025400000000000002
-0.009985716,0.025400000000000002
-0.009985714,0.025400000000000002
-0.009985712,0.025400000000000002
-0.00998571,0.025400000000000002
-0.009985708,0.025400000000000002
-0.009985706,0.025400000000000002
-0.009985704,0.025400000000000002
-0.009985702,0.025400000000000002
-0.0099857,0.025400000000000002
-0.009985698,0.025400000000000002
-0.009985696,0.025400000000000002
-0.009985694,0.025400000000000002
-0.009985692000000001,0.025400000000000002
-0.00998569,0.025400000000000002
-0.009985688,0.025400000000000002
-0.009985686,0.025400000000000002
-0.009985684,0.025400000000000002
-0.009985682000000001,0.025400000000000002
-0.00998568,0.025400000000000002
-0.009985678,0.025400000000000002
-0.009985676,0.025400000000000002
-0.009985674,0.025400000000000002
-0.009985672000000001,0.025400000000000002
-0.00998567,0.025400000000000002
-0.009985668,0.025400000000000002
-0.009985666,0.025400000000000002
-0.009985664,0.025400000000000002
-0.009985662000000001,0.025400000000000002
-0.00998566,0.025400000000000002
-0.009985658,0.025400000000000002
-0.009985656,0.025400000000000002
-0.009985654,0.025400000000000002
-0.009985652,0.025400000000000002
-0.00998565,0.025400000000000002
-0.009985648,0.025400000000000002
-0.009985646,0.025400000000000002
-0.009985644,0.025400000000000002
-0.009985642,0.025400000000000002
-0.00998564,0.025400000000000002
-0.009985638,0.025400000000000002
-0.009985636,0.025400000000000002
-0.009985634,0.025400000000000002
-0.009985632,0.025400000000000002
-0.00998563,0.025400000000000002
-0.009985628,0.025400000000000002
-0.009985626000000001,0.025400000000000002
-0.009985624,0.025400000000000002
-0.009985622,0.025400000000000002
-0.00998562,0.025400000000000002
-0.009985618,0.025400000000000002
-0.009985616000000001,0.025400000000000002
-0.009985614,0.025400000000000002
-0.009985612,0.025400000000000002
-0.00998561,0.025400000000000002
-0.009985608,0.025400000000000002
-0.009985606000000001,0.025400000000000002
-0.009985604,0.025400000000000002
-0.009985602,0.025400000000000002
-0.0099856,0.025400000000000002
-0.009985598,0.025400000000000002
-0.009985596,0.025400000000000002
-0.009985594,0.025400000000000002
-0.009985592,0.025400000000000002
-0.00998559,0.025400000000000002
-0.009985588,0.025400000000000002
-0.009985586,0.025400000000000002
-0.009985584,0.025400000000000002
-0.009985582,0.025400000000000002
-0.00998558,0.025400000000000002
-0.009985578,0.025400000000000002
-0.009985576,0.025400000000000002
-0.009985574,0.025400000000000002
-0.009985572,0.025400000000000002
-0.009985570000000001,0.025400000000000002
-0.009985568,0.025400000000000002
-0.009985566,0.025400000000000002
-0.009985564,0.025400000000000002
-0.009985562,0.025400000000000002
-0.009985560000000001,0.025400000000000002
-0.009985558,0.025400000000000002
-0.009985556,0.025400000000000002
-0.009985554,0.025400000000000002
-0.009985552,0.025400000000000002
-0.009985550000000001,0.025400000000000002
-0.009985548,0.025400000000000002
-0.009985546,0.025400000000000002
-0.009985544,0.025400000000000002
-0.009985542,0.025400000000000002
-0.00998554,0.025400000000000002
-0.009985538,0.025400000000000002
-0.009985536,0.025400000000000002
-0.009985534,0.025400000000000002
-0.009985532,0.025400000000000002
-0.00998553,0.025400000000000002
-0.009985528,0.025400000000000002
-0.009985526,0.025400000000000002
-0.009985524,0.025400000000000002
-0.009985522,0.025400000000000002
-0.00998552,0.025400000000000002
-0.009985518,0.025400000000000002
-0.009985516,0.025400000000000002
-0.009985514000000001,0.025400000000000002
-0.009985512,0.025400000000000002
-0.00998551,0.025400000000000002
-0.009985508,0.025400000000000002
-0.009985506,0.025400000000000002
-0.009985504000000001,0.025400000000000002
-0.009985502,0.025400000000000002
-0.0099855,0.025400000000000002
-0.009985498,0.025400000000000002
-0.009985496,0.025400000000000002
-0.009985494000000001,0.025400000000000002
-0.009985492,0.025400000000000002
-0.00998549,0.025400000000000002
-0.009985488,0.025400000000000002
-0.009985486,0.025400000000000002
-0.009985484000000001,0.025400000000000002
-0.009985482,0.025400000000000002
-0.00998548,0.025400000000000002
-0.009985478,0.025400000000000002
-0.009985476,0.025400000000000002
-0.009985474,0.025400000000000002
-0.009985472,0.025400000000000002
-0.00998547,0.025400000000000002
-0.009985468,0.025400000000000002
-0.009985466,0.025400000000000002
-0.009985464,0.025400000000000002
-0.009985462,0.025400000000000002
-0.00998546,0.025400000000000002
-0.009985458000000001,0.025400000000000002
-0.009985456,0.025400000000000002
-0.009985454,0.025400000000000002
-0.009985452,0.025400000000000002
-0.00998545,0.025400000000000002
-0.009985448000000001,0.025400000000000002
-0.009985446,0.025400000000000002
-0.009985444,0.025400000000000002
-0.009985442,0.025400000000000002
-0.00998544,0.025400000000000002
-0.009985438000000001,0.025400000000000002
-0.009985436,0.025400000000000002
-0.009985434,0.025400000000000002
-0.009985432,0.025400000000000002
-0.00998543,0.025400000000000002
-0.009985428000000001,0.025400000000000002
-0.009985426,0.025400000000000002
-0.009985424,0.025400000000000002
-0.009985422,0.025400000000000002
-0.00998542,0.025400000000000002
-0.009985418,0.025400000000000002
-0.009985416,0.025400000000000002
-0.009985414,0.025400000000000002
-0.009985412,0.025400000000000002
-0.00998541,0.025400000000000002
-0.009985408,0.025400000000000002
-0.009985406,0.025400000000000002
-0.009985404,0.025400000000000002
-0.009985402,0.025400000000000002
-0.0099854,0.025400000000000002
-0.009985398,0.025400000000000002
-0.009985396,0.025400000000000002
-0.009985394,0.025400000000000002
-0.009985392000000001,0.025400000000000002
-0.00998539,0.025400000000000002
-0.009985388,0.025400000000000002
-0.009985386,0.025400000000000002
-0.009985384,0.025400000000000002
-0.009985382000000001,0.025400000000000002
-0.00998538,0.025400000000000002
-0.009985378,0.025400000000000002
-0.009985376,0.025400000000000002
-0.009985374,0.025400000000000002
-0.009985372000000001,0.025400000000000002
-0.00998537,0.025400000000000002
-0.009985368,0.025400000000000002
-0.009985366,0.025400000000000002
-0.009985364,0.025400000000000002
-0.009985362,0.025400000000000002
-0.00998536,0.025400000000000002
-0.009985358,0.025400000000000002
-0.009985356,0.025400000000000002
-0.009985354,0.025400000000000002
-0.009985352,0.025400000000000002
-0.00998535,0.025400000000000002
-0.009985348,0.025400000000000002
-0.009985346,0.025400000000000002
-0.009985344,0.025400000000000002
-0.009985342,0.025400000000000002
-0.00998534,0.025400000000000002
-0.009985338,0.025400000000000002
-0.009985336000000001,0.025400000000000002
-0.009985334,0.025400000000000002
-0.009985332,0.025400000000000002
-0.00998533,0.025400000000000002
-0.009985328,0.025400000000000002
-0.009985326000000001,0.025400000000000002
-0.009985324,0.025400000000000002
-0.009985322,0.025400000000000002
-0.00998532,0.025400000000000002
-0.009985318,0.025400000000000002
-0.009985316000000001,0.025400000000000002
-0.009985314,0.025400000000000002
-0.009985312,0.025400000000000002
-0.00998531,0.025400000000000002
-0.009985308,0.025400000000000002
-0.009985306,0.025400000000000002
-0.009985304,0.025400000000000002
-0.009985302,0.025400000000000002
-0.0099853,0.025400000000000002
-0.009985298,0.025400000000000002
-0.009985296,0.025400000000000002
-0.009985294,0.025400000000000002
-0.009985292,0.025400000000000002
-0.00998529,0.025400000000000002
-0.009985288,0.025400000000000002
-0.009985286,0.025400000000000002
-0.009985284,0.025400000000000002
-0.009985282,0.025400000000000002
-0.009985280000000001,0.025400000000000002
-0.009985278,0.025400000000000002
-0.009985276,0.025400000000000002
-0.009985274,0.025400000000000002
-0.009985272,0.025400000000000002
-0.009985270000000001,0.025400000000000002
-0.009985268,0.025400000000000002
-0.009985266,0.025400000000000002
-0.009985264,0.025400000000000002
-0.009985262,0.025400000000000002
-0.009985260000000001,0.025400000000000002
-0.009985258,0.025400000000000002
-0.009985256,0.025400000000000002
-0.009985254,0.025400000000000002
-0.009985252,0.025400000000000002
-0.009985250000000001,0.025400000000000002
-0.009985248,0.025400000000000002
-0.009985246,0.025400000000000002
-0.009985244,0.025400000000000002
-0.009985242,0.025400000000000002
-0.00998524,0.025400000000000002
-0.009985238,0.025400000000000002
-0.009985236,0.025400000000000002
-0.009985234,0.025400000000000002
-0.009985232,0.025400000000000002
-0.00998523,0.025400000000000002
-0.009985228,0.025400000000000002
-0.009985226,0.025400000000000002
-0.009985224000000001,0.025400000000000002
-0.009985222,0.025400000000000002
-0.00998522,0.025400000000000002
-0.009985218,0.025400000000000002
-0.009985216,0.025400000000000002
-0.009985214000000001,0.025400000000000002
-0.009985212,0.025400000000000002
-0.00998521,0.025400000000000002
-0.009985208,0.025400000000000002
-0.009985206,0.025400000000000002
-0.009985204000000001,0.025400000000000002
-0.009985202,0.025400000000000002
-0.0099852,0.025400000000000002
-0.009985198,0.025400000000000002
-0.009985196,0.025400000000000002
-0.009985194000000001,0.025400000000000002
-0.009985192,0.025400000000000002
-0.00998519,0.025400000000000002
-0.009985188,0.025400000000000002
-0.009985186,0.025400000000000002
-0.009985184,0.025400000000000002
-0.009985182,0.025400000000000002
-0.00998518,0.025400000000000002
-0.009985178,0.025400000000000002
-0.009985176,0.025400000000000002
-0.009985174,0.025400000000000002
-0.009985172,0.025400000000000002
-0.00998517,0.025400000000000002
-0.009985168,0.025400000000000002
-0.009985166,0.025400000000000002
-0.009985164,0.025400000000000002
-0.009985162,0.025400000000000002
-0.00998516,0.025400000000000002
-0.009985158000000001,0.025400000000000002
-0.009985156,0.025400000000000002
-0.009985154,0.025400000000000002
-0.009985152,0.025400000000000002
-0.00998515,0.025400000000000002
-0.009985148000000001,0.025400000000000002
-0.009985146,0.025400000000000002
-0.009985144,0.025400000000000002
-0.009985142,0.025400000000000002
-0.00998514,0.025400000000000002
-0.009985138000000001,0.025400000000000002
-0.009985136,0.025400000000000002
-0.009985134,0.025400000000000002
-0.009985132,0.025400000000000002
-0.00998513,0.025400000000000002
-0.009985128,0.025400000000000002
-0.009985126,0.025400000000000002
-0.009985124,0.025400000000000002
-0.009985122,0.025400000000000002
-0.00998512,0.025400000000000002
-0.009985118,0.025400000000000002
-0.009985116,0.025400000000000002
-0.009985114,0.025400000000000002
-0.009985112,0.025400000000000002
-0.00998511,0.025400000000000002
-0.009985108,0.025400000000000002
-0.009985106,0.025400000000000002
-0.009985104,0.025400000000000002
-0.009985102000000001,0.025400000000000002
-0.0099851,0.025400000000000002
-0.009985098,0.025400000000000002
-0.009985096,0.025400000000000002
-0.009985094,0.025400000000000002
-0.009985092000000001,0.025400000000000002
-0.00998509,0.025400000000000002
-0.009985088,0.025400000000000002
-0.009985086,0.025400000000000002
-0.009985084,0.025400000000000002
-0.009985082000000001,0.025400000000000002
-0.00998508,0.025400000000000002
-0.009985078,0.025400000000000002
-0.009985076,0.025400000000000002
-0.009985074,0.025400000000000002
-0.009985072,0.025400000000000002
-0.00998507,0.025400000000000002
-0.009985068,0.025400000000000002
-0.009985066,0.025400000000000002
-0.009985064,0.025400000000000002
-0.009985062,0.025400000000000002
-0.00998506,0.025400000000000002
-0.009985058,0.025400000000000002
-0.009985056,0.025400000000000002
-0.009985054,0.025400000000000002
-0.009985052,0.025400000000000002
-0.00998505,0.025400000000000002
-0.009985048,0.025400000000000002
-0.009985046000000001,0.025400000000000002
-0.009985044,0.025400000000000002
-0.009985042,0.025400000000000002
-0.00998504,0.025400000000000002
-0.009985038,0.025400000000000002
-0.009985036000000001,0.025400000000000002
-0.009985034,0.025400000000000002
-0.009985032,0.025400000000000002
-0.00998503,0.025400000000000002
-0.009985028,0.025400000000000002
-0.009985026000000001,0.025400000000000002
-0.009985024,0.025400000000000002
-0.009985022,0.025400000000000002
-0.00998502,0.025400000000000002
-0.009985018,0.025400000000000002
-0.009985016000000001,0.025400000000000002
-0.009985014,0.025400000000000002
-0.009985012,0.025400000000000002
-0.00998501,0.025400000000000002
-0.009985008,0.025400000000000002
-0.009985006,0.025400000000000002
-0.009985004,0.025400000000000002
-0.009985002,0.025400000000000002
-0.009985,0.025400000000000002
-0.009984998,0.025400000000000002
-0.009984996,0.025400000000000002
-0.009984994,0.025400000000000002
-0.009984992,0.025400000000000002
-0.009984990000000001,0.025400000000000002
-0.009984988,0.025400000000000002
-0.009984986,0.025400000000000002
-0.009984984,0.025400000000000002
-0.009984982,0.025400000000000002
-0.009984980000000001,0.025400000000000002
-0.009984978,0.025400000000000002
-0.009984976,0.025400000000000002
-0.009984974,0.025400000000000002
-0.009984972,0.025400000000000002
-0.009984970000000001,0.025400000000000002
-0.009984968,0.025400000000000002
-0.009984966,0.025400000000000002
-0.009984964,0.025400000000000002
-0.009984962,0.025400000000000002
-0.009984960000000001,0.025400000000000002
-0.009984958,0.025400000000000002
-0.009984956,0.025400000000000002
-0.009984954,0.025400000000000002
-0.009984952,0.025400000000000002
-0.00998495,0.025400000000000002
-0.009984948,0.025400000000000002
-0.009984946,0.025400000000000002
-0.009984944,0.025400000000000002
-0.009984942,0.025400000000000002
-0.00998494,0.025400000000000002
-0.009984938,0.025400000000000002
-0.009984936,0.025400000000000002
-0.009984934,0.025400000000000002
-0.009984932,0.025400000000000002
-0.00998493,0.025400000000000002
-0.009984928,0.025400000000000002
-0.009984926,0.025400000000000002
-0.009984924000000001,0.025400000000000002
-0.009984922,0.025400000000000002
-0.00998492,0.025400000000000002
-0.009984918,0.025400000000000002
-0.009984916,0.025400000000000002
-0.009984914000000001,0.025400000000000002
-0.009984912,0.025400000000000002
-0.00998491,0.025400000000000002
-0.009984908,0.025400000000000002
-0.009984906,0.025400000000000002
-0.009984904000000001,0.025400000000000002
-0.009984902,0.025400000000000002
-0.0099849,0.025400000000000002
-0.009984898,0.025400000000000002
-0.009984896,0.025400000000000002
-0.009984894,0.025400000000000002
-0.009984892,0.025400000000000002
-0.00998489,0.025400000000000002
-0.009984888,0.025400000000000002
-0.009984886,0.025400000000000002
-0.009984884,0.025400000000000002
-0.009984882,0.025400000000000002
-0.00998488,0.025400000000000002
-0.009984878,0.025400000000000002
-0.009984876,0.025400000000000002
-0.009984874,0.025400000000000002
-0.009984872,0.025400000000000002
-0.00998487,0.025400000000000002
-0.009984868000000001,0.025400000000000002
-0.009984866,0.025400000000000002
-0.009984864,0.025400000000000002
-0.009984862,0.025400000000000002
-0.00998486,0.025400000000000002
-0.009984858000000001,0.025400000000000002
-0.009984856,0.025400000000000002
-0.009984854,0.025400000000000002
-0.009984852,0.025400000000000002
-0.00998485,0.025400000000000002
-0.009984848000000001,0.025400000000000002
-0.009984846,0.025400000000000002
-0.009984844,0.025400000000000002
-0.009984842,0.025400000000000002
-0.00998484,0.025400000000000002
-0.009984838,0.025400000000000002
-0.009984836,0.025400000000000002
-0.009984834,0.025400000000000002
-0.009984832,0.025400000000000002
-0.00998483,0.025400000000000002
-0.009984828,0.025400000000000002
-0.009984826,0.025400000000000002
-0.009984824,0.025400000000000002
-0.009984822,0.025400000000000002
-0.00998482,0.025400000000000002
-0.009984818,0.025400000000000002
-0.009984816,0.025400000000000002
-0.009984814,0.025400000000000002
-0.009984812000000001,0.025400000000000002
-0.00998481,0.025400000000000002
-0.009984808,0.025400000000000002
-0.009984806,0.025400000000000002
-0.009984804,0.025400000000000002
-0.009984802000000001,0.025400000000000002
-0.0099848,0.025400000000000002
-0.009984798,0.025400000000000002
-0.009984796,0.025400000000000002
-0.009984794,0.025400000000000002
-0.009984792000000001,0.025400000000000002
-0.00998479,0.025400000000000002
-0.009984788,0.025400000000000002
-0.009984786,0.025400000000000002
-0.009984784,0.025400000000000002
-0.009984782000000001,0.025400000000000002
-0.00998478,0.025400000000000002
-0.009984778,0.025400000000000002
-0.009984776,0.025400000000000002
-0.009984774,0.025400000000000002
-0.009984772,0.025400000000000002
-0.00998477,0.025400000000000002
-0.009984768,0.025400000000000002
-0.009984766,0.025400000000000002
-0.009984764,0.025400000000000002
-0.009984762,0.025400000000000002
-0.00998476,0.025400000000000002
-0.009984758,0.025400000000000002
-0.009984756000000001,0.025400000000000002
-0.009984754,0.025400000000000002
-0.009984752,0.025400000000000002
-0.00998475,0.025400000000000002
-0.009984748,0.025400000000000002
-0.009984746000000001,0.025400000000000002
-0.009984744,0.025400000000000002
-0.009984742,0.025400000000000002
-0.00998474,0.025400000000000002
-0.009984738,0.025400000000000002
-0.009984736000000001,0.025400000000000002
-0.009984734,0.025400000000000002
-0.009984732,0.025400000000000002
-0.00998473,0.025400000000000002
-0.009984728,0.025400000000000002
-0.009984726000000001,0.025400000000000002
-0.009984724,0.025400000000000002
-0.009984722,0.025400000000000002
-0.00998472,0.025400000000000002
-0.009984718,0.025400000000000002
-0.009984716,0.025400000000000002
-0.009984714,0.025400000000000002
-0.009984712,0.025400000000000002
-0.00998471,0.025400000000000002
-0.009984708,0.025400000000000002
-0.009984706,0.025400000000000002
-0.009984704,0.025400000000000002
-0.009984702,0.025400000000000002
-0.0099847,0.025400000000000002
-0.009984698,0.025400000000000002
-0.009984696,0.025400000000000002
-0.009984694,0.025400000000000002
-0.009984692,0.025400000000000002
-0.009984690000000001,0.025400000000000002
-0.009984688,0.025400000000000002
-0.009984686,0.025400000000000002
-0.009984684,0.025400000000000002
-0.009984682,0.025400000000000002
-0.009984680000000001,0.025400000000000002
-0.009984678,0.025400000000000002
-0.009984676,0.025400000000000002
-0.009984674,0.025400000000000002
-0.009984672,0.025400000000000002
-0.009984670000000001,0.025400000000000002
-0.009984668,0.025400000000000002
-0.009984666,0.025400000000000002
-0.009984664,0.025400000000000002
-0.009984662,0.025400000000000002
-0.00998466,0.025400000000000002
-0.009984658,0.025400000000000002
-0.009984656,0.025400000000000002
-0.009984654,0.025400000000000002
-0.009984652,0.025400000000000002
-0.00998465,0.025400000000000002
-0.009984648,0.025400000000000002
-0.009984646,0.025400000000000002
-0.009984644,0.025400000000000002
-0.009984642,0.025400000000000002
-0.00998464,0.025400000000000002
-0.009984638,0.025400000000000002
-0.009984636,0.025400000000000002
-0.009984634000000001,0.025400000000000002
-0.009984632,0.025400000000000002
-0.00998463,0.025400000000000002
-0.009984628,0.025400000000000002
-0.009984626,0.025400000000000002
-0.009984624000000001,0.025400000000000002
-0.009984622,0.025400000000000002
-0.00998462,0.025400000000000002
-0.009984618,0.025400000000000002
-0.009984616,0.025400000000000002
-0.009984614000000001,0.025400000000000002
-0.009984612,0.025400000000000002
-0.00998461,0.025400000000000002
-0.009984608,0.025400000000000002
-0.009984606,0.025400000000000002
-0.009984604,0.025400000000000002
-0.009984602,0.025400000000000002
-0.0099846,0.025400000000000002
-0.009984598,0.025400000000000002
-0.009984596,0.025400000000000002
-0.009984594,0.025400000000000002
-0.009984592,0.025400000000000002
-0.00998459,0.025400000000000002
-0.009984588,0.025400000000000002
-0.009984586,0.025400000000000002
-0.009984584,0.025400000000000002
-0.009984582,0.025400000000000002
-0.00998458,0.025400000000000002
-0.009984578000000001,0.025400000000000002
-0.009984576,0.025400000000000002
-0.009984574,0.025400000000000002
-0.009984572,0.025400000000000002
-0.00998457,0.025400000000000002
-0.009984568000000001,0.025400000000000002
-0.009984566,0.025400000000000002
-0.009984564,0.025400000000000002
-0.009984562,0.025400000000000002
-0.00998456,0.025400000000000002
-0.009984558000000001,0.025400000000000002
-0.009984556,0.025400000000000002
-0.009984554,0.025400000000000002
-0.009984552,0.025400000000000002
-0.00998455,0.025400000000000002
-0.009984548,0.025400000000000002
-0.009984546,0.025400000000000002
-0.009984544,0.025400000000000002
-0.009984542,0.025400000000000002
-0.00998454,0.025400000000000002
-0.009984538,0.025400000000000002
-0.009984536,0.025400000000000002
-0.009984534,0.025400000000000002
-0.009984532,0.025400000000000002
-0.00998453,0.025400000000000002
-0.009984528,0.025400000000000002
-0.009984526,0.025400000000000002
-0.009984524,0.025400000000000002
-0.009984522000000001,0.025400000000000002
-0.00998452,0.025400000000000002
-0.009984518,0.025400000000000002
-0.009984516,0.025400000000000002
-0.009984514,0.025400000000000002
-0.009984512000000001,0.025400000000000002
-0.00998451,0.025400000000000002
-0.009984508,0.025400000000000002
-0.009984506,0.025400000000000002
-0.009984504,0.025400000000000002
-0.009984502000000001,0.025400000000000002
-0.0099845,0.025400000000000002
-0.009984498,0.025400000000000002
-0.009984496,0.025400000000000002
-0.009984494,0.025400000000000002
-0.009984492000000001,0.025400000000000002
-0.00998449,0.025400000000000002
-0.009984488,0.025400000000000002
-0.009984486,0.025400000000000002
-0.009984484,0.025400000000000002
-0.009984482,0.025400000000000002
-0.00998448,0.025400000000000002
-0.009984478,0.025400000000000002
-0.009984476,0.025400000000000002
-0.009984474,0.025400000000000002
-0.009984472,0.025400000000000002
-0.00998447,0.025400000000000002
-0.009984468,0.025400000000000002
-0.009984466000000001,0.025400000000000002
-0.009984464,0.025400000000000002
-0.009984462,0.025400000000000002
-0.00998446,0.025400000000000002
-0.009984458,0.025400000000000002
-0.009984456000000001,0.025400000000000002
-0.009984454,0.025400000000000002
-0.009984452,0.025400000000000002
-0.00998445,0.025400000000000002
-0.009984448,0.025400000000000002
-0.009984446000000001,0.025400000000000002
-0.009984444,0.025400000000000002
-0.009984442,0.025400000000000002
-0.00998444,0.025400000000000002
-0.009984438,0.025400000000000002
-0.009984436000000001,0.025400000000000002
-0.009984434,0.025400000000000002
-0.009984432,0.025400000000000002
-0.00998443,0.025400000000000002
-0.009984428,0.025400000000000002
-0.009984426,0.025400000000000002
-0.009984424,0.025400000000000002
-0.009984422,0.025400000000000002
-0.00998442,0.025400000000000002
-0.009984418,0.025400000000000002
-0.009984416,0.025400000000000002
-0.009984414,0.025400000000000002
-0.009984412,0.025400000000000002
-0.00998441,0.025400000000000002
-0.009984408,0.025400000000000002
-0.009984406,0.025400000000000002
-0.009984404,0.025400000000000002
-0.009984402,0.025400000000000002
-0.009984400000000001,0.025400000000000002
-0.009984398,0.025400000000000002
-0.009984396,0.025400000000000002
-0.009984394,0.025400000000000002
-0.009984392,0.025400000000000002
-0.009984390000000001,0.025400000000000002
-0.009984388,0.025400000000000002
-0.009984386,0.025400000000000002
-0.009984384,0.025400000000000002
-0.009984382,0.025400000000000002
-0.009984380000000001,0.025400000000000002
-0.009984378,0.025400000000000002
-0.009984376,0.025400000000000002
-0.009984374,0.025400000000000002
-0.009984372,0.025400000000000002
-0.00998437,0.025400000000000002
-0.009984368,0.025400000000000002
-0.009984366,0.025400000000000002
-0.009984364,0.025400000000000002
-0.009984362,0.025400000000000002
-0.00998436,0.025400000000000002
-0.009984358,0.025400000000000002
-0.009984356,0.025400000000000002
-0.009984354,0.025400000000000002
-0.009984352,0.025400000000000002
-0.00998435,0.025400000000000002
-0.009984348,0.025400000000000002
-0.009984346,0.025400000000000002
-0.009984344000000001,0.025400000000000002
-0.009984342,0.025400000000000002
-0.00998434,0.025400000000000002
-0.009984338,0.025400000000000002
-0.009984336,0.025400000000000002
-0.009984334000000001,0.025400000000000002
-0.009984332,0.025400000000000002
-0.00998433,0.025400000000000002
-0.009984328,0.025400000000000002
-0.009984326,0.025400000000000002
-0.009984324000000001,0.025400000000000002
-0.009984322,0.025400000000000002
-0.00998432,0.025400000000000002
-0.009984318,0.025400000000000002
-0.009984316,0.025400000000000002
-0.009984314,0.025400000000000002
-0.009984312,0.025400000000000002
-0.00998431,0.025400000000000002
-0.009984308,0.025400000000000002
-0.009984306,0.025400000000000002
-0.009984304,0.025400000000000002
-0.009984302,0.025400000000000002
-0.0099843,0.025400000000000002
-0.009984298,0.025400000000000002
-0.009984296,0.025400000000000002
-0.009984294,0.025400000000000002
-0.009984292,0.025400000000000002
-0.00998429,0.025400000000000002
-0.009984288000000001,0.025400000000000002
-0.009984286,0.025400000000000002
-0.009984284,0.025400000000000002
-0.009984282,0.025400000000000002
-0.00998428,0.025400000000000002
-0.009984278000000001,0.025400000000000002
-0.009984276,0.025400000000000002
-0.009984274,0.025400000000000002
-0.009984272,0.025400000000000002
-0.00998427,0.025400000000000002
-0.009984268000000001,0.025400000000000002
-0.009984266,0.025400000000000002
-0.009984264,0.025400000000000002
-0.009984262,0.025400000000000002
-0.00998426,0.025400000000000002
-0.009984258000000001,0.025400000000000002
-0.009984256,0.025400000000000002
-0.009984254,0.025400000000000002
-0.009984252,0.025400000000000002
-0.00998425,0.025400000000000002
-0.009984248,0.025400000000000002
-0.009984246,0.025400000000000002
-0.009984244,0.025400000000000002
-0.009984242,0.025400000000000002
-0.00998424,0.025400000000000002
-0.009984238,0.025400000000000002
-0.009984236,0.025400000000000002
-0.009984234,0.025400000000000002
-0.009984232000000001,0.025400000000000002
-0.00998423,0.025400000000000002
-0.009984228,0.025400000000000002
-0.009984226,0.025400000000000002
-0.009984224,0.025400000000000002
-0.009984222000000001,0.025400000000000002
-0.00998422,0.025400000000000002
-0.009984218,0.025400000000000002
-0.009984216,0.025400000000000002
-0.009984214,0.025400000000000002
-0.009984212000000001,0.025400000000000002
-0.00998421,0.025400000000000002
-0.009984208,0.025400000000000002
-0.009984206,0.025400000000000002
-0.009984204,0.025400000000000002
-0.009984202000000001,0.025400000000000002
-0.0099842,0.025400000000000002
-0.009984198,0.025400000000000002
-0.009984196,0.025400000000000002
-0.009984194,0.025400000000000002
-0.009984192,0.025400000000000002
-0.00998419,0.025400000000000002
-0.009984188,0.025400000000000002
-0.009984186,0.025400000000000002
-0.009984184,0.025400000000000002
-0.009984182,0.025400000000000002
-0.00998418,0.025400000000000002
-0.009984178,0.025400000000000002
-0.009984176,0.025400000000000002
-0.009984174,0.025400000000000002
-0.009984172,0.025400000000000002
-0.00998417,0.025400000000000002
-0.009984168,0.025400000000000002
-0.009984166000000001,0.025400000000000002
-0.009984164,0.025400000000000002
-0.009984162,0.025400000000000002
-0.00998416,0.025400000000000002
-0.009984158,0.025400000000000002
-0.009984156000000001,0.025400000000000002
-0.009984154,0.025400000000000002
-0.009984152,0.025400000000000002
-0.00998415,0.025400000000000002
-0.009984148,0.025400000000000002
-0.009984146000000001,0.025400000000000002
-0.009984144,0.025400000000000002
-0.009984142,0.025400000000000002
-0.00998414,0.025400000000000002
-0.009984138,0.025400000000000002
-0.009984136,0.025400000000000002
-0.009984134,0.025400000000000002
-0.009984132,0.025400000000000002
-0.00998413,0.025400000000000002
-0.009984128,0.025400000000000002
-0.009984126,0.025400000000000002
-0.009984124,0.025400000000000002
-0.009984122,0.025400000000000002
-0.00998412,0.025400000000000002
-0.009984118,0.025400000000000002
-0.009984116,0.025400000000000002
-0.009984114,0.025400000000000002
-0.009984112,0.025400000000000002
-0.009984110000000001,0.025400000000000002
-0.009984108,0.025400000000000002
-0.009984106,0.025400000000000002
-0.009984104,0.025400000000000002
-0.009984102,0.025400000000000002
-0.009984100000000001,0.025400000000000002
-0.009984098,0.025400000000000002
-0.009984096,0.025400000000000002
-0.009984094,0.025400000000000002
-0.009984092,0.025400000000000002
-0.009984090000000001,0.025400000000000002
-0.009984088,0.025400000000000002
-0.009984086,0.025400000000000002
-0.009984084,0.025400000000000002
-0.009984082,0.025400000000000002
-0.00998408,0.025400000000000002
-0.009984078,0.025400000000000002
-0.009984076,0.025400000000000002
-0.009984074,0.025400000000000002
-0.009984072,0.025400000000000002
-0.00998407,0.025400000000000002
-0.009984068,0.025400000000000002
-0.009984066,0.025400000000000002
-0.009984064,0.025400000000000002
-0.009984062,0.025400000000000002
-0.00998406,0.025400000000000002
-0.009984058,0.025400000000000002
-0.009984056,0.025400000000000002
-0.009984054000000001,0.025400000000000002
-0.009984052,0.025400000000000002
-0.00998405,0.025400000000000002
-0.009984048,0.025400000000000002
-0.009984046,0.025400000000000002
-0.009984044000000001,0.025400000000000002
-0.009984042,0.025400000000000002
-0.00998404,0.025400000000000002
-0.009984038,0.025400000000000002
-0.009984036,0.025400000000000002
-0.009984034000000001,0.025400000000000002
-0.009984032,0.025400000000000002
-0.00998403,0.025400000000000002
-0.009984028,0.025400000000000002
-0.009984026,0.025400000000000002
-0.009984024000000001,0.025400000000000002
-0.009984022,0.025400000000000002
-0.00998402,0.025400000000000002
-0.009984018,0.025400000000000002
-0.009984016,0.025400000000000002
-0.009984014,0.025400000000000002
-0.009984012,0.025400000000000002
-0.00998401,0.025400000000000002
-0.009984008,0.025400000000000002
-0.009984006,0.025400000000000002
-0.009984004,0.025400000000000002
-0.009984002,0.025400000000000002
-0.009984,0.025400000000000002
-0.009983998000000001,0.025400000000000002
-0.009983996,0.025400000000000002
-0.009983994,0.025400000000000002
-0.009983992,0.025400000000000002
-0.00998399,0.025400000000000002
-0.009983988000000001,0.025400000000000002
-0.009983986,0.025400000000000002
-0.009983984,0.025400000000000002
-0.009983982,0.025400000000000002
-0.00998398,0.025400000000000002
-0.009983978000000001,0.025400000000000002
-0.009983976,0.025400000000000002
-0.009983974,0.025400000000000002
-0.009983972,0.025400000000000002
-0.00998397,0.025400000000000002
-0.009983968000000001,0.025400000000000002
-0.009983966,0.025400000000000002
-0.009983964,0.025400000000000002
-0.009983962,0.025400000000000002
-0.00998396,0.025400000000000002
-0.009983958,0.025400000000000002
-0.009983956,0.025400000000000002
-0.009983954,0.025400000000000002
-0.009983952,0.025400000000000002
-0.00998395,0.025400000000000002
-0.009983948,0.025400000000000002
-0.009983946,0.025400000000000002
-0.009983944,0.025400000000000002
-0.009983942,0.025400000000000002
-0.00998394,0.025400000000000002
-0.009983938,0.025400000000000002
-0.009983936,0.025400000000000002
-0.009983934,0.025400000000000002
-0.009983932000000001,0.025400000000000002
-0.00998393,0.025400000000000002
-0.009983928,0.025400000000000002
-0.009983926,0.025400000000000002
-0.009983924,0.025400000000000002
-0.009983922000000001,0.025400000000000002
-0.00998392,0.025400000000000002
-0.009983918,0.025400000000000002
-0.009983916,0.025400000000000002
-0.009983914,0.025400000000000002
-0.009983912000000001,0.025400000000000002
-0.00998391,0.025400000000000002
-0.009983908,0.025400000000000002
-0.009983906,0.025400000000000002
-0.009983904,0.025400000000000002
-0.009983902,0.025400000000000002
-0.0099839,0.025400000000000002
-0.009983898,0.025400000000000002
-0.009983896,0.025400000000000002
-0.009983894,0.025400000000000002
-0.009983892,0.025400000000000002
-0.00998389,0.025400000000000002
-0.009983888,0.025400000000000002
-0.009983886,0.025400000000000002
-0.009983884,0.025400000000000002
-0.009983882,0.025400000000000002
-0.00998388,0.025400000000000002
-0.009983878,0.025400000000000002
-0.009983876000000001,0.025400000000000002
-0.009983874,0.025400000000000002
-0.009983872,0.025400000000000002
-0.00998387,0.025400000000000002
-0.009983868,0.025400000000000002
-0.009983866000000001,0.025400000000000002
-0.009983864,0.025400000000000002
-0.009983862,0.025400000000000002
-0.00998386,0.025400000000000002
-0.009983858,0.025400000000000002
-0.009983856000000001,0.025400000000000002
-0.009983854,0.025400000000000002
-0.009983852,0.025400000000000002
-0.00998385,0.025400000000000002
-0.009983848,0.025400000000000002
-0.009983846,0.025400000000000002
-0.009983844,0.025400000000000002
-0.009983842,0.025400000000000002
-0.00998384,0.025400000000000002
-0.009983838,0.025400000000000002
-0.009983836,0.025400000000000002
-0.009983834,0.025400000000000002
-0.009983832,0.025400000000000002
-0.00998383,0.025400000000000002
-0.009983828,0.025400000000000002
-0.009983826,0.025400000000000002
-0.009983824,0.025400000000000002
-0.009983822,0.025400000000000002
-0.009983820000000001,0.025400000000000002
-0.009983818,0.025400000000000002
-0.009983816,0.025400000000000002
-0.009983814,0.025400000000000002
-0.009983812,0.025400000000000002
-0.009983810000000001,0.025400000000000002
-0.009983808,0.025400000000000002
-0.009983806,0.025400000000000002
-0.009983804,0.025400000000000002
-0.009983802,0.025400000000000002
-0.009983800000000001,0.025400000000000002
-0.009983798,0.025400000000000002
-0.009983796,0.025400000000000002
-0.009983794,0.025400000000000002
-0.009983792,0.025400000000000002
-0.009983790000000001,0.025400000000000002
-0.009983788,0.025400000000000002
-0.009983786,0.025400000000000002
-0.009983784,0.025400000000000002
-0.009983782,0.025400000000000002
-0.00998378,0.025400000000000002
-0.009983778,0.025400000000000002
-0.009983776,0.025400000000000002
-0.009983774,0.025400000000000002
-0.009983772,0.025400000000000002
-0.00998377,0.025400000000000002
-0.009983768,0.025400000000000002
-0.009983766,0.025400000000000002
-0.009983764000000001,0.025400000000000002
-0.009983762,0.025400000000000002
-0.00998376,0.025400000000000002
-0.009983758,0.025400000000000002
-0.009983756,0.025400000000000002
-0.009983754000000001,0.025400000000000002
-0.009983752,0.025400000000000002
-0.00998375,0.025400000000000002
-0.009983748,0.025400000000000002
-0.009983746,0.025400000000000002
-0.009983744000000001,0.025400000000000002
-0.009983742,0.025400000000000002
-0.00998374,0.025400000000000002
-0.009983738,0.025400000000000002
-0.009983736,0.025400000000000002
-0.009983734000000001,0.025400000000000002
-0.009983732,0.025400000000000002
-0.00998373,0.025400000000000002
-0.009983728,0.025400000000000002
-0.009983726,0.025400000000000002
-0.009983724,0.025400000000000002
-0.009983722,0.025400000000000002
-0.00998372,0.025400000000000002
-0.009983718,0.025400000000000002
-0.009983716,0.025400000000000002
-0.009983714,0.025400000000000002
-0.009983712,0.025400000000000002
-0.00998371,0.025400000000000002
-0.009983708,0.025400000000000002
-0.009983706,0.025400000000000002
-0.009983704,0.025400000000000002
-0.009983702,0.025400000000000002
-0.0099837,0.025400000000000002
-0.009983698000000001,0.025400000000000002
-0.009983696,0.025400000000000002
-0.009983694,0.025400000000000002
-0.009983692,0.025400000000000002
-0.00998369,0.025400000000000002
-0.009983688000000001,0.025400000000000002
-0.009983686,0.025400000000000002
-0.009983684,0.025400000000000002
-0.009983682,0.025400000000000002
-0.00998368,0.025400000000000002
-0.009983678000000001,0.025400000000000002
-0.009983676,0.025400000000000002
-0.009983674,0.025400000000000002
-0.009983672,0.025400000000000002
-0.00998367,0.025400000000000002
-0.009983668,0.025400000000000002
-0.009983666,0.025400000000000002
-0.009983664,0.025400000000000002
-0.009983662,0.025400000000000002
-0.00998366,0.025400000000000002
-0.009983658,0.025400000000000002
-0.009983656,0.025400000000000002
-0.009983654,0.025400000000000002
-0.009983652,0.025400000000000002
-0.00998365,0.025400000000000002
-0.009983648,0.025400000000000002
-0.009983646,0.025400000000000002
-0.009983644,0.025400000000000002
-0.009983642000000001,0.025400000000000002
-0.00998364,0.025400000000000002
-0.009983638,0.025400000000000002
-0.009983636,0.025400000000000002
-0.009983634,0.025400000000000002
-0.009983632000000001,0.025400000000000002
-0.00998363,0.025400000000000002
-0.009983628,0.025400000000000002
-0.009983626,0.025400000000000002
-0.009983624,0.025400000000000002
-0.009983622000000001,0.025400000000000002
-0.00998362,0.025400000000000002
-0.009983618,0.025400000000000002
-0.009983616,0.025400000000000002
-0.009983614,0.025400000000000002
-0.009983612,0.025400000000000002
-0.00998361,0.025400000000000002
-0.009983608,0.025400000000000002
-0.009983606,0.025400000000000002
-0.009983604,0.025400000000000002
-0.009983602,0.025400000000000002
-0.0099836,0.025400000000000002
-0.009983598,0.025400000000000002
-0.009983596,0.025400000000000002
-0.009983594,0.025400000000000002
-0.009983592,0.025400000000000002
-0.00998359,0.025400000000000002
-0.009983588,0.025400000000000002
-0.009983586000000001,0.025400000000000002
-0.009983584,0.025400000000000002
-0.009983582,0.025400000000000002
-0.00998358,0.025400000000000002
-0.009983578,0.025400000000000002
-0.009983576000000001,0.025400000000000002
-0.009983574,0.025400000000000002
-0.009983572,0.025400000000000002
-0.00998357,0.025400000000000002
-0.009983568,0.025400000000000002
-0.009983566000000001,0.025400000000000002
-0.009983564,0.025400000000000002
-0.009983562,0.025400000000000002
-0.00998356,0.025400000000000002
-0.009983558,0.025400000000000002
-0.009983556000000001,0.025400000000000002
-0.009983554,0.025400000000000002
-0.009983552,0.025400000000000002
-0.00998355,0.025400000000000002
-0.009983548,0.025400000000000002
-0.009983546,0.025400000000000002
-0.009983544,0.025400000000000002
-0.009983542,0.025400000000000002
-0.00998354,0.025400000000000002
-0.009983538,0.025400000000000002
-0.009983536,0.025400000000000002
-0.009983534,0.025400000000000002
-0.009983532,0.025400000000000002
-0.009983530000000001,0.025400000000000002
-0.009983528,0.025400000000000002
-0.009983526,0.025400000000000002
-0.009983524,0.025400000000000002
-0.009983522,0.025400000000000002
-0.009983520000000001,0.025400000000000002
-0.009983518,0.025400000000000002
-0.009983516,0.025400000000000002
-0.009983514,0.025400000000000002
-0.009983512,0.025400000000000002
-0.009983510000000001,0.025400000000000002
-0.009983508,0.025400000000000002
-0.009983506,0.025400000000000002
-0.009983504,0.025400000000000002
-0.009983502,0.025400000000000002
-0.009983500000000001,0.025400000000000002
-0.009983498,0.025400000000000002
-0.009983496,0.025400000000000002
-0.009983494,0.025400000000000002
-0.009983492,0.025400000000000002
-0.00998349,0.025400000000000002
-0.009983488,0.025400000000000002
-0.009983486,0.025400000000000002
-0.009983484,0.025400000000000002
-0.009983482,0.025400000000000002
-0.00998348,0.025400000000000002
-0.009983478,0.025400000000000002
-0.009983476,0.025400000000000002
-0.009983474,0.025400000000000002
-0.009983472,0.025400000000000002
-0.00998347,0.025400000000000002
-0.009983468,0.025400000000000002
-0.009983466,0.025400000000000002
-0.009983464000000001,0.025400000000000002
-0.009983462,0.025400000000000002
-0.00998346,0.025400000000000002
-0.009983458,0.025400000000000002
-0.009983456,0.025400000000000002
-0.009983454000000001,0.025400000000000002
-0.009983452,0.025400000000000002
-0.00998345,0.025400000000000002
-0.009983448,0.025400000000000002
-0.009983446,0.025400000000000002
-0.009983444000000001,0.025400000000000002
-0.009983442,0.025400000000000002
-0.00998344,0.025400000000000002
-0.009983438,0.025400000000000002
-0.009983436,0.025400000000000002
-0.009983434,0.025400000000000002
-0.009983432,0.025400000000000002
-0.00998343,0.025400000000000002
-0.009983428,0.025400000000000002
-0.009983426,0.025400000000000002
-0.009983424,0.025400000000000002
-0.009983422,0.025400000000000002
-0.00998342,0.025400000000000002
-0.009983418,0.025400000000000002
-0.009983416,0.025400000000000002
-0.009983414,0.025400000000000002
-0.009983412,0.025400000000000002
-0.00998341,0.025400000000000002
-0.009983408000000001,0.025400000000000002
-0.009983406,0.025400000000000002
-0.009983404,0.025400000000000002
-0.009983402,0.025400000000000002
-0.0099834,0.025400000000000002
-0.009983398000000001,0.025400000000000002
-0.009983396,0.025400000000000002
-0.009983394,0.025400000000000002
-0.009983392,0.025400000000000002
-0.00998339,0.025400000000000002
-0.009983388000000001,0.025400000000000002
-0.009983386,0.025400000000000002
-0.009983384,0.025400000000000002
-0.009983382,0.025400000000000002
-0.00998338,0.025400000000000002
-0.009983378,0.025400000000000002
-0.009983376,0.025400000000000002
-0.009983374,0.025400000000000002
-0.009983372,0.025400000000000002
-0.00998337,0.025400000000000002
-0.009983368,0.025400000000000002
-0.009983366,0.025400000000000002
-0.009983364,0.025400000000000002
-0.009983362,0.025400000000000002
-0.00998336,0.025400000000000002
-0.009983358,0.025400000000000002
-0.009983356,0.025400000000000002
-0.009983354,0.025400000000000002
-0.009983352000000001,0.025400000000000002
-0.00998335,0.025400000000000002
-0.009983348,0.025400000000000002
-0.009983346,0.025400000000000002
-0.009983344,0.025400000000000002
-0.009983342000000001,0.025400000000000002
-0.00998334,0.025400000000000002
-0.009983338,0.025400000000000002
-0.009983336,0.025400000000000002
-0.009983334,0.025400000000000002
-0.009983332000000001,0.025400000000000002
-0.00998333,0.025400000000000002
-0.009983328,0.025400000000000002
-0.009983326,0.025400000000000002
-0.009983324,0.025400000000000002
-0.009983322000000001,0.025400000000000002
-0.00998332,0.025400000000000002
-0.009983318,0.025400000000000002
-0.009983316,0.025400000000000002
-0.009983314,0.025400000000000002
-0.009983312,0.025400000000000002
-0.00998331,0.025400000000000002
-0.009983308,0.025400000000000002
-0.009983306,0.025400000000000002
-0.009983304,0.025400000000000002
-0.009983302,0.025400000000000002
-0.0099833,0.025400000000000002
-0.009983298,0.025400000000000002
-0.009983296000000001,0.025400000000000002
-0.009983294,0.025400000000000002
-0.009983292,0.025400000000000002
-0.00998329,0.025400000000000002
-0.009983288,0.025400000000000002
-0.009983286000000001,0.025400000000000002
-0.009983284,0.025400000000000002
-0.009983282,0.025400000000000002
-0.00998328,0.025400000000000002
-0.009983278,0.025400000000000002
-0.009983276000000001,0.025400000000000002
-0.009983274,0.025400000000000002
-0.009983272,0.025400000000000002
-0.00998327,0.025400000000000002
-0.009983268,0.025400000000000002
-0.009983266000000001,0.025400000000000002
-0.009983264,0.025400000000000002
-0.009983262,0.025400000000000002
-0.00998326,0.025400000000000002
-0.009983258,0.025400000000000002
-0.009983256,0.025400000000000002
-0.009983254,0.025400000000000002
-0.009983252,0.025400000000000002
-0.00998325,0.025400000000000002
-0.009983248,0.025400000000000002
-0.009983246,0.025400000000000002
-0.009983244,0.025400000000000002
-0.009983242,0.025400000000000002
-0.00998324,0.025400000000000002
-0.009983238,0.025400000000000002
-0.009983236,0.025400000000000002
-0.009983234,0.025400000000000002
-0.009983232,0.025400000000000002
-0.009983230000000001,0.025400000000000002
-0.009983228,0.025400000000000002
-0.009983226,0.025400000000000002
-0.009983224,0.025400000000000002
-0.009983222,0.025400000000000002
-0.009983220000000001,0.025400000000000002
-0.009983218,0.025400000000000002
-0.009983216,0.025400000000000002
-0.009983214,0.025400000000000002
-0.009983212,0.025400000000000002
-0.009983210000000001,0.025400000000000002
-0.009983208,0.025400000000000002
-0.009983206,0.025400000000000002
-0.009983204,0.025400000000000002
-0.009983202,0.025400000000000002
-0.0099832,0.025400000000000002
-0.009983198,0.025400000000000002
-0.009983196,0.025400000000000002
-0.009983194,0.025400000000000002
-0.009983192,0.025400000000000002
-0.00998319,0.025400000000000002
-0.009983188,0.025400000000000002
-0.009983186,0.025400000000000002
-0.009983184,0.025400000000000002
-0.009983182,0.025400000000000002
-0.00998318,0.025400000000000002
-0.009983178,0.025400000000000002
-0.009983176,0.025400000000000002
-0.009983174000000001,0.025400000000000002
-0.009983172,0.025400000000000002
-0.00998317,0.025400000000000002
-0.009983168,0.025400000000000002
-0.009983166,0.025400000000000002
-0.009983164000000001,0.025400000000000002
-0.009983162,0.025400000000000002
-0.00998316,0.025400000000000002
-0.009983158,0.025400000000000002
-0.009983156,0.025400000000000002
-0.009983154000000001,0.025400000000000002
-0.009983152,0.025400000000000002
-0.00998315,0.025400000000000002
-0.009983148,0.025400000000000002
-0.009983146,0.025400000000000002
-0.009983144,0.025400000000000002
-0.009983142,0.025400000000000002
-0.00998314,0.025400000000000002
-0.009983138,0.025400000000000002
-0.009983136,0.025400000000000002
-0.009983134,0.025400000000000002
-0.009983132,0.025400000000000002
-0.00998313,0.025400000000000002
-0.009983128,0.025400000000000002
-0.009983126,0.025400000000000002
-0.009983124,0.025400000000000002
-0.009983122,0.025400000000000002
-0.00998312,0.025400000000000002
-0.009983118000000001,0.025400000000000002
-0.009983116,0.025400000000000002
-0.009983114,0.025400000000000002
-0.009983112,0.025400000000000002
-0.00998311,0.025400000000000002
-0.009983108000000001,0.025400000000000002
-0.009983106,0.025400000000000002
-0.009983104,0.025400000000000002
-0.009983102,0.025400000000000002
-0.0099831,0.025400000000000002
-0.009983098000000001,0.025400000000000002
-0.009983096,0.025400000000000002
-0.009983094,0.025400000000000002
-0.009983092,0.025400000000000002
-0.00998309,0.025400000000000002
-0.009983088000000001,0.025400000000000002
-0.009983086,0.025400000000000002
-0.009983084,0.025400000000000002
-0.009983082,0.025400000000000002
-0.00998308,0.025400000000000002
-0.009983078,0.025400000000000002
-0.009983076,0.025400000000000002
-0.009983074,0.025400000000000002
-0.009983072,0.025400000000000002
-0.00998307,0.025400000000000002
-0.009983068,0.025400000000000002
-0.009983066,0.025400000000000002
-0.009983064,0.025400000000000002
-0.009983062000000001,0.025400000000000002
-0.00998306,0.025400000000000002
-0.009983058,0.025400000000000002
-0.009983056,0.025400000000000002
-0.009983054,0.025400000000000002
-0.009983052000000001,0.025400000000000002
-0.00998305,0.025400000000000002
-0.009983048,0.025400000000000002
-0.009983046,0.025400000000000002
-0.009983044,0.025400000000000002
-0.009983042000000001,0.025400000000000002
-0.00998304,0.025400000000000002
-0.009983038,0.025400000000000002
-0.009983036,0.025400000000000002
-0.009983034,0.025400000000000002
-0.009983032000000001,0.025400000000000002
-0.00998303,0.025400000000000002
-0.009983028,0.025400000000000002
-0.009983026,0.025400000000000002
-0.009983024,0.025400000000000002
-0.009983022,0.025400000000000002
-0.00998302,0.025400000000000002
-0.009983018,0.025400000000000002
-0.009983016,0.025400000000000002
-0.009983014,0.025400000000000002
-0.009983012,0.025400000000000002
-0.00998301,0.025400000000000002
-0.009983008,0.025400000000000002
-0.009983006,0.025400000000000002
-0.009983004,0.025400000000000002
-0.009983002,0.025400000000000002
-0.009983,0.025400000000000002
-0.009982998,0.025400000000000002
-0.009982996000000001,0.025400000000000002
-0.009982994,0.025400000000000002
-0.009982992,0.025400000000000002
-0.00998299,0.025400000000000002
-0.009982988,0.025400000000000002
-0.009982986000000001,0.025400000000000002
-0.009982984,0.025400000000000002
-0.009982982,0.025400000000000002
-0.00998298,0.025400000000000002
-0.009982978,0.025400000000000002
-0.009982976000000001,0.025400000000000002
-0.009982974,0.025400000000000002
-0.009982972,0.025400000000000002
-0.00998297,0.025400000000000002
-0.009982968,0.025400000000000002
-0.009982966,0.025400000000000002
-0.009982964,0.025400000000000002
-0.009982962,0.025400000000000002
-0.00998296,0.025400000000000002
-0.009982958,0.025400000000000002
-0.009982956,0.025400000000000002
-0.009982954,0.025400000000000002
-0.009982952,0.025400000000000002
-0.00998295,0.025400000000000002
-0.009982948,0.025400000000000002
-0.009982946,0.025400000000000002
-0.009982944,0.025400000000000002
-0.009982942,0.025400000000000002
-0.009982940000000001,0.025400000000000002
-0.009982938,0.025400000000000002
-0.009982936,0.025400000000000002
-0.009982934,0.025400000000000002
-0.009982932,0.025400000000000002
-0.009982930000000001,0.025400000000000002
-0.009982928,0.025400000000000002
-0.009982926,0.025400000000000002
-0.009982924,0.025400000000000002
-0.009982922,0.025400000000000002
-0.009982920000000001,0.025400000000000002
-0.009982918,0.025400000000000002
-0.009982916,0.025400000000000002
-0.009982914,0.025400000000000002
-0.009982912,0.025400000000000002
-0.00998291,0.025400000000000002
-0.009982908,0.025400000000000002
-0.009982906,0.025400000000000002
-0.009982904,0.025400000000000002
-0.009982902,0.025400000000000002
-0.0099829,0.025400000000000002
-0.009982898,0.025400000000000002
-0.009982896,0.025400000000000002
-0.009982894,0.025400000000000002
-0.009982892,0.025400000000000002
-0.00998289,0.025400000000000002
-0.009982888,0.025400000000000002
-0.009982886,0.025400000000000002
-0.009982884000000001,0.025400000000000002
-0.009982882,0.025400000000000002
-0.00998288,0.025400000000000002
-0.009982878,0.025400000000000002
-0.009982876,0.025400000000000002
-0.009982874000000001,0.025400000000000002
-0.009982872,0.025400000000000002
-0.00998287,0.025400000000000002
-0.009982868,0.025400000000000002
-0.009982866,0.025400000000000002
-0.009982864000000001,0.025400000000000002
-0.009982862,0.025400000000000002
-0.00998286,0.025400000000000002
-0.009982858,0.025400000000000002
-0.009982856,0.025400000000000002
-0.009982854,0.025400000000000002
-0.009982852,0.025400000000000002
-0.00998285,0.025400000000000002
-0.009982848,0.025400000000000002
-0.009982846,0.025400000000000002
-0.009982844,0.025400000000000002
-0.009982842,0.025400000000000002
-0.00998284,0.025400000000000002
-0.009982838,0.025400000000000002
-0.009982836,0.025400000000000002
-0.009982834,0.025400000000000002
-0.009982832,0.025400000000000002
-0.00998283,0.025400000000000002
-0.009982828000000001,0.025400000000000002
-0.009982826,0.025400000000000002
-0.009982824,0.025400000000000002
-0.009982822,0.025400000000000002
-0.00998282,0.025400000000000002
-0.009982818000000001,0.025400000000000002
-0.009982816,0.025400000000000002
-0.009982814,0.025400000000000002
-0.009982812,0.025400000000000002
-0.00998281,0.025400000000000002
-0.009982808000000001,0.025400000000000002
-0.009982806,0.025400000000000002
-0.009982804,0.025400000000000002
-0.009982802,0.025400000000000002
-0.0099828,0.025400000000000002
-0.009982798000000001,0.025400000000000002
-0.009982796,0.025400000000000002
-0.009982794,0.025400000000000002
-0.009982792,0.025400000000000002
-0.00998279,0.025400000000000002
-0.009982788,0.025400000000000002
-0.009982786,0.025400000000000002
-0.009982784,0.025400000000000002
-0.009982782,0.025400000000000002
-0.00998278,0.025400000000000002
-0.009982778,0.025400000000000002
-0.009982776,0.025400000000000002
-0.009982774,0.025400000000000002
-0.009982772,0.025400000000000002
-0.00998277,0.025400000000000002
-0.009982768,0.025400000000000002
-0.009982766,0.025400000000000002
-0.009982764,0.025400000000000002
-0.009982762000000001,0.025400000000000002
-0.00998276,0.025400000000000002
-0.009982758,0.025400000000000002
-0.009982756,0.025400000000000002
-0.009982754,0.025400000000000002
-0.009982752000000001,0.025400000000000002
-0.00998275,0.025400000000000002
-0.009982748,0.025400000000000002
-0.009982746,0.025400000000000002
-0.009982744,0.025400000000000002
-0.009982742000000001,0.025400000000000002
-0.00998274,0.025400000000000002
-0.009982738,0.025400000000000002
-0.009982736,0.025400000000000002
-0.009982734,0.025400000000000002
-0.009982732,0.025400000000000002
-0.00998273,0.025400000000000002
-0.009982728,0.025400000000000002
-0.009982726,0.025400000000000002
-0.009982724,0.025400000000000002
-0.009982722,0.025400000000000002
-0.00998272,0.025400000000000002
-0.009982718,0.025400000000000002
-0.009982716,0.025400000000000002
-0.009982714,0.025400000000000002
-0.009982712,0.025400000000000002
-0.00998271,0.025400000000000002
-0.009982708,0.025400000000000002
-0.009982706000000001,0.025400000000000002
-0.009982704,0.025400000000000002
-0.009982702,0.025400000000000002
-0.0099827,0.025400000000000002
-0.009982698,0.025400000000000002
-0.009982696000000001,0.025400000000000002
-0.009982694,0.025400000000000002
-0.009982692,0.025400000000000002
-0.00998269,0.025400000000000002
-0.009982688,0.025400000000000002
-0.009982686000000001,0.025400000000000002
-0.009982684,0.025400000000000002
-0.009982682,0.025400000000000002
-0.00998268,0.025400000000000002
-0.009982678,0.025400000000000002
-0.009982676,0.025400000000000002
-0.009982674,0.025400000000000002
-0.009982672,0.025400000000000002
-0.00998267,0.025400000000000002
-0.009982668,0.025400000000000002
-0.009982666,0.025400000000000002
-0.009982664,0.025400000000000002
-0.009982662,0.025400000000000002
-0.00998266,0.025400000000000002
-0.009982658,0.025400000000000002
-0.009982656,0.025400000000000002
-0.009982654,0.025400000000000002
-0.009982652,0.025400000000000002
-0.009982650000000001,0.025400000000000002
-0.009982648,0.025400000000000002
-0.009982646,0.025400000000000002
-0.009982644,0.025400000000000002
-0.009982642,0.025400000000000002
-0.009982640000000001,0.025400000000000002
-0.009982638,0.025400000000000002
-0.009982636,0.025400000000000002
-0.009982634,0.025400000000000002
-0.009982632,0.025400000000000002
-0.009982630000000001,0.025400000000000002
-0.009982628,0.025400000000000002
-0.009982626,0.025400000000000002
-0.009982624,0.025400000000000002
-0.009982622,0.025400000000000002
-0.009982620000000001,0.025400000000000002
-0.009982618,0.025400000000000002
-0.009982616,0.025400000000000002
-0.009982614,0.025400000000000002
-0.009982612,0.025400000000000002
-0.00998261,0.025400000000000002
-0.009982608,0.025400000000000002
-0.009982606,0.025400000000000002
-0.009982604,0.025400000000000002
-0.009982602,0.025400000000000002
-0.0099826,0.025400000000000002
-0.009982598,0.025400000000000002
-0.009982596,0.025400000000000002
-0.009982594000000001,0.025400000000000002
-0.009982592,0.025400000000000002
-0.00998259,0.025400000000000002
-0.009982588,0.025400000000000002
-0.009982586,0.025400000000000002
-0.009982584000000001,0.025400000000000002
-0.009982582,0.025400000000000002
-0.00998258,0.025400000000000002
-0.009982578,0.025400000000000002
-0.009982576,0.025400000000000002
-0.009982574000000001,0.025400000000000002
-0.009982572,0.025400000000000002
-0.00998257,0.025400000000000002
-0.009982568,0.025400000000000002
-0.009982566,0.025400000000000002
-0.009982564000000001,0.025400000000000002
-0.009982562,0.025400000000000002
-0.00998256,0.025400000000000002
-0.009982558,0.025400000000000002
-0.009982556,0.025400000000000002
-0.009982554,0.025400000000000002
-0.009982552,0.025400000000000002
-0.00998255,0.025400000000000002
-0.009982548,0.025400000000000002
-0.009982546,0.025400000000000002
-0.009982544,0.025400000000000002
-0.009982542,0.025400000000000002
-0.00998254,0.025400000000000002
-0.009982538000000001,0.025400000000000002
-0.009982536,0.025400000000000002
-0.009982534,0.025400000000000002
-0.009982532,0.025400000000000002
-0.00998253,0.025400000000000002
-0.009982528000000001,0.025400000000000002
-0.009982526,0.025400000000000002
-0.009982524,0.025400000000000002
-0.009982522,0.025400000000000002
-0.00998252,0.025400000000000002
-0.009982518000000001,0.025400000000000002
-0.009982516,0.025400000000000002
-0.009982514,0.025400000000000002
-0.009982512,0.025400000000000002
-0.00998251,0.025400000000000002
-0.009982508000000001,0.025400000000000002
-0.009982506,0.025400000000000002
-0.009982504,0.025400000000000002
-0.009982502,0.025400000000000002
-0.0099825,0.025400000000000002
-0.009982498,0.025400000000000002
-0.009982496,0.025400000000000002
-0.009982494,0.025400000000000002
-0.009982492,0.025400000000000002
-0.00998249,0.025400000000000002
-0.009982488,0.025400000000000002
-0.009982486,0.025400000000000002
-0.009982484,0.025400000000000002
-0.009982482,0.025400000000000002
-0.00998248,0.025400000000000002
-0.009982478,0.025400000000000002
-0.009982476,0.025400000000000002
-0.009982474,0.025400000000000002
-0.009982472000000001,0.025400000000000002
-0.00998247,0.025400000000000002
-0.009982468,0.025400000000000002
-0.009982466,0.025400000000000002
-0.009982464,0.025400000000000002
-0.009982462000000001,0.025400000000000002
-0.00998246,0.025400000000000002
-0.009982458,0.025400000000000002
-0.009982456,0.025400000000000002
-0.009982454,0.025400000000000002
-0.009982452000000001,0.025400000000000002
-0.00998245,0.025400000000000002
-0.009982448,0.025400000000000002
-0.009982446,0.025400000000000002
-0.009982444,0.025400000000000002
-0.009982442,0.025400000000000002
-0.00998244,0.025400000000000002
-0.009982438,0.025400000000000002
-0.009982436,0.025400000000000002
-0.009982434,0.025400000000000002
-0.009982432,0.025400000000000002
-0.00998243,0.025400000000000002
-0.009982428,0.025400000000000002
-0.009982426,0.025400000000000002
-0.009982424,0.025400000000000002
-0.009982422,0.025400000000000002
-0.00998242,0.025400000000000002
-0.009982418,0.025400000000000002
-0.009982416000000001,0.025400000000000002
-0.009982414,0.025400000000000002
-0.009982412,0.025400000000000002
-0.00998241,0.025400000000000002
-0.009982408,0.025400000000000002
-0.009982406000000001,0.025400000000000002
-0.009982404,0.025400000000000002
-0.009982402,0.025400000000000002
-0.0099824,0.025400000000000002
-0.009982398,0.025400000000000002
-0.009982396000000001,0.025400000000000002
-0.009982394,0.025400000000000002
-0.009982392,0.025400000000000002
-0.00998239,0.025400000000000002
-0.009982388,0.025400000000000002
-0.009982386,0.025400000000000002
-0.009982384,0.025400000000000002
-0.009982382,0.025400000000000002
-0.00998238,0.025400000000000002
-0.009982378,0.025400000000000002
-0.009982376,0.025400000000000002
-0.009982374,0.025400000000000002
-0.009982372,0.025400000000000002
-0.00998237,0.025400000000000002
-0.009982368,0.025400000000000002
-0.009982366,0.025400000000000002
-0.009982364,0.025400000000000002
-0.009982362,0.025400000000000002
-0.009982360000000001,0.025400000000000002
-0.009982358,0.025400000000000002
-0.009982356,0.025400000000000002
-0.009982354,0.025400000000000002
-0.009982352,0.025400000000000002
-0.009982350000000001,0.025400000000000002
-0.009982348,0.025400000000000002
-0.009982346,0.025400000000000002
-0.009982344,0.025400000000000002
-0.009982342,0.025400000000000002
-0.009982340000000001,0.025400000000000002
-0.009982338,0.025400000000000002
-0.009982336,0.025400000000000002
-0.009982334,0.025400000000000002
-0.009982332,0.025400000000000002
-0.009982330000000001,0.025400000000000002
-0.009982328,0.025400000000000002
-0.009982326,0.025400000000000002
-0.009982324,0.025400000000000002
-0.009982322,0.025400000000000002
-0.00998232,0.025400000000000002
-0.009982318,0.025400000000000002
-0.009982316,0.025400000000000002
-0.009982314,0.025400000000000002
-0.009982312,0.025400000000000002
-0.00998231,0.025400000000000002
-0.009982308,0.025400000000000002
-0.009982306,0.025400000000000002
-0.009982304000000001,0.025400000000000002
-0.009982302,0.025400000000000002
-0.0099823,0.025400000000000002
-0.009982298,0.025400000000000002
-0.009982296,0.025400000000000002
-0.009982294000000001,0.025400000000000002
-0.009982292,0.025400000000000002
-0.00998229,0.025400000000000002
-0.009982288,0.025400000000000002
-0.009982286,0.025400000000000002
-0.009982284000000001,0.025400000000000002
-0.009982282,0.025400000000000002
-0.00998228,0.025400000000000002
-0.009982278,0.025400000000000002
-0.009982276,0.025400000000000002
-0.009982274000000001,0.025400000000000002
-0.009982272,0.025400000000000002
-0.00998227,0.025400000000000002
-0.009982268,0.025400000000000002
-0.009982266,0.025400000000000002
-0.009982264,0.025400000000000002
-0.009982262,0.025400000000000002
-0.00998226,0.025400000000000002
-0.009982258,0.025400000000000002
-0.009982256,0.025400000000000002
-0.009982254,0.025400000000000002
-0.009982252,0.025400000000000002
-0.00998225,0.025400000000000002
-0.009982248,0.025400000000000002
-0.009982246,0.025400000000000002
-0.009982244,0.025400000000000002
-0.009982242,0.025400000000000002
-0.00998224,0.025400000000000002
-0.009982238000000001,0.025400000000000002
-0.009982236,0.025400000000000002
-0.009982234,0.025400000000000002
-0.009982232,0.025400000000000002
-0.00998223,0.025400000000000002
-0.009982228000000001,0.025400000000000002
-0.009982226,0.025400000000000002
-0.009982224,0.025400000000000002
-0.009982222,0.025400000000000002
-0.00998222,0.025400000000000002
-0.009982218000000001,0.025400000000000002
-0.009982216,0.025400000000000002
-0.009982214,0.025400000000000002
-0.009982212,0.025400000000000002
-0.00998221,0.025400000000000002
-0.009982208,0.025400000000000002
-0.009982206,0.025400000000000002
-0.009982204,0.025400000000000002
-0.009982202,0.025400000000000002
-0.0099822,0.025400000000000002
-0.009982198,0.025400000000000002
-0.009982196,0.025400000000000002
-0.009982194,0.025400000000000002
-0.009982192,0.025400000000000002
-0.00998219,0.025400000000000002
-0.009982188,0.025400000000000002
-0.009982186,0.025400000000000002
-0.009982184,0.025400000000000002
-0.009982182000000001,0.025400000000000002
-0.00998218,0.025400000000000002
-0.009982178,0.025400000000000002
-0.009982176,0.025400000000000002
-0.009982174,0.025400000000000002
-0.009982172000000001,0.025400000000000002
-0.00998217,0.025400000000000002
-0.009982168,0.025400000000000002
-0.009982166,0.025400000000000002
-0.009982164,0.025400000000000002
-0.009982162000000001,0.025400000000000002
-0.00998216,0.025400000000000002
-0.009982158,0.025400000000000002
-0.009982156,0.025400000000000002
-0.009982154,0.025400000000000002
-0.009982152,0.025400000000000002
-0.00998215,0.025400000000000002
-0.009982148,0.025400000000000002
-0.009982146,0.025400000000000002
-0.009982144,0.025400000000000002
-0.009982142,0.025400000000000002
-0.00998214,0.025400000000000002
-0.009982138,0.025400000000000002
-0.009982136,0.025400000000000002
-0.009982134,0.025400000000000002
-0.009982132,0.025400000000000002
-0.00998213,0.025400000000000002
-0.009982128,0.025400000000000002
-0.009982126000000001,0.025400000000000002
-0.009982124,0.025400000000000002
-0.009982122,0.025400000000000002
-0.00998212,0.025400000000000002
-0.009982118,0.025400000000000002
-0.009982116000000001,0.025400000000000002
-0.009982114,0.025400000000000002
-0.009982112,0.025400000000000002
-0.00998211,0.025400000000000002
-0.009982108,0.025400000000000002
-0.009982106000000001,0.025400000000000002
-0.009982104,0.025400000000000002
-0.009982102,0.025400000000000002
-0.0099821,0.025400000000000002
-0.009982098,0.025400000000000002
-0.009982096000000001,0.025400000000000002
-0.009982094,0.025400000000000002
-0.009982092,0.025400000000000002
-0.00998209,0.025400000000000002
-0.009982088,0.025400000000000002
-0.009982086,0.025400000000000002
-0.009982084,0.025400000000000002
-0.009982082,0.025400000000000002
-0.00998208,0.025400000000000002
-0.009982078,0.025400000000000002
-0.009982076,0.025400000000000002
-0.009982074,0.025400000000000002
-0.009982072,0.025400000000000002
-0.009982070000000001,0.025400000000000002
-0.009982068,0.025400000000000002
-0.009982066,0.025400000000000002
-0.009982064,0.025400000000000002
-0.009982062,0.025400000000000002
-0.009982060000000001,0.025400000000000002
-0.009982058,0.025400000000000002
-0.009982056,0.025400000000000002
-0.009982054,0.025400000000000002
-0.009982052,0.025400000000000002
-0.009982050000000001,0.025400000000000002
-0.009982048,0.025400000000000002
-0.009982046,0.025400000000000002
-0.009982044,0.025400000000000002
-0.009982042,0.025400000000000002
-0.009982040000000001,0.025400000000000002
-0.009982038,0.025400000000000002
-0.009982036,0.025400000000000002
-0.009982034,0.025400000000000002
-0.009982032,0.025400000000000002
-0.00998203,0.025400000000000002
-0.009982028,0.025400000000000002
-0.009982026,0.025400000000000002
-0.009982024,0.025400000000000002
-0.009982022,0.025400000000000002
-0.00998202,0.025400000000000002
-0.009982018,0.025400000000000002
-0.009982016,0.025400000000000002
-0.009982014,0.025400000000000002
-0.009982012,0.025400000000000002
-0.00998201,0.025400000000000002
-0.009982008,0.025400000000000002
-0.009982006,0.025400000000000002
-0.009982004000000001,0.025400000000000002
-0.009982002,0.025400000000000002
-0.009982,0.025400000000000002
-0.009981998,0.025400000000000002
-0.009981996,0.025400000000000002
-0.009981994000000001,0.025400000000000002
-0.009981992,0.025400000000000002
-0.00998199,0.025400000000000002
-0.009981988,0.025400000000000002
-0.009981986,0.025400000000000002
-0.009981984000000001,0.025400000000000002
-0.009981982,0.025400000000000002
-0.00998198,0.025400000000000002
-0.009981978,0.025400000000000002
-0.009981976,0.025400000000000002
-0.009981974,0.025400000000000002
-0.009981972,0.025400000000000002
-0.00998197,0.025400000000000002
-0.009981968,0.025400000000000002
-0.009981966,0.025400000000000002
-0.009981964,0.025400000000000002
-0.009981962,0.025400000000000002
-0.00998196,0.025400000000000002
-0.009981958,0.025400000000000002
-0.009981956,0.025400000000000002
-0.009981954,0.025400000000000002
-0.009981952,0.025400000000000002
-0.00998195,0.025400000000000002
-0.009981948000000001,0.025400000000000002
-0.009981946,0.025400000000000002
-0.009981944,0.025400000000000002
-0.009981942,0.025400000000000002
-0.00998194,0.025400000000000002
-0.009981938000000001,0.025400000000000002
-0.009981936,0.025400000000000002
-0.009981934,0.025400000000000002
-0.009981932,0.025400000000000002
-0.00998193,0.025400000000000002
-0.009981928000000001,0.025400000000000002
-0.009981926,0.025400000000000002
-0.009981924,0.025400000000000002
-0.009981922,0.025400000000000002
-0.00998192,0.025400000000000002
-0.009981918,0.025400000000000002
-0.009981916,0.025400000000000002
-0.009981914,0.025400000000000002
-0.009981912,0.025400000000000002
-0.00998191,0.025400000000000002
-0.009981908,0.025400000000000002
-0.009981906,0.025400000000000002
-0.009981904,0.025400000000000002
-0.009981902,0.025400000000000002
-0.0099819,0.025400000000000002
-0.009981898,0.025400000000000002
-0.009981896,0.025400000000000002
-0.009981894,0.025400000000000002
-0.009981892000000001,0.025400000000000002
-0.00998189,0.025400000000000002
-0.009981888,0.025400000000000002
-0.009981886,0.025400000000000002
-0.009981884,0.025400000000000002
-0.009981882000000001,0.025400000000000002
-0.00998188,0.025400000000000002
-0.009981878,0.025400000000000002
-0.009981876,0.025400000000000002
-0.009981874,0.025400000000000002
-0.009981872000000001,0.025400000000000002
-0.00998187,0.025400000000000002
-0.009981868,0.025400000000000002
-0.009981866,0.025400000000000002
-0.009981864,0.025400000000000002
-0.009981862000000001,0.025400000000000002
-0.00998186,0.025400000000000002
-0.009981858,0.025400000000000002
-0.009981856,0.025400000000000002
-0.009981854,0.025400000000000002
-0.009981852,0.025400000000000002
-0.00998185,0.025400000000000002
-0.009981848,0.025400000000000002
-0.009981846,0.025400000000000002
-0.009981844,0.025400000000000002
-0.009981842,0.025400000000000002
-0.00998184,0.025400000000000002
-0.009981838,0.025400000000000002
-0.009981836000000001,0.025400000000000002
-0.009981834,0.025400000000000002
-0.009981832,0.025400000000000002
-0.00998183,0.025400000000000002
-0.009981828,0.025400000000000002
-0.009981826000000001,0.025400000000000002
-0.009981824,0.025400000000000002
-0.009981822,0.025400000000000002
-0.00998182,0.025400000000000002
-0.009981818,0.025400000000000002
-0.009981816000000001,0.025400000000000002
-0.009981814,0.025400000000000002
-0.009981812,0.025400000000000002
-0.00998181,0.025400000000000002
-0.009981808,0.025400000000000002
-0.009981806000000001,0.025400000000000002
-0.009981804,0.025400000000000002
-0.009981802,0.025400000000000002
-0.0099818,0.025400000000000002
-0.009981798,0.025400000000000002
-0.009981796,0.025400000000000002
-0.009981794,0.025400000000000002
-0.009981792,0.025400000000000002
-0.00998179,0.025400000000000002
-0.009981788,0.025400000000000002
-0.009981786,0.025400000000000002
-0.009981784,0.025400000000000002
-0.009981782,0.025400000000000002
-0.00998178,0.025400000000000002
-0.009981778,0.025400000000000002
-0.009981776,0.025400000000000002
-0.009981774,0.025400000000000002
-0.009981772,0.025400000000000002
-0.009981770000000001,0.025400000000000002
-0.009981768,0.025400000000000002
-0.009981766,0.025400000000000002
-0.009981764,0.025400000000000002
-0.009981762,0.025400000000000002
-0.009981760000000001,0.025400000000000002
-0.009981758,0.025400000000000002
-0.009981756,0.025400000000000002
-0.009981754,0.025400000000000002
-0.009981752,0.025400000000000002
-0.009981750000000001,0.025400000000000002
-0.009981748,0.025400000000000002
-0.009981746,0.025400000000000002
-0.009981744,0.025400000000000002
-0.009981742,0.025400000000000002
-0.00998174,0.025400000000000002
-0.009981738,0.025400000000000002
-0.009981736,0.025400000000000002
-0.009981734,0.025400000000000002
-0.009981732,0.025400000000000002
-0.00998173,0.025400000000000002
-0.009981728,0.025400000000000002
-0.009981726,0.025400000000000002
-0.009981724,0.025400000000000002
-0.009981722,0.025400000000000002
-0.00998172,0.025400000000000002
-0.009981718,0.025400000000000002
-0.009981716,0.025400000000000002
-0.009981714000000001,0.025400000000000002
-0.009981712,0.025400000000000002
-0.00998171,0.025400000000000002
-0.009981708,0.025400000000000002
-0.009981706,0.025400000000000002
-0.009981704000000001,0.025400000000000002
-0.009981702,0.025400000000000002
-0.0099817,0.025400000000000002
-0.009981698,0.025400000000000002
-0.009981696,0.025400000000000002
-0.009981694000000001,0.025400000000000002
-0.009981692,0.025400000000000002
-0.00998169,0.025400000000000002
-0.009981688,0.025400000000000002
-0.009981686,0.025400000000000002
-0.009981684,0.025400000000000002
-0.009981682,0.025400000000000002
-0.00998168,0.025400000000000002
-0.009981678,0.025400000000000002
-0.009981676,0.025400000000000002
-0.009981674,0.025400000000000002
-0.009981672,0.025400000000000002
-0.00998167,0.025400000000000002
-0.009981668,0.025400000000000002
-0.009981666,0.025400000000000002
-0.009981664,0.025400000000000002
-0.009981662,0.025400000000000002
-0.00998166,0.025400000000000002
-0.009981658000000001,0.025400000000000002
-0.009981656,0.025400000000000002
-0.009981654,0.025400000000000002
-0.009981652,0.025400000000000002
-0.00998165,0.025400000000000002
-0.009981648000000001,0.025400000000000002
-0.009981646,0.025400000000000002
-0.009981644,0.025400000000000002
-0.009981642,0.025400000000000002
-0.00998164,0.025400000000000002
-0.009981638000000001,0.025400000000000002
-0.009981636,0.025400000000000002
-0.009981634,0.025400000000000002
-0.009981632,0.025400000000000002
-0.00998163,0.025400000000000002
-0.009981628000000001,0.025400000000000002
-0.009981626,0.025400000000000002
-0.009981624,0.025400000000000002
-0.009981622,0.025400000000000002
-0.00998162,0.025400000000000002
-0.009981618,0.025400000000000002
-0.009981616,0.025400000000000002
-0.009981614,0.025400000000000002
-0.009981612,0.025400000000000002
-0.00998161,0.025400000000000002
-0.009981608,0.025400000000000002
-0.009981606,0.025400000000000002
-0.009981604,0.025400000000000002
-0.009981602000000001,0.025400000000000002
-0.0099816,0.025400000000000002
-0.009981598,0.025400000000000002
-0.009981596,0.025400000000000002
-0.009981594,0.025400000000000002
-0.009981592000000001,0.025400000000000002
-0.00998159,0.025400000000000002
-0.009981588,0.025400000000000002
-0.009981586,0.025400000000000002
-0.009981584,0.025400000000000002
-0.009981582000000001,0.025400000000000002
-0.00998158,0.025400000000000002
-0.009981578,0.025400000000000002
-0.009981576,0.025400000000000002
-0.009981574,0.025400000000000002
-0.009981572000000001,0.025400000000000002
-0.00998157,0.025400000000000002
-0.009981568,0.025400000000000002
-0.009981566,0.025400000000000002
-0.009981564,0.025400000000000002
-0.009981562,0.025400000000000002
-0.00998156,0.025400000000000002
-0.009981558,0.025400000000000002
-0.009981556,0.025400000000000002
-0.009981554,0.025400000000000002
-0.009981552,0.025400000000000002
-0.00998155,0.025400000000000002
-0.009981548,0.025400000000000002
-0.009981546,0.025400000000000002
-0.009981544,0.025400000000000002
-0.009981542,0.025400000000000002
-0.00998154,0.025400000000000002
-0.009981538,0.025400000000000002
-0.009981536000000001,0.025400000000000002
-0.009981534,0.025400000000000002
-0.009981532,0.025400000000000002
-0.00998153,0.025400000000000002
-0.009981528,0.025400000000000002
-0.009981526000000001,0.025400000000000002
-0.009981524,0.025400000000000002
-0.009981522,0.025400000000000002
-0.00998152,0.025400000000000002
-0.009981518,0.025400000000000002
-0.009981516000000001,0.025400000000000002
-0.009981514,0.025400000000000002
-0.009981512,0.025400000000000002
-0.00998151,0.025400000000000002
-0.009981508,0.025400000000000002
-0.009981506,0.025400000000000002
-0.009981504,0.025400000000000002
-0.009981502,0.025400000000000002
-0.0099815,0.025400000000000002
-0.009981498,0.025400000000000002
-0.009981496,0.025400000000000002
-0.009981494,0.025400000000000002
-0.009981492,0.025400000000000002
-0.00998149,0.025400000000000002
-0.009981488,0.025400000000000002
-0.009981486,0.025400000000000002
-0.009981484,0.025400000000000002
-0.009981482,0.025400000000000002
-0.009981480000000001,0.025400000000000002
-0.009981478,0.025400000000000002
-0.009981476,0.025400000000000002
-0.009981474,0.025400000000000002
-0.009981472,0.025400000000000002
-0.009981470000000001,0.025400000000000002
-0.009981468,0.025400000000000002
-0.009981466,0.025400000000000002
-0.009981464,0.025400000000000002
-0.009981462,0.025400000000000002
-0.009981460000000001,0.025400000000000002
-0.009981458,0.025400000000000002
-0.009981456,0.025400000000000002
-0.009981454,0.025400000000000002
-0.009981452,0.025400000000000002
-0.00998145,0.025400000000000002
-0.009981448,0.025400000000000002
-0.009981446,0.025400000000000002
-0.009981444,0.025400000000000002
-0.009981442,0.025400000000000002
-0.00998144,0.025400000000000002
-0.009981438,0.025400000000000002
-0.009981436,0.025400000000000002
-0.009981434,0.025400000000000002
-0.009981432,0.025400000000000002
-0.00998143,0.025400000000000002
-0.009981428,0.025400000000000002
-0.009981426,0.025400000000000002
-0.009981424000000001,0.025400000000000002
-0.009981422,0.025400000000000002
-0.00998142,0.025400000000000002
-0.009981418,0.025400000000000002
-0.009981416,0.025400000000000002
-0.009981414000000001,0.025400000000000002
-0.009981412,0.025400000000000002
-0.00998141,0.025400000000000002
-0.009981408,0.025400000000000002
-0.009981406,0.025400000000000002
-0.009981404000000001,0.025400000000000002
-0.009981402,0.025400000000000002
-0.0099814,0.025400000000000002
-0.009981398,0.025400000000000002
-0.009981396,0.025400000000000002
-0.009981394000000001,0.025400000000000002
-0.009981392,0.025400000000000002
-0.00998139,0.025400000000000002
-0.009981388,0.025400000000000002
-0.009981386,0.025400000000000002
-0.009981384,0.025400000000000002
-0.009981382,0.025400000000000002
-0.00998138,0.025400000000000002
-0.009981378,0.025400000000000002
-0.009981376,0.025400000000000002
-0.009981374,0.025400000000000002
-0.009981372,0.025400000000000002
-0.00998137,0.025400000000000002
-0.009981368000000001,0.025400000000000002
-0.009981366,0.025400000000000002
-0.009981364,0.025400000000000002
-0.009981362,0.025400000000000002
-0.00998136,0.025400000000000002
-0.009981358000000001,0.025400000000000002
-0.009981356,0.025400000000000002
-0.009981354,0.025400000000000002
-0.009981352,0.025400000000000002
-0.00998135,0.025400000000000002
-0.009981348000000001,0.025400000000000002
-0.009981346,0.025400000000000002
-0.009981344,0.025400000000000002
-0.009981342,0.025400000000000002
-0.00998134,0.025400000000000002
-0.009981338000000001,0.025400000000000002
-0.009981336,0.025400000000000002
-0.009981334,0.025400000000000002
-0.009981332,0.025400000000000002
-0.00998133,0.025400000000000002
-0.009981328,0.025400000000000002
-0.009981326,0.025400000000000002
-0.009981324,0.025400000000000002
-0.009981322,0.025400000000000002
-0.00998132,0.025400000000000002
-0.009981318,0.025400000000000002
-0.009981316,0.025400000000000002
-0.009981314,0.025400000000000002
-0.009981312,0.025400000000000002
-0.00998131,0.025400000000000002
-0.009981308,0.025400000000000002
-0.009981306,0.025400000000000002
-0.009981304,0.025400000000000002
-0.009981302000000001,0.025400000000000002
-0.0099813,0.025400000000000002
-0.009981298,0.025400000000000002
-0.009981296,0.025400000000000002
-0.009981294,0.025400000000000002
-0.009981292000000001,0.025400000000000002
-0.00998129,0.025400000000000002
-0.009981288,0.025400000000000002
-0.009981286,0.025400000000000002
-0.009981284,0.025400000000000002
-0.009981282000000001,0.025400000000000002
-0.00998128,0.025400000000000002
-0.009981278,0.025400000000000002
-0.009981276,0.025400000000000002
-0.009981274,0.025400000000000002
-0.009981272,0.025400000000000002
-0.00998127,0.025400000000000002
-0.009981268,0.025400000000000002
-0.009981266,0.025400000000000002
-0.009981264,0.025400000000000002
-0.009981262,0.025400000000000002
-0.00998126,0.025400000000000002
-0.009981258,0.025400000000000002
-0.009981256,0.025400000000000002
-0.009981254,0.025400000000000002
-0.009981252,0.025400000000000002
-0.00998125,0.025400000000000002
-0.009981248,0.025400000000000002
-0.009981246000000001,0.025400000000000002
-0.009981244,0.025400000000000002
-0.009981242,0.025400000000000002
-0.00998124,0.025400000000000002
-0.009981238,0.025400000000000002
-0.009981236000000001,0.025400000000000002
-0.009981234,0.025400000000000002
-0.009981232,0.025400000000000002
-0.00998123,0.025400000000000002
-0.009981228,0.025400000000000002
-0.009981226000000001,0.025400000000000002
-0.009981224,0.025400000000000002
-0.009981222,0.025400000000000002
-0.00998122,0.025400000000000002
-0.009981218,0.025400000000000002
-0.009981216,0.025400000000000002
-0.009981214,0.025400000000000002
-0.009981212,0.025400000000000002
-0.00998121,0.025400000000000002
-0.009981208,0.025400000000000002
-0.009981206,0.025400000000000002
-0.009981204,0.025400000000000002
-0.009981202,0.025400000000000002
-0.0099812,0.025400000000000002
-0.009981198,0.025400000000000002
-0.009981196,0.025400000000000002
-0.009981194,0.025400000000000002
-0.009981192,0.025400000000000002
-0.009981190000000001,0.025400000000000002
-0.009981188,0.025400000000000002
-0.009981186,0.025400000000000002
-0.009981184,0.025400000000000002
-0.009981182,0.025400000000000002
-0.009981180000000001,0.025400000000000002
-0.009981178,0.025400000000000002
-0.009981176,0.025400000000000002
-0.009981174,0.025400000000000002
-0.009981172,0.025400000000000002
-0.009981170000000001,0.025400000000000002
-0.009981168,0.025400000000000002
-0.009981166,0.025400000000000002
-0.009981164,0.025400000000000002
-0.009981162,0.025400000000000002
-0.00998116,0.025400000000000002
-0.009981158,0.025400000000000002
-0.009981156,0.025400000000000002
-0.009981154,0.025400000000000002
-0.009981152,0.025400000000000002
-0.00998115,0.025400000000000002
-0.009981148,0.025400000000000002
-0.009981146,0.025400000000000002
-0.009981144,0.025400000000000002
-0.009981142,0.025400000000000002
-0.00998114,0.025400000000000002
-0.009981138,0.025400000000000002
-0.009981136,0.025400000000000002
-0.009981134000000001,0.025400000000000002
-0.009981132,0.025400000000000002
-0.00998113,0.025400000000000002
-0.009981128,0.025400000000000002
-0.009981126,0.025400000000000002
-0.009981124000000001,0.025400000000000002
-0.009981122,0.025400000000000002
-0.00998112,0.025400000000000002
-0.009981118,0.025400000000000002
-0.009981116,0.025400000000000002
-0.009981114000000001,0.025400000000000002
-0.009981112,0.025400000000000002
-0.00998111,0.025400000000000002
-0.009981108,0.025400000000000002
-0.009981106,0.025400000000000002
-0.009981104000000001,0.025400000000000002
-0.009981102,0.025400000000000002
-0.0099811,0.025400000000000002
-0.009981098,0.025400000000000002
-0.009981096,0.025400000000000002
-0.009981094,0.025400000000000002
-0.009981092,0.025400000000000002
-0.00998109,0.025400000000000002
-0.009981088,0.025400000000000002
-0.009981086,0.025400000000000002
-0.009981084,0.025400000000000002
-0.009981082,0.025400000000000002
-0.00998108,0.025400000000000002
-0.009981078,0.025400000000000002
-0.009981076,0.025400000000000002
-0.009981074,0.025400000000000002
-0.009981072,0.025400000000000002
-0.00998107,0.025400000000000002
-0.009981068000000001,0.025400000000000002
-0.009981066,0.025400000000000002
-0.009981064,0.025400000000000002
-0.009981062,0.025400000000000002
-0.00998106,0.025400000000000002
-0.009981058000000001,0.025400000000000002
-0.009981056,0.025400000000000002
-0.009981054,0.025400000000000002
-0.009981052,0.025400000000000002
-0.00998105,0.025400000000000002
-0.009981048000000001,0.025400000000000002
-0.009981046,0.025400000000000002
-0.009981044,0.025400000000000002
-0.009981042,0.025400000000000002
-0.00998104,0.025400000000000002
-0.009981038,0.025400000000000002
-0.009981036,0.025400000000000002
-0.009981034,0.025400000000000002
-0.009981032,0.025400000000000002
-0.00998103,0.025400000000000002
-0.009981028,0.025400000000000002
-0.009981026,0.025400000000000002
-0.009981024,0.025400000000000002
-0.009981022,0.025400000000000002
-0.00998102,0.025400000000000002
-0.009981018,0.025400000000000002
-0.009981016,0.025400000000000002
-0.009981014,0.025400000000000002
-0.009981012000000001,0.025400000000000002
-0.00998101,0.025400000000000002
-0.009981008,0.025400000000000002
-0.009981006,0.025400000000000002
-0.009981004,0.025400000000000002
-0.009981002000000001,0.025400000000000002
-0.009981,0.025400000000000002
-0.009980998,0.025400000000000002
-0.009980996,0.025400000000000002
-0.009980994,0.025400000000000002
-0.009980992000000001,0.025400000000000002
-0.00998099,0.025400000000000002
-0.009980988,0.025400000000000002
-0.009980986,0.025400000000000002
-0.009980984,0.025400000000000002
-0.009980982,0.025400000000000002
-0.00998098,0.025400000000000002
-0.009980978,0.025400000000000002
-0.009980976,0.025400000000000002
-0.009980974,0.025400000000000002
-0.009980972,0.025400000000000002
-0.00998097,0.025400000000000002
-0.009980968,0.025400000000000002
-0.009980966,0.025400000000000002
-0.009980964,0.025400000000000002
-0.009980962,0.025400000000000002
-0.00998096,0.025400000000000002
-0.009980958,0.025400000000000002
-0.009980956000000001,0.025400000000000002
-0.009980954,0.025400000000000002
-0.009980952,0.025400000000000002
-0.00998095,0.025400000000000002
-0.009980948,0.025400000000000002
-0.009980946000000001,0.025400000000000002
-0.009980944,0.025400000000000002
-0.009980942,0.025400000000000002
-0.00998094,0.025400000000000002
-0.009980938,0.025400000000000002
-0.009980936000000001,0.025400000000000002
-0.009980934,0.025400000000000002
-0.009980932,0.025400000000000002
-0.00998093,0.025400000000000002
-0.009980928,0.025400000000000002
-0.009980926000000001,0.025400000000000002
-0.009980924,0.025400000000000002
-0.009980922,0.025400000000000002
-0.00998092,0.025400000000000002
-0.009980918,0.025400000000000002
-0.009980916,0.025400000000000002
-0.009980914,0.025400000000000002
-0.009980912,0.025400000000000002
-0.00998091,0.025400000000000002
-0.009980908,0.025400000000000002
-0.009980906,0.025400000000000002
-0.009980904,0.025400000000000002
-0.009980902,0.025400000000000002
-0.009980900000000001,0.025400000000000002
-0.009980898,0.025400000000000002
-0.009980896,0.025400000000000002
-0.009980894,0.025400000000000002
-0.009980892,0.025400000000000002
-0.009980890000000001,0.025400000000000002
-0.009980888,0.025400000000000002
-0.009980886,0.025400000000000002
-0.009980884,0.025400000000000002
-0.009980882,0.025400000000000002
-0.009980880000000001,0.025400000000000002
-0.009980878,0.025400000000000002
-0.009980876,0.025400000000000002
-0.009980874,0.025400000000000002
-0.009980872,0.025400000000000002
-0.009980870000000001,0.025400000000000002
-0.009980868,0.025400000000000002
-0.009980866,0.025400000000000002
-0.009980864,0.025400000000000002
-0.009980862,0.025400000000000002
-0.00998086,0.025400000000000002
-0.009980858,0.025400000000000002
-0.009980856,0.025400000000000002
-0.009980854,0.025400000000000002
-0.009980852,0.025400000000000002
-0.00998085,0.025400000000000002
-0.009980848,0.025400000000000002
-0.009980846,0.025400000000000002
-0.009980844000000001,0.025400000000000002
-0.009980842,0.025400000000000002
-0.00998084,0.025400000000000002
-0.009980838,0.025400000000000002
-0.009980836,0.025400000000000002
-0.009980834000000001,0.025400000000000002
-0.009980832,0.025400000000000002
-0.00998083,0.025400000000000002
-0.009980828,0.025400000000000002
-0.009980826,0.025400000000000002
-0.009980824000000001,0.025400000000000002
-0.009980822,0.025400000000000002
-0.00998082,0.025400000000000002
-0.009980818,0.025400000000000002
-0.009980816,0.025400000000000002
-0.009980814000000001,0.025400000000000002
-0.009980812,0.025400000000000002
-0.00998081,0.025400000000000002
-0.009980808,0.025400000000000002
-0.009980806,0.025400000000000002
-0.009980804,0.025400000000000002
-0.009980802,0.025400000000000002
-0.0099808,0.025400000000000002
-0.009980798,0.025400000000000002
-0.009980796,0.025400000000000002
-0.009980794,0.025400000000000002
-0.009980792,0.025400000000000002
-0.00998079,0.025400000000000002
-0.009980788,0.025400000000000002
-0.009980786,0.025400000000000002
-0.009980784,0.025400000000000002
-0.009980782,0.025400000000000002
-0.00998078,0.025400000000000002
-0.009980778000000001,0.025400000000000002
-0.009980776,0.025400000000000002
-0.009980774,0.025400000000000002
-0.009980772,0.025400000000000002
-0.00998077,0.025400000000000002
-0.009980768000000001,0.025400000000000002
-0.009980766,0.025400000000000002
-0.009980764,0.025400000000000002
-0.009980762,0.025400000000000002
-0.00998076,0.025400000000000002
-0.009980758000000001,0.025400000000000002
-0.009980756,0.025400000000000002
-0.009980754,0.025400000000000002
-0.009980752,0.025400000000000002
-0.00998075,0.025400000000000002
-0.009980748,0.025400000000000002
-0.009980746,0.025400000000000002
-0.009980744,0.025400000000000002
-0.009980742,0.025400000000000002
-0.00998074,0.025400000000000002
-0.009980738,0.025400000000000002
-0.009980736,0.025400000000000002
-0.009980734,0.025400000000000002
-0.009980732,0.025400000000000002
-0.00998073,0.025400000000000002
-0.009980728,0.025400000000000002
-0.009980726,0.025400000000000002
-0.009980724,0.025400000000000002
-0.009980722000000001,0.025400000000000002
-0.00998072,0.025400000000000002
-0.009980718,0.025400000000000002
-0.009980716,0.025400000000000002
-0.009980714,0.025400000000000002
-0.009980712000000001,0.025400000000000002
-0.00998071,0.025400000000000002
-0.009980708,0.025400000000000002
-0.009980706,0.025400000000000002
-0.009980704,0.025400000000000002
-0.009980702000000001,0.025400000000000002
-0.0099807,0.025400000000000002
-0.009980698,0.025400000000000002
-0.009980696,0.025400000000000002
-0.009980694,0.025400000000000002
-0.009980692,0.025400000000000002
-0.00998069,0.025400000000000002
-0.009980688,0.025400000000000002
-0.009980686,0.025400000000000002
-0.009980684,0.025400000000000002
-0.009980682,0.025400000000000002
-0.00998068,0.025400000000000002
-0.009980678,0.025400000000000002
-0.009980676,0.025400000000000002
-0.009980674,0.025400000000000002
-0.009980672,0.025400000000000002
-0.00998067,0.025400000000000002
-0.009980668,0.025400000000000002
-0.009980666000000001,0.025400000000000002
-0.009980664,0.025400000000000002
-0.009980662,0.025400000000000002
-0.00998066,0.025400000000000002
-0.009980658,0.025400000000000002
-0.009980656000000001,0.025400000000000002
-0.009980654,0.025400000000000002
-0.009980652,0.025400000000000002
-0.00998065,0.025400000000000002
-0.009980648,0.025400000000000002
-0.009980646000000001,0.025400000000000002
-0.009980644,0.025400000000000002
-0.009980642,0.025400000000000002
-0.00998064,0.025400000000000002
-0.009980638,0.025400000000000002
-0.009980636000000001,0.025400000000000002
-0.009980634,0.025400000000000002
-0.009980632,0.025400000000000002
-0.00998063,0.025400000000000002
-0.009980628,0.025400000000000002
-0.009980626,0.025400000000000002
-0.009980624,0.025400000000000002
-0.009980622,0.025400000000000002
-0.00998062,0.025400000000000002
-0.009980618,0.025400000000000002
-0.009980616,0.025400000000000002
-0.009980614,0.025400000000000002
-0.009980612,0.025400000000000002
-0.009980610000000001,0.025400000000000002
-0.009980608,0.025400000000000002
-0.009980606,0.025400000000000002
-0.009980604,0.025400000000000002
-0.009980602,0.025400000000000002
-0.009980600000000001,0.025400000000000002
-0.009980598,0.025400000000000002
-0.009980596,0.025400000000000002
-0.009980594,0.025400000000000002
-0.009980592,0.025400000000000002
-0.009980590000000001,0.025400000000000002
-0.009980588,0.025400000000000002
-0.009980586,0.025400000000000002
-0.009980584,0.025400000000000002
-0.009980582,0.025400000000000002
-0.009980580000000001,0.025400000000000002
-0.009980578,0.025400000000000002
-0.009980576,0.025400000000000002
-0.009980574,0.025400000000000002
-0.009980572,0.025400000000000002
-0.00998057,0.025400000000000002
-0.009980568,0.025400000000000002
-0.009980566,0.025400000000000002
-0.009980564,0.025400000000000002
-0.009980562,0.025400000000000002
-0.00998056,0.025400000000000002
-0.009980558,0.025400000000000002
-0.009980556,0.025400000000000002
-0.009980554,0.025400000000000002
-0.009980552,0.025400000000000002
-0.00998055,0.025400000000000002
-0.009980548,0.025400000000000002
-0.009980546,0.025400000000000002
-0.009980544000000001,0.025400000000000002
-0.009980542,0.025400000000000002
-0.00998054,0.025400000000000002
-0.009980538,0.025400000000000002
-0.009980536,0.025400000000000002
-0.009980534000000001,0.025400000000000002
-0.009980532,0.025400000000000002
-0.00998053,0.025400000000000002
-0.009980528,0.025400000000000002
-0.009980526,0.025400000000000002
-0.009980524000000001,0.025400000000000002
-0.009980522,0.025400000000000002
-0.00998052,0.025400000000000002
-0.009980518,0.025400000000000002
-0.009980516,0.025400000000000002
-0.009980514,0.025400000000000002
-0.009980512,0.025400000000000002
-0.00998051,0.025400000000000002
-0.009980508,0.025400000000000002
-0.009980506,0.025400000000000002
-0.009980504,0.025400000000000002
-0.009980502,0.025400000000000002
-0.0099805,0.025400000000000002
-0.009980498,0.025400000000000002
-0.009980496,0.025400000000000002
-0.009980494,0.025400000000000002
-0.009980492,0.025400000000000002
-0.00998049,0.025400000000000002
-0.009980488000000001,0.025400000000000002
-0.009980486,0.025400000000000002
-0.009980484,0.025400000000000002
-0.009980482,0.025400000000000002
-0.00998048,0.025400000000000002
-0.009980478000000001,0.025400000000000002
-0.009980476,0.025400000000000002
-0.009980474,0.025400000000000002
-0.009980472,0.025400000000000002
-0.00998047,0.025400000000000002
-0.009980468000000001,0.025400000000000002
-0.009980466,0.025400000000000002
-0.009980464,0.025400000000000002
-0.009980462,0.025400000000000002
-0.00998046,0.025400000000000002
-0.009980458,0.025400000000000002
-0.009980456,0.025400000000000002
-0.009980454,0.025400000000000002
-0.009980452,0.025400000000000002
-0.00998045,0.025400000000000002
-0.009980448,0.025400000000000002
-0.009980446,0.025400000000000002
-0.009980444,0.025400000000000002
-0.009980442,0.025400000000000002
-0.00998044,0.025400000000000002
-0.009980438,0.025400000000000002
-0.009980436,0.025400000000000002
-0.009980434,0.025400000000000002
-0.009980432000000001,0.025400000000000002
-0.00998043,0.025400000000000002
-0.009980428,0.025400000000000002
-0.009980426,0.025400000000000002
-0.009980424,0.025400000000000002
-0.009980422000000001,0.025400000000000002
-0.00998042,0.025400000000000002
-0.009980418,0.025400000000000002
-0.009980416,0.025400000000000002
-0.009980414,0.025400000000000002
-0.009980412000000001,0.025400000000000002
-0.00998041,0.025400000000000002
-0.009980408,0.025400000000000002
-0.009980406,0.025400000000000002
-0.009980404,0.025400000000000002
-0.009980402000000001,0.025400000000000002
-0.0099804,0.025400000000000002
-0.009980398,0.025400000000000002
-0.009980396,0.025400000000000002
-0.009980394,0.025400000000000002
-0.009980392,0.025400000000000002
-0.00998039,0.025400000000000002
-0.009980388,0.025400000000000002
-0.009980386,0.025400000000000002
-0.009980384,0.025400000000000002
-0.009980382,0.025400000000000002
-0.00998038,0.025400000000000002
-0.009980378,0.025400000000000002
-0.009980376000000001,0.025400000000000002
-0.009980374,0.025400000000000002
-0.009980372,0.025400000000000002
-0.00998037,0.025400000000000002
-0.009980368,0.025400000000000002
-0.009980366000000001,0.025400000000000002
-0.009980364,0.025400000000000002
-0.009980362,0.025400000000000002
-0.00998036,0.025400000000000002
-0.009980358,0.025400000000000002
-0.009980356000000001,0.025400000000000002
-0.009980354,0.025400000000000002
-0.009980352,0.025400000000000002
-0.00998035,0.025400000000000002
-0.009980348,0.025400000000000002
-0.009980346000000001,0.025400000000000002
-0.009980344,0.025400000000000002
-0.009980342,0.025400000000000002
-0.00998034,0.025400000000000002
-0.009980338,0.025400000000000002
-0.009980336,0.025400000000000002
-0.009980334,0.025400000000000002
-0.009980332,0.025400000000000002
-0.00998033,0.025400000000000002
-0.009980328,0.025400000000000002
-0.009980326,0.025400000000000002
-0.009980324,0.025400000000000002
-0.009980322,0.025400000000000002
-0.00998032,0.025400000000000002
-0.009980318,0.025400000000000002
-0.009980316,0.025400000000000002
-0.009980314,0.025400000000000002
-0.009980312,0.025400000000000002
-0.009980310000000001,0.025400000000000002
-0.009980308,0.025400000000000002
-0.009980306,0.025400000000000002
-0.009980304,0.025400000000000002
-0.009980302,0.025400000000000002
-0.009980300000000001,0.025400000000000002
-0.009980298,0.025400000000000002
-0.009980296,0.025400000000000002
-0.009980294,0.025400000000000002
-0.009980292,0.025400000000000002
-0.009980290000000001,0.025400000000000002
-0.009980288,0.025400000000000002
-0.009980286,0.025400000000000002
-0.009980284,0.025400000000000002
-0.009980282,0.025400000000000002
-0.00998028,0.025400000000000002
-0.009980278,0.025400000000000002
-0.009980276,0.025400000000000002
-0.009980274,0.025400000000000002
-0.009980272,0.025400000000000002
-0.00998027,0.025400000000000002
-0.009980268,0.025400000000000002
-0.009980266,0.025400000000000002
-0.009980264,0.025400000000000002
-0.009980262,0.025400000000000002
-0.00998026,0.025400000000000002
-0.009980258,0.025400000000000002
-0.009980256,0.025400000000000002
-0.009980254000000001,0.025400000000000002
-0.009980252,0.025400000000000002
-0.00998025,0.025400000000000002
-0.009980248,0.025400000000000002
-0.009980246,0.025400000000000002
-0.009980244000000001,0.025400000000000002
-0.009980242,0.025400000000000002
-0.00998024,0.025400000000000002
-0.009980238,0.025400000000000002
-0.009980236,0.025400000000000002
-0.009980234000000001,0.025400000000000002
-0.009980232,0.025400000000000002
-0.00998023,0.025400000000000002
-0.009980228,0.025400000000000002
-0.009980226,0.025400000000000002
-0.009980224,0.025400000000000002
-0.009980222,0.025400000000000002
-0.00998022,0.025400000000000002
-0.009980218,0.025400000000000002
-0.009980216,0.025400000000000002
-0.009980214,0.025400000000000002
-0.009980212,0.025400000000000002
-0.00998021,0.025400000000000002
-0.009980208,0.025400000000000002
-0.009980206,0.025400000000000002
-0.009980204,0.025400000000000002
-0.009980202,0.025400000000000002
-0.0099802,0.025400000000000002
-0.009980198000000001,0.025400000000000002
-0.009980196,0.025400000000000002
-0.009980194,0.025400000000000002
-0.009980192,0.025400000000000002
-0.00998019,0.025400000000000002
-0.009980188000000001,0.025400000000000002
-0.009980186,0.025400000000000002
-0.009980184,0.025400000000000002
-0.009980182,0.025400000000000002
-0.00998018,0.025400000000000002
-0.009980178000000001,0.025400000000000002
-0.009980176,0.025400000000000002
-0.009980174,0.025400000000000002
-0.009980172,0.025400000000000002
-0.00998017,0.025400000000000002
-0.009980168000000001,0.025400000000000002
-0.009980166,0.025400000000000002
-0.009980164,0.025400000000000002
-0.009980162,0.025400000000000002
-0.00998016,0.025400000000000002
-0.009980158,0.025400000000000002
-0.009980156,0.025400000000000002
-0.009980154,0.025400000000000002
-0.009980152,0.025400000000000002
-0.00998015,0.025400000000000002
-0.009980148,0.025400000000000002
-0.009980146,0.025400000000000002
-0.009980144,0.025400000000000002
-0.009980142000000001,0.025400000000000002
-0.00998014,0.025400000000000002
-0.009980138,0.025400000000000002
-0.009980136,0.025400000000000002
-0.009980134,0.025400000000000002
-0.009980132000000001,0.025400000000000002
-0.00998013,0.025400000000000002
-0.009980128,0.025400000000000002
-0.009980126,0.025400000000000002
-0.009980124,0.025400000000000002
-0.009980122000000001,0.025400000000000002
-0.00998012,0.025400000000000002
-0.009980118,0.025400000000000002
-0.009980116,0.025400000000000002
-0.009980114,0.025400000000000002
-0.009980112000000001,0.025400000000000002
-0.00998011,0.025400000000000002
-0.009980108,0.025400000000000002
-0.009980106,0.025400000000000002
-0.009980104,0.025400000000000002
-0.009980102,0.025400000000000002
-0.0099801,0.025400000000000002
-0.009980098,0.025400000000000002
-0.009980096,0.025400000000000002
-0.009980094,0.025400000000000002
-0.009980092,0.025400000000000002
-0.00998009,0.025400000000000002
-0.009980088,0.025400000000000002
-0.009980086,0.025400000000000002
-0.009980084,0.025400000000000002
-0.009980082,0.025400000000000002
-0.00998008,0.025400000000000002
-0.009980078,0.025400000000000002
-0.009980076000000001,0.025400000000000002
-0.009980074,0.025400000000000002
-0.009980072,0.025400000000000002
-0.00998007,0.025400000000000002
-0.009980068,0.025400000000000002
-0.009980066000000001,0.025400000000000002
-0.009980064,0.025400000000000002
-0.009980062,0.025400000000000002
-0.00998006,0.025400000000000002
-0.009980058,0.025400000000000002
-0.009980056000000001,0.025400000000000002
-0.009980054,0.025400000000000002
-0.009980052,0.025400000000000002
-0.00998005,0.025400000000000002
-0.009980048,0.025400000000000002
-0.009980046,0.025400000000000002
-0.009980044,0.025400000000000002
-0.009980042,0.025400000000000002
-0.00998004,0.025400000000000002
-0.009980038,0.025400000000000002
-0.009980036,0.025400000000000002
-0.009980034,0.025400000000000002
-0.009980032,0.025400000000000002
-0.00998003,0.025400000000000002
-0.009980028,0.025400000000000002
-0.009980026,0.025400000000000002
-0.009980024,0.025400000000000002
-0.009980022,0.025400000000000002
-0.009980020000000001,0.025400000000000002
-0.009980018,0.025400000000000002
-0.009980016,0.025400000000000002
-0.009980014,0.025400000000000002
-0.009980012,0.025400000000000002
-0.009980010000000001,0.025400000000000002
-0.009980008,0.025400000000000002
-0.009980006,0.025400000000000002
-0.009980004,0.025400000000000002
-0.009980002,0.025400000000000002
